brand,ball_name,date_approved
3G,Galaxy Black,Oct-13
3G,Galaxy Brown/Orange/Silver,Oct-13
3G,Galaxy Red/Silver Sparkle,Oct-13
3G,Galaxy Silver Sparkle,Oct-13
900 Global,**Boost Christmas (Green/Red/Silver) 12 Lbs. & Under,"January 30, 2018"
900 Global,**The Nuts Black (11M),Jan-12
900 Global,900 Global Black Gold,Jan-12
900 Global,Absolute Truth,"September 5, 2017"
900 Global,After Dark Hybrid,"September 3, 2019"
900 Global,After Dark Pearl,"June 5, 2018"
900 Global,After Dark Pearl Blue/Silver,"April 2, 2019"
900 Global,After Dark Solid,"June 5, 2018"
900 Global,After Dark Teal/Purple,"March 31, 2020"
900 Global,Afterburner Blue/Black,"July 7, 2020"
900 Global,Afterburner Purple/Black,"July 28, 2020"
900 Global,Alibi,"November 4, 2025"
900 Global,All Day,Jun-14
900 Global,All In,Sep-15
900 Global,All Night,Jun-14
900 Global,Altered Reality,"November 2, 2021"
900 Global,Aspect,"July 21, 2020"
900 Global,Auto Gear Matic,"April 1, 2025"
900 Global,Awakening,Jul-08
900 Global,Badger,"February 20, 2018"
900 Global,Badger Infused 70/30,"June 4, 2019"
900 Global,Badger Pink Fury,"February 11, 2020"
900 Global,Badger Red/Black (Bloody),"October 9, 2018"
900 Global,Ballistix,"June 23, 2020"
900 Global,BAM,Aug-07
900 Global,Bank,Jun-10
900 Global,Bank of 900G Pearl,Nov-11
900 Global,Bank Pearl,Jan-11
900 Global,Bank Roll,Jun-11
900 Global,Bank Roll Silver/Red,Dec-11
900 Global,Black Clear Poly,"February 15, 2019"
900 Global,Black Eagle,Jan-12
900 Global,Black Ops,May-15
900 Global,Boo-Yah!,Jun-15
900 Global,Boo-Yah! Pro,"April 7, 2020"
900 Global,Boost Black Solid,"November 1, 2016"
900 Global,Boost Black/Gold,"January 3, 2020"
900 Global,Boost Black/Green,"February 14, 2017"
900 Global,Boost Black/Grey/Silver,"May 23, 2017"
900 Global,Boost Black/Red,Jul-15
900 Global,Boost Black/Silver,"May 17, 2016"
900 Global,Boost Blue/Cream,Jul-15
900 Global,Boost Blue/Black,Jun-14
900 Global,Boost Blue/Purple,"March 24, 2020"
900 Global,Boost Bubble Gum,"February 14, 2017"
900 Global,Boost Cardinal Red,Jun-15
900 Global,Boost Charcoal/Red,"April 9, 2019"
900 Global,Boost Christmas (Green/Red),"November 21, 2017"
900 Global,Boost Emerald/Gold,"April 9, 2019"
900 Global,Boost Emerald/Silver,"April 18, 2017"
900 Global,Boost Neon Green/Silver/Blue,"November 21, 2017"
900 Global,Boost Pink Sparkle,"May 17, 2016"
900 Global,Boost Platinum/Gold,"July 31, 2018"
900 Global,Boost Purple/Cream,Jun-14
900 Global,Boost Purple/Blue,Jul-15
900 Global,Boost Purple/Green,Sep-14
900 Global,Boost Red/Cream,Jul-15
900 Global,Boost Royal/Scarlet/Violet,"May 23, 2017"
900 Global,Boost Silver/Teal,"May 1, 2018"
900 Global,Bounty,Oct-08
900 Global,Bounty Hunter,Jun-09
900 Global,Bounty Hunter Black,Jan-10
900 Global,Bounty Hunter Black/Purple,Feb-10
900 Global,Bounty Hunter Pearl,Oct-09
900 Global,Break Down,Jan-15
900 Global,Break Out,Dec-09
900 Global,Break Pearl,Jan-08
900 Global,Break Point,Feb-09
900 Global,Break Point Pearl,Jun-09
900 Global,Burner Hybrid,"May 3, 2022"
900 Global,Bullet Train,Jan-13
900 Global,Burner Pearl,"June 1, 2021"
900 Global,Burner Solid,"June 1, 2021"
900 Global,Chemical-X,May-15
900 Global,Compass,"December 20, 2016"
900 Global,Continuum,"May 29, 2018"
900 Global,Cove,"July 8, 2025"
900 Global,Covert Ops,"May 16, 2017"
900 Global,Creature,Aug-07
900 Global,Creature Pearl,Feb-08
900 Global,Cruise,"January 14, 2020"
900 Global,Cruise Black Night,"November 15, 2022"
900 Global,Cruise Blackberry,"April 26, 2022"
900 Global,Cruise Control,"June 18, 2024"
900 Global,Cruise Essential,"February 22, 2022"
900 Global,Cruise Fire Red,"July 20, 2021"
900 Global,Cruise GPT,"April 30, 2024"
900 Global,Cruise Gold,"September 6, 2022"
900 Global,Cruise Hybrid,"September 21, 2021"
900 Global,Cruise Pearl,"October 20, 2020"
900 Global,Cruise (PC) Purple/Copper,"June 2, 2026"
900 Global,Cruise Sapphire,"May 16, 2023"
900 Global,Cruise Solid,"January 5, 2021"
900 Global,Cruise Violet,"March 16, 2021"
900 Global,Cruise Wine Pearl,"October 24, 2023"
900 Global,Dark Matter,Sep-15
900 Global,Day Break,Jun-09
900 Global,Desert Hook Copper/Blue,Jun-13
900 Global,Desert Ops,"December 13, 2016"
900 Global,Dirty Look,Oct-12
900 Global,Dream,Jun-14
900 Global,Dream Big,Apr-15
900 Global,Dream Big Pearl,"November 24, 2015"
900 Global,Dream DP,"February 5, 2019"
900 Global,Dream Pro,Jun-15
900 Global,Dream On,Oct-14
900 Global,Dream Shift,"March 8, 2022"
900 Global,Dream Shift 77,"November 15, 2022"
900 Global,Dream Tour,Sep-14
900 Global,Drift,"May 17, 2016"
900 Global,Duty,"August 9, 2022"
900 Global,Duty Majesty,"November 5, 2024"
900 Global,Duty Pearl,"July 25, 2023"
900 Global,Duty Solid,"December 12, 2023"
900 Global,DVA Open,Aug-07
900 Global,Earth Ball,Aug-07
900 Global,Ember,"July 8, 2025"
900 Global,Eon,"May 29, 2018"
900 Global,Eon Infinite,"December 18, 2018"
900 Global,Equilibrium,"December 17, 2019"
900 Global,Eternity,"January 10, 2023"
900 Global,Eternity Fusion,"August 6, 2024"
900 Global,Eternity Π (Pi),"August 15, 2023"
900 Global,Eternity Pearl,"September 5, 2023"
900 Global,Extreme Reality,"April 11, 2023"
900 Global,Favorite,May-10
900 Global,Flux,"June 4, 2019"
900 Global,Flux Hybrid,"January 7, 2020"
900 Global,Flux Pearl,"February 11, 2020"
900 Global,Flux Red Solid,"March 24, 2020"
900 Global,Freight Train,Jun-12
900 Global,Gear,"January 31, 2016"
900 Global,Gear 300,"May 26, 2020"
900 Global,Gear 300 Formula,"April 16, 2024"
900 Global,Gear 300 Hybrid,"February 8, 2022"
900 Global,Gear Mark,"April 7, 2026"
900 Global,Gear 300 Premiere,"October 19, 2021"
900 Global,Gear 300 SE,"March 23, 2021"
900 Global,Gear 300 Signature,"March 23, 2021"
900 Global,Gear 300 Superior,"April 5, 2022"
900 Global,Gear 300 Triple,"July 5, 2022"
900 Global,Gear 360,"November 1, 2016"
900 Global,Gear 7,"October 16, 2018"
900 Global,Gear Edge,"April 30, 2019"
900 Global,Gear Goliath,"December 10, 2019"
900 Global,Gear High End,"November 17, 2020"
900 Global,Gear M,"August 8, 2017"
900 Global,Gear S,"August 2, 2016"
900 Global,Gear Sapphire,"September 8, 2020"
900 Global,Gear Special,"December 10, 2019"
900 Global,Gear SS,"March 20, 2018"
900 Global,Gear SSS,"December 15, 2020"
900 Global,Global Onyx Clear,"June 18, 2024"
900 Global,Grip/It,Jun-13
900 Global,Hard Drive,Jun-13
900 Global,Harsh Reality,"January 2, 2024"
900 Global,Harsh Reality Pearl,"June 4, 2024"
900 Global,HB (Honey Badger),"May 16, 2017"
900 Global,HB (Honey Badger) Amethyst,"March 23, 2021"
900 Global,HB (Honey Badger) BE (Black Edition),"July 1, 2025"
900 Global,HB (Honey Badger) Black Pearl,"October 9, 2018"
900 Global,HB (Honey Badger) Black/Grey/Silver,"January 9, 2018"
900 Global,HB (Honey Badger) Blameless,"December 3, 2024"
900 Global,HB (Honey Badger) Burgundy Urethane,"April 23, 2019"
900 Global,HB (Honey Badger) Claw,"October 9, 2018"
900 Global,HB (Honey Badger) Claw Pink Poly,"March 9, 2021"
900 Global,HB (Honey Badger) Claw Yellow Poly,"June 1, 2021"
900 Global,HB (Honey Badger) Dark Out,"July 7, 2026"
900 Global,HB (Honey Badger) EX-2,"January 18, 2022"
900 Global,HB (Honey Badger) Extreme 2022,"December 14, 2021"
900 Global,HB (Honey Badger) Extreme 2024,"September 19, 2023"
900 Global,HB (Honey Badger) Extreme Blow,"May 3, 2022"
900 Global,HB (Honey Badger) Extreme Hybrid,"September 21, 2021"
900 Global,HB (Honey Badger) Extreme Pearl,"November 19, 2019"
900 Global,HB (Honey Badger) Extreme Pearl Blue/Fuchsia/Black,"October 20, 2020"
900 Global,HB (Honey Badger) Extreme Pearl Platinum/Violet/Pink,"September 8, 2020"
900 Global,HB (Honey Badger) Extreme Solid,"November 5, 2019"
900 Global,HB (Honey Badger) Extreme Tour Edition,"June 20, 2023"
900 Global,HB (Honey Badger) Green Pearl,"January 7, 2020"
900 Global,HB (Honey Badger) Hot Pink,"April 23, 2019"
900 Global,HB (Honey Badger) Intensity,"February 23, 2021"
900 Global,HB (Honey Badger) Lafleur Pro Shop,"February 26, 2019"
900 Global,HB (Honey Badger) Ocean Pearl,"September 5, 2023"
900 Global,HB (Honey Badger) Purple Urethane,"March 19, 2019"
900 Global,HB (Honey Badger) Purple/Copper,"August 14, 2018"
900 Global,HB (Honey Badger) Red/Orange,"June 19, 2018"
900 Global,HB (Honey Badger) Renewal,"July 23, 2024"
900 Global,HB (Honey Badger) Revival,"July 21, 2020"
900 Global,HB (Honey Badger) Ruddy,"October 1, 2024"
900 Global,HB (Honey Badger) Teal,"March 6, 2018"
900 Global,HB (Honey Badger) Trial,"December 22, 2020"
900 Global,HB (Honey Badger) Urethane,"December 11, 2018"
900 Global,HB (Honey Badger) Wild,"November 1, 2022"
900 Global,HB (Honey Badger) Wine Pearl,"April 7, 2026"
900 Global,HB (Honey Badger)Yellow Poly,"September 8, 2020"
900 Global,Head Hunter,Jul-09
900 Global,Honey Badger Black U78,"December 16, 2025"
900 Global,Honey Badger DP,"February 26, 2019"
900 Global,Honey Badger II Urethane,"December 2, 2025"
900 Global,Hook Black/Green,Feb-13
900 Global,Hook Dark Black/Silver,May-12
900 Global,Hook Dark Blue/Light Blue,Feb-11
900 Global,Hook Blue/Yellow,May-12
900 Global,Hook Monster,Mar-12
900 Global,Hook Pink/Black,Oct-11
900 Global,Hook Purple/Orange Pearl,Feb-11
900 Global,Hook Red/Yellow Solid,Feb-11
900 Global,Hook Rose/White,Sep-11
900 Global,Huge Respect,"May 3, 2016"
900 Global,Inception,"May 17, 2016"
900 Global,Inception BP,"June 13, 2017"
900 Global,Inception DCT,"May 23, 2017"
900 Global,Inception DCT Pearl,"December 12, 2017"
900 Global,Inception Master,"May 21, 2019"
900 Global,Inception Pearl,"November 1, 2016"
900 Global,Inception Platinum,"December 4, 2018"
900 Global,Inception RP,"March 21, 2017"
900 Global,Inception Redux,"February 28, 2017"
900 Global,Inception S,"October 3, 2017"
900 Global,Infrared,"November 1, 2016"
900 Global,Integral Break Black,Nov-10
900 Global,Integral Break Rose/Orange,Nov-10
900 Global,Integral Break Rose/Silver,Nov-10
900 Global,Iron,"May 23, 2017"
900 Global,Iron 7,"October 2, 2018"
900 Global,Iron Boss,"April 30, 2019"
900 Global,Iron Burgundy,"October 31, 2018"
900 Global,Iron Mystic,"May 28, 2019"
900 Global,Iron Pearl,"September 12, 2017"
900 Global,Iron S,"November 14, 2017"
900 Global,Iron SS,"September 8, 2020"
900 Global,Iron Shield,"December 10, 2019"
900 Global,Iron Still,"June 9, 2020"
900 Global,Jewel,Jun-11
900 Global,Jewel Purple/Pink,Jun-12
900 Global,Link,Jul-08
900 Global,Link Black/Red,Feb-09
900 Global,Link Purple/Blue Pearl,Dec-08
900 Global,Link Rose/White,Feb-09
900 Global,Long Iron,"March 20, 2018"
900 Global,Longshot,Jul-10
900 Global,Lumen,"November 4, 2025"
900 Global,Lunatic,Jun-09
900 Global,Mach Cruise,"July 1, 2025"
900 Global,Mach One Blackberry Pearl,Sep-10
900 Global,Mach One Rose/Purple Pearl,Sep-10
900 Global,Maniac,Oct-08
900 Global,Mark Roth Ball,Jan-10
900 Global,Massive Cruise,"May 10, 2022"
900 Global,Metal Gear,"January 3, 2017"
900 Global,Missing Link Black/Red,Jul-10
900 Global,Missing Link Blackberry/Silver,Jul-10
900 Global,Missing Link Blue/White,Jul-10
900 Global,Missing Link Purple/Blue Pearl,Jul-10
900 Global,Money Badger,"September 3, 2019"
900 Global,Money Badger Tour,"September 3, 2019"
900 Global,Moxie,Jun-14
900 Global,Network,Jan-14
900 Global,Ordnance,"June 4, 2019"
900 Global,Ordnance C4,"October 13, 2020"
900 Global,Ordnance Pearl,"June 4, 2019"
900 Global,Origin,"October 8, 2024"
900 Global,Origin Black Pearl,"April 7, 2026"
900 Global,Origin EX,"March 4, 2025"
900 Global,Orlando Gear,"March 21, 2017"
900 Global,Perfect Reality,"May 19, 2026"
900 Global,Phantom Cruise,"December 2, 2025"
900 Global,Pow (All Colors),Jul-14
900 Global,Power Slam,Jun-09
900 Global,Prison Break,Jun-08
900 Global,Pro Moxie,Sep-14
900 Global,Pro Respect,"November 30, 2015"
900 Global,Profit,Feb-10
900 Global,Profit Green/Silver,Sep-10
900 Global,Protocol,Jun-13
900 Global,Pure DP,"February 26, 2019"
900 Global,Pure Hook S77 Pearl,Feb-13
900 Global,Raw Profit,Nov-10
900 Global,Reality,"December 15, 2020"
900 Global,Reality Check,"June 21, 2022"
900 Global,Reality Crumble,"July 5, 2022"
900 Global,Reality Dark Night,"October 19, 2021"
900 Global,Reality GPT,"December 5, 2023"
900 Global,Reality Incursion,"September 2, 2025"
900 Global,Reality Solid,"May 3, 2022"
900 Global,Reality Upturn,"June 27, 2023"
900 Global,Reality X12,"December 7, 2021"
900 Global,Remaster HB (Honey Badger),"October 7, 2025"
900 Global,Respect,Jan-15
900 Global,Respect Pearl,Apr-15
900 Global,Respect Solid,"November 24, 2015"
900 Global,Rev Matrix,"January 7, 2025"
900 Global,Rev Matrix II,"November 25, 2025"
900 Global,Rip It,Mar-13
900 Global,Shadow Ops,"December 12, 2017"
900 Global,Slam,May-08
900 Global,Soccer Ball,Jun-10
900 Global,Space Time Continuum,"December 18, 2018"
900 Global,Special Ops,"May 17, 2016"
900 Global,Sublime,"November 7, 2023"
900 Global,Sublime Focus,"June 18, 2024"
900 Global,Sure Thing,Jun-12
900 Global,Tactical Ops,"May 29, 2018"
900 Global,The Award Ball,May-08
900 Global,The Break,Jun-07
900 Global,The Break S75,May-08
900 Global,The Break S75 Blue Jay,Apr-09
900 Global,The Eagle,Feb-11
900 Global,The Eagle Pearl Black,Oct-13
900 Global,The Eagle Red/Blue,May-11
900 Global,The Eagle USA,"April 28, 2020"
900 Global,The Hack,May-09
900 Global,The Hack Infect Black,Feb-10
900 Global,The Hack Infect Green,Dec-09
900 Global,The Hack Infect Purple,Jan-10
900 Global,The Look,Jun-12
900 Global,The Nuts,Jun-11
900 Global,The Nuts Pearl,Oct-11
900 Global,Total Gear,"May 29, 2018"
900 Global,Total Reality,"June 8, 2021"
900 Global,Total Respect,Mar-15
900 Global,Tough Reality,"July 25, 2023"
900 Global,Train,Dec-11
900 Global,Truth,"May 17, 2016"
900 Global,Truth Pearl,"December 13, 2016"
900 Global,Truth Tour,"February 20, 2018"
900 Global,Vengeance,"December 2, 2025"
900 Global,Vengeance Returns,"June 2, 2026"
900 Global,Versus,Oct-12
900 Global,Viking,"October 14, 2025"
900 Global,Viking Conquest,"January 20, 2026"
900 Global,Vintage,"January 11, 2022"
900 Global,Vintage Dark Fuchsia,"March 22, 2022"
900 Global,Vintage Gem,"September 2, 2025"
900 Global,Vintage Obsidian,"June 7, 2022"
900 Global,Vixen,Jun-13
900 Global,Volatility,"December 17, 2019"
900 Global,Volatility Rage,"January 5, 2021"
900 Global,Volatility Torque,"July 21, 2020"
900 Global,Volt,"June 4, 2019"
900 Global,Volt Solid,"February 11, 2020"
900 Global,War Eagle,Feb-13
900 Global,White Hot Bager,"December 21, 2018"
900 Global,Wisdom,Jun-11
900 Global,Wisdom Red/Silver Pearl,Jun-12
900 Global,Wolverine,"November 2, 2021"
900 Global,Wolverine Dark Moss,"March 22, 2022"
900 Global,Wolverine Mutant,"December 21, 2021"
900 Global,Wolverine Steel,"July 5, 2022"
900 Global,Wolverine Strike,"May 10, 2022"
900 Global,Wolverine Vanta Black,"July 18, 2023"
900 Global,Wolverine Wrath,"April 2, 2024"
900 Global,X,"February 23, 2016"
900 Global,X²,"September 5, 2017"
900 Global,Xponent,"June 20, 2023"
900 Global,Xponent Pearl,"November 7, 2023"
900 Global,Zen,"October 20, 2020"
900 Global,Zen 25,"December 3, 2024"
900 Global,Zen Asura,"May 3, 2022"
900 Global,Zen Gold Label,"June 20, 2023"
900 Global,Zen GPT,"December 5, 2023"
900 Global,Zen Karma,"December 21, 2021"
900 Global,Zen Master,"June 1, 2021"
900 Global,Zen Mode,"June 6, 2023"
900 Global,Zen Mudra,"July 5, 2022"
900 Global,Zen Onyx,"November 1, 2022"
900 Global,Zen Re-Loaded,"March 12, 2024"
900 Global,Zen Sage,"November 28, 2023"
900 Global,Zen Solar,"July 18, 2023"
900 Global,Zen Soul,"January 18, 2022"
900 Global,Zen Spirit,"January 25, 2022"
900 Global,Zen-U,"October 11, 2022"
A-Bowl,Skid,Feb-10
ABS,50th Anniversary Blue,Sep-14
ABS,50th Anniversary Pink,Sep-14
ABS,50th Anniversary White,Sep-14
ABS,50th B.P.A.K. Fuchsia,Dec-14
ABS,50th B.P.A.K. Sky Blue,Dec-14
ABS,ABS 60th Anniversary,"July 16, 2024"
ABS,ABS 60th Anniversary (Tricolor),"December 3, 2024"
ABS,ABS Polyester/Plastic,May-06
ABS,ABSolute Bend,Dec-09
ABS,ABSolution,Feb-06
ABS,ABSolution AU,Aug-09
ABS,ABSolution Accel,"June 13, 2017"
ABS,ABSolution All Mighty,Nov-13
ABS,ABSolution Bash,Feb-07
ABS,ABSolution Beam,"June 26, 2018"
ABS,ABSolution Beam Plus,"June 18, 2019"
ABS,ABSolution Bolt,Oct-11
ABS,ABSolution Bullet,Nov-14
ABS,ABSolution Dash,"April 4, 2023"
ABS,ABSolution Dynamite,Jun-14
ABS,ABSolution ∞ Eight,"May 3, 2022"
ABS,ABSolution Excel,Feb-08
ABS,ABSolution Express,May-07
ABS,ABSolution Flex,"October 9, 2015"
ABS,ABSolution Hayabusa,Sep-10
ABS,ABSolution Jet,Sep-08
ABS,Absolution Laser,Sep-12
ABS,ABSolution Mach,Feb-09
ABS,ABSolution Platinum,"November 15, 2016"
ABS,ABSolution Rapid,Jun-06
ABS,ABSolution Russet,Jul-15
ABS,ABSolution Speed,"February 15, 2016"
ABS,Arch Rival Gold,"February 27, 2018"
ABS,Attack on Titan in Hita LEVI,"January 24, 2023"
ABS,Attack on Titan in Hita TITAN,"January 24, 2023"
ABS,Balloon,Jun-00
ABS,BARBAPAPA (All Colors),"May 12, 2026"
ABS,Basketball,May-08
ABS,Beach Ball,Oct-03
ABS,Behati,"April 13, 2021"
ABS,Billiard,Nov-02
ABS,Bowlers Street,Oct-13
ABS,Crystal,Jan-09
ABS,DHC,Jan-09
ABS,Dragonball Z Black,"August 24, 2021"
ABS,Dragonball Z Yellow,"August 24, 2021"
ABS,Earth,Aug-01
ABS,EBI-NYA,"December 28, 2015"
ABS,Fanatic Yellow/Blue Stripes,Jun-12
ABS,Fanatic Yellow/Red Stripes,Jun-12
ABS,Fortune Andromeda,"April 23, 2019"
ABS,Fortune Cygnus,"April 23, 2019"
ABS,Fortune Dragon,"April 23, 2019"
ABS,Fortune Pegasus,"April 23, 2019"
ABS,Funassyi,"June 15, 2016"
ABS,Galaxy Jupiter (Orange Pin),"May 17, 2016"
ABS,Galaxy Mars,"May 17, 2016"
ABS,Galaxy Mercury (Orange Pin),"May 17, 2016"
ABS,Galaxy Neptune,"May 16, 2017"
ABS,Galaxy Venus,"May 17, 2016"
ABS,Giants (Clear),Jul-03
ABS,Giants (Solid),Jun-03
ABS,Giants (Stripe),Jul-03
ABS,Godzilla Minus One,"January 21, 2025"
ABS,Golf,Oct-02
ABS,Gyration 2.47,Nov-98
ABS,Gyration 2.50,Nov-98
ABS,Gyration 2.55,Nov-98
ABS,Gyration HRG,Jan-11
ABS,Gyration II HRG,"February 25, 2019"
ABS,Gyration II LRG (Black/Purple/Gold),"April 25, 2019"
ABS,Gyration II MRG,"February 25, 2019"
ABS,Gyration Jaeger LRG,Dec-00
ABS,Gyration Jaeger MRG,Dec-00
ABS,Gyration LRG,Jan-11
ABS,Gyration MRG,Jan-11
ABS,Heki Channel,"December 9, 2025"
ABS,Japan Pride Mt. Fuji,Mar-15
ABS,Japan Pride Miyabi,Mar-15
ABS,Japan Pride Sakura,Mar-15
ABS,Japan Pride Shogun,Mar-15
ABS,Jubilee,Jul-13
ABS,Kana Pins Black,"December 23, 2019"
ABS,Kana Pins Red,"December 23, 2019"
ABS,Kegel,Dec-07
ABS,Kumamon,"December 25, 2016"
ABS,Kuwata Cup 2019,"August 6, 2019"
ABS,Kuwata Cup 2020 → 2021,"May 3, 2022"
ABS,La Vie (All Colors),Jul-13
ABS,Lane Navi EX,Feb-04
ABS,Lane Star,Jul-03
ABS,Laser Hard (All Colors),"May 24, 2022"
ABS,Moonlight,Apr-04
ABS,Moonlight 2,Jan-07
ABS,Moonlight 3,Jul-08
ABS,Nanodesu,Jan-03
ABS,Nanodesu 1500,Mar-03
ABS,Nanodesu Accu-Core,Mar-08
ABS,Nanodesu Accu-Drive,"February 7, 2023"
ABS,Nanodesu Accu-Drive II,"June 6, 2023"
ABS,Nanodesu Accu-Drive III,"October 2, 2023"
ABS,Nanodesu Accu-Drive IV,"June 4, 2024"
ABS,Nanodesu Accu-Drive V,"April 1, 2025"
ABS,Nanodesu Accu-Drive VI,"September 30, 2025"
ABS,Nanodesu Accu-Drive VII,"June 30, 2026"
ABS,Nanodesu Accu-Line,Oct-06
ABS,Nanodesu Accu-Line II,Mar-07
ABS,Nanodesu Accu-Line III,Sep-07
ABS,Nanodesu Accu-Line IX,Nov-10
ABS,Nanodesu Accu-Line IX LTD,Jun-13
ABS,Nanodesu Accu-Line Limited,Jun-12
ABS,Nanodesu Accu-Line Limited 2013,Feb-13
ABS,Nanodesu Accu-Line Premium,Mar-11
ABS,Nanodesu Accu-Line Premium 2015,"November 10, 2015"
ABS,Nanodesu Accu-Line Premium 2017,"December 13, 2016"
ABS,Nanodesu Accu-Line Premium LTD,Oct-13
ABS,Nanodesu Accu-Line Premium Special,Oct-14
ABS,Nanodesu Accu-Line Tour Premium,"September 19, 2017"
ABS,Nanodesu Accu-Line Tour Premium U,"December 2, 2022"
ABS,Nanodesu Accu-Line Tour Premium U (78) Pearl,"April 29, 2025"
ABS,Nanodesu Accu-Line Tour Premium U (78) Solid,"April 29, 2025"
ABS,Nanodesu Accu-Line Tour Premium U Pearl,"September 5, 2023"
ABS,Nanodesu Accu-Line Tour Premium II,"October 16, 2018"
ABS,Nanodesu Accu-Line Tour Premium III,"October 1, 2019"
ABS,Nanodesu Accu-Line Tour Premium IV,"November 3, 2020"
ABS,Nanodesu Accu-Line Tour Premium V,"November 9, 2021"
ABS,Nanodesu Accu-Line Tour Premium VI,"October 4, 2022"
ABS,Nanodesu Accu-Line Tour Premium VII,"October 31, 2023"
ABS,Nanodesu Accu-Line Tour Premium VIII,"September 10, 2024"
ABS,Nanodesu Accu-Line Tour Premium IX,"March 3, 2026"
ABS,Nanodesu Accu-Line Tour Premium Intel,"May 2, 2023"
ABS,Nanodesu Accu-Line Tour Premium Intel II,"July 1, 2025"
ABS,Nanodesu Accu-Line VI,May-09
ABS,Nanodesu Accu-Line VII,Oct-09
ABS,Nanodesu Accu-Line VIII,Feb-10
ABS,Nanodesu Accu-Line 8 Plus,Jun-10
ABS,Nanodesu Accu-Line X,Apr-11
ABS,Nanodesu Accu-Rise,"December 19, 2017"
ABS,Nanodesu Accu-Rise II,"May 8, 2018"
ABS,Nanodesu Accu-Rise III,"August 7, 2018"
ABS,Nanodesu Accu-Rise IV,"January 8, 2019"
ABS,Nanodesu Accu-Rise V,"July 9, 2019"
ABS,Nanodesu Accu-Rise VI,"February 4, 2020"
ABS,Nanodesu Accu-Rise VII,"July 7, 2020"
ABS,Nanodesu Accu-Rise VIII,"May 4, 2021"
ABS,Nanodesu Accu-Rise IX,"January 4, 2022"
ABS,Nanodesu Accu-Rise X,"July 5, 2022"
ABS,Nanodesu Accu-Road,"April 3, 2018"
ABS,Nanodesu Accu-Road II,"March 19, 2019"
ABS,Nanodesu Accu-Road III,"April 7, 2020"
ABS,Nanodesu Accu-Roll,Apr-15
ABS,Nanodesu Accu-Roll II,Aug-15
ABS,Nanodesu Accu-Roll III,"December 15, 2015"
ABS,Nanodesu Accu-Roll IV,"April 26, 2016"
ABS,Nanodesu Accu-Roll V,"September 13, 2016"
ABS,Nanodesu Accu-Roll VI,"February 14, 2017"
ABS,Nanodesu Accu-Roll VII,"July 11, 2017"
ABS,Nanodesu Accu-Shot,Nov-08
ABS,Nanodesu Accu-Spare (All Colors),"February 13, 2018"
ABS,Nanodesu Accu-Swing,Jul-11
ABS,Nanodesu Accu-Swing II,Nov-11
ABS,Nanodesu Accu-Swing III,Mar-12
ABS,Nanodesu Accu-Swing IV,Aug-12
ABS,Nanodesu Accu-Swing V,Dec-12
ABS,Nanodesu Accu-Swing VI,Apr-13
ABS,Nanodesu Accu-Swing VII,Sep-13
ABS,Nanodesu Accu-Swing VIII,Apr-14
ABS,Nanodesu Accu-Swing IX,Aug-14
ABS,Nanodesu Accu-Swing X,Dec-14
ABS,Nanodesu Accu-Swing Gold,Jan-14
ABS,Nanodesu Blue,Jun-04
ABS,Nanodesu ꝏ Eight,"March 31, 2020"
ABS,Nanodesu ꝏ Eight Black,"January 5, 2021"
ABS,Nanodesu Grasp,"September 3, 2019"
ABS,Nanodesu Grasp II,"August 25, 2020"
ABS,Nanodesu Grasp III,"June 15, 2021"
ABS,Nanodesu Grasp Tour Edition,"March 1, 2022"
ABS,Nanodesu Max Grasp,"April 2, 2024"
ABS,Nanodesu Nine,"September 7, 2021"
ABS,Nanodesu Nine Blue,"July 5, 2022"
ABS,Nanodesu Noble,Oct-05
ABS,Nanodesu Premium,Sep-06
ABS,Nanodesu Royal,Apr-06
ABS,Nanodesu Scarlet,Jul-05
ABS,Nanodesu Super Grasp,"December 2, 2022"
ABS,Nanodesu Superior,"June 14, 2016"
ABS,Nanodesu Superior '17,"April 18, 2017"
ABS,Nanodesu V,May-04
ABS,Nanodesu V3,Oct-04
ABS,Nanodesu X,Jun-03
ABS,Nanodesu Z,Nov-03
ABS,Nebaarukun,"July 15, 2017"
ABS,Nebaarukun Black,"August 6, 2019"
ABS,Nebaarukun White,"August 6, 2019"
ABS,One Piece,"July 20, 2018"
ABS,Pachinko,Sep-11
ABS,Peanuts Black,"August 4, 2020"
ABS,Peanuts Blue,"August 4, 2020"
ABS,Peanuts Brown (Charlie Brown),"November 15, 2022"
ABS,Peanuts Orange (Woodstock),"November 15, 2022"
ABS,Peanuts Red,"August 4, 2020"
ABS,Peanuts Royal Blue (Joe Cool),"November 15, 2022"
ABS,Peanuts White (Snoopy),"November 15, 2022"
ABS,Peanuts Yellow,"August 4, 2020"
ABS,Pin Navi,Apr-06
ABS,Pin Navi 2,May-09
ABS,Pin Striker,Oct-03
ABS,Pin Sweeper,May-03
ABS,Plusmu,Aug-15
ABS,PRO-am Air Raider,Jun-13
ABS,PRO-am Attack Raider,Nov-13
ABS,PRO-am Aqua Raider,Jul-14
ABS,PRO-am Blue Ranger,"March 21, 2017"
ABS,PRO-am Commander Alpha,Jan-14
ABS,PRO-am Commander Beta,May-14
ABS,PRO-am Commander Chief,"March 29, 2016"
ABS,PRO-am Commander Gamma,Dec-14
ABS,PRO-am Conquest,"June 13, 2017"
ABS,PRO-am Dark Heritage,"November 22, 2022"
ABS,PRO-am Defender,Feb-15
ABS,PRO-am Defender 2,Jun-15
ABS,PRO-am Elite Performer,"March 4, 2025"
ABS,PRO-am Elite Performer Hybrid,"August 5, 2025"
ABS,PRO-am Flex Zone,"April 1, 2025"
ABS,PRO-am Flex Zone Solid,"August 26, 2025"
ABS,PRO-am Gold,Jun-00
ABS,PRO-am Hard,Jul-03
ABS,PRO-am Heritage,"June 28, 2022"
ABS,PRO-am Invader Black,Jan-13
ABS,PRO-am Invader Blue,Mar-13
ABS,PRO-am Invader Encore,"February 5, 2019"
ABS,PRO-am Invader Green,Oct-13
ABS,PRO-am Invader Gold,Jun-14
ABS,PRO-am Invader (Multi),Aug-12
ABS,PRO-am Invader Neo,"September 13, 2016"
ABS,PRO-am Invader Orange,Feb-14
ABS,PRO-am Invader Phoenix,"January 21, 2020"
ABS,PRO-am Invader Purple,May-13
ABS,PRO-am Land Raider,Mar-15
ABS,PRO-am Last Invader,"July 10, 2018"
ABS,PRO-am Limited Invader,Apr-15
ABS,PRO-am Majority,"September 15, 2020"
ABS,PRO-am Majority Ace,"July 9, 2024"
ABS,PRO-am Majority Black,"March 30, 2021"
ABS,PRO-am Majority Blue,"April 5, 2022"
ABS,PRO-am Majority Power,"March 14, 2023"
ABS,PRO-am Majority Purple,"August 23, 2022"
ABS,PRO-am Prime,"August 24, 2021"
ABS,PRO-am Prime Time,"March 15, 2022"
ABS,PRO-am Prime Time NXT,"November 22, 2022"
ABS,PRO-am Prime Time S,"May 2, 2023"
ABS,PRO-am Purple Ranger,"June 12, 2018"
ABS,PRO-am Race P 1000,"October 31, 2018"
ABS,PRO-am Raider,Mar-13
ABS,PRO-am Ranger,"May 24, 2016"
ABS,PRO-am Red Ranger,"October 3, 2017"
ABS,PRO-am Speed Striker,"April 1, 2025"
ABS,PRO-am Speed Striker Hybrid,"July 28, 2026"
ABS,PRO-am Speed Striker Pearl,"July 29, 2025"
ABS,PRO-am Super Majority,"September 26, 2023"
ABS,PRO-am Super Volante,"April 7, 2020"
ABS,PRO-am The Emperor,"December 10, 2019"
ABS,PRO-am The Emperor Gold,"February 11, 2020"
ABS,PRO-am The Emperor (Limited),"August 9, 2022"
ABS,PRO-am Volante,"June 4, 2019"
ABS,Pure Line Nanodesu,Jun-11
ABS,Pure Line II,Feb-12
ABS,Pure Line III,Jan-13
ABS,Pure Rise Nanodesu,"February 19, 2019"
ABS,Pure Rise 74D Nanodesu,"February 23, 2021"
ABS,Pure Rise 74D Nanodesu ∞ Eight,"April 5, 2022"
ABS,Pure Rise 74D Nanodesu ∞ Eight Pearl,"June 7, 2022"
ABS,Pure Roll Nanodesu,"March 14, 2017"
ABS,Pure Swing Nanodesu,Mar-14
ABS,Pure Swing 2 Nanodesu,Jan-15
ABS,Redline,Nov-10
ABS,Sakura,Dec-09
ABS,Shomotan,Dec-14
ABS,Soccer Ball,Jul-00
ABS,Sparkle,Apr-04
ABS,Sparkle 2,Jan-07
ABS,Sparkle 3,Feb-09
ABS,Spinner,May-06
ABS,Star Light,Apr-06
ABS,Stardust,Jun-00
ABS,Sure Line,Dec-08
ABS,Sure Line Hard,Jul-13
ABS,Tako Pound,"September 28, 2021"
ABS,Team Urara,"October 20, 2015"
ABS,Tigers (Clear),Jul-03
ABS,Tigers (Solid),Jul-03
ABS,Tigers (Stripe),Jul-03
ABS,Tricolor,Nov-'02
ABS,Turkey,"July 22, 2025"
ABS,Ultra Bend Aggressive Carbide G,Oct-'02
ABS,Ultra Bend Classic,March-'04
ABS,Ultra Bend LV 1.0,"March 7, 2023"
ABS,Ultra Bend LV 2.0,"March 7, 2023"
ABS,Ultra Bend LV 3.0,"July 27, 2021"
ABS,Ultra Bend LV 4.0,"October 1, 2024"
ABS,Ultra Bend LV 5.0,"July 27, 2021"
ABS,Ultra Bend LV 6.0,"October 1, 2024"
ABS,Ultra Bend LV 7.0,"July 27, 2021"
ABS,Ultra Break 55+,Mar-'01
ABS,Ultra Break Carbide X3.G,June-'02
ABS,Ultra Break X4,Mar-'01
ABS,Universal Urethane,Oct-'02
ABS,Voyager,Jun'00
ABS,Wasabi,Dec-'08
ABS,Wasabi II,Jun-09
ABS,Whirl,Nov-'02
ABS,Zebra,Nov-'02
ACE Bowling Champion,Cruise,Feb-11
ACE Bowling Champion,Deep Impact,Mar-10
ACE Bowling Champion,Innovation,Jan-10
ACE Bowling Champion,Innovation II,Aug-10
Aloha,App Ball,Jul-11
Aloha,Basketball,Sep-13
Aloha,Black Dice,May-09
Aloha,Breeze,Mar-10
Aloha,Breeze Green/Yellow Pearl,Jul-14
Aloha,German Team,Sep-13
Aloha,Kong,"July 31, 2018"
Aloha,Kong Black Pearl,"November 19, 2019"
Aloha,Kong Blue/Yellow,"November 6, 2018"
Aloha,Ocean,Mar-10
Aloha,Pacman,Apr-09
Aloha,Profi Shop,Jun-12
Aloha,Rotation,Jul-11
Aloha,Rotation Star,Jun-12
Aloha,Schaeffler,Feb-12
Aloha,Skull Pink,Aug-13
Aloha,Skull White,Aug-13
Aloha,Speed F1 Ball,Sep-13
Aloha,Startup,May-12
Aloha,Target,May-12
Aloha,Union Jack,May-12
Aloha,Voodoo Ball,Jul-11
Aloha,White Dice,Jul-11
Aloha,Zero,Aug-13
AMF,**Ninja Fury Black 11 Med,Feb-10
AMF,**Ninja Fury Black/Blue 11 Med,Feb-10
AMF,**Ninja Fury Spin,Apr-09
AMF,**Ninja Master EX,Apr-09
AMF,**Terminal Velocity Black,Jan-'06
AMF,**Terminal Velocity II,May-'06
AMF,Adelaide Crows Polyester,May-09
AMF,Amforce I,Sep-97
AMF,Amforce II,Sep-97
AMF,Amforce III,Sep-97
AMF,Amforce IV,Sep-97
AMF,Angle - Red/Blue,Oct-07
AMF,Angle - Red/Silver Pearl,Oct-07
AMF,Angle Evolution,Jun'00
AMF,Angle Evolution Reactive,Oct-'00
AMF,Angle Evolution Tour,Sep-'00
AMF,Angle Evolution Tour 2,Mar-'01
AMF,Angle Extra,Dec-'00
AMF,Angle Extra Tour,Mar-'01
AMF,Ben 10,Jul-11
AMF,Black Angle,Oct-07
AMF,Black Mamba,Feb-12
AMF,Boogie,Feb-91
AMF,Boogie 2000,Oct-'00
AMF,Brisbane Lions Polyester,May-09
AMF,Bull Whip,Feb-97
AMF,Bull Whip Special Edition,Jun-12
AMF,Burn Green/Black,Mar-11
AMF,C. F. C. Polyester,May-09
AMF,Changeling,June-'04
AMF,Clutch,Jul-09
AMF,Clutch Pearl,Jan-10
AMF,Cobra,Jul-89
AMF,Cobra Special Edition,Jun-12
AMF,Coca-Cola,Oct-'00
AMF,Code,Feb-08
AMF,Cold Fusion,Aug-'01
AMF,Collingwood FC Polyester,May-09
AMF,Courage,Aug-'02
AMF,Courage Extreme,Aug-'02
AMF,Darkness,Feb-14
AMF,Dash Purple/Bronze/Black,Dec-'06
AMF,Decimate,Jul-14
AMF,Dick Weber Legacy (Black - Urethane),Nov-93
AMF,Dick Weber Legacy (Green - Reactive Resin),Oct-93
AMF,Dick Weber Legacy C (Green),Nov-95
AMF,Double Clutch,Jul-10
AMF,Double Clutch Pearl,Nov-10
AMF,Encore,Sep-15
AMF,Enfuego,Feb-'02
AMF,Escape,"February 23, 2016"
AMF,Essendon Polyester,May-09
AMF,Fire Hawk,Mar-'01
AMF,Firehawk Super/C,Sep-'01
AMF,Focus,Mar-96
AMF,Focus Reactive,Mar-96
AMF,Fremantle FC Polyester,May-09
AMF,Fusion,Aug-'01
AMF,Fusion Hook Carbide,April-'03
AMF,Fusion Hook Monster,Jan-'02
AMF,Geelong Cats Polyester,May-09
AMF,Great Escape,"May 17, 2016"
AMF,Green Mamba,Jun-12
AMF,Grip,Jun-11
AMF,Gunsmoke Cobra,Jul-90
AMF,Hawk,Mar'00
AMF,Hawks Polyester,May-09
AMF,Heat Stroke,Jun-13
AMF,Hype Reactive,Sep-09
AMF,Hype Reactive Purple/Gold Pearl,Jul-10
AMF,Hype Urethane,Sep-09
AMF,Incinerate,Apr-13
AMF,Incinerate Pearl,Oct-13
AMF,Justice,April-'04
AMF,Justice Pearl,April-'04
AMF,Kick,Mar-'01
AMF,King Cobra,Sep-94
AMF,King Cobra Black/Red,Feb-13
AMF,Mamba Hybrid,Nov-12
AMF,Mark,March-'06
AMF,Maximum Velocity,Dec-'04
AMF,Mega Friction,Jan-'09
AMF,Mega Recovery,Jan-10
AMF,Melbourne FC Polyester,May-09
AMF,Menace Pearl,Oct-99
AMF,Menace Tour,Oct-99
AMF,MJ (Black),Dec-98
AMF,MJ Slam,Nov-98
AMF,Night Hawk,Sept-'06
AMF,Night Hawk,Jun-98
AMF,Night Hawk M^2,Feb-99
AMF,Night Hawk Menace,May-99
AMF,Night Hawk Pearl,Oct-07
AMF,Night Hawk Revenge,Feb'00
AMF,Night Hawk SE,Oct-14
AMF,Night Hawk SPT,Sep-99
AMF,Night Hawk Stealth SE,"January 24, 2017"
AMF,Night Hawk Torque,Dec-99
AMF,Night Hawk Torque Pearl,Dec-99
AMF,Ninja,Dec-92
AMF,Ninja Fury,Jun-93
AMF,Ninja Master,Jun-93
AMF,Ninja RPM,May-94
AMF,Ninja SE,"June 14, 2016"
AMF,Ninja SE Pearl,"June 26, 2017"
AMF,Nkryption Code,Jun-08
AMF,OMG,Mar-11
AMF,OMG Pearl,Jun-11
AMF,Orbit (Plastic),May-'04
AMF,Orbit (Resin),June-'05
AMF,Orbit Extreme Pearl Copper/Blue,Jul-08
AMF,Orbit Xtreme,July-'06
AMF,Orbit Xtreme Pearl,Jun-08
AMF,Orbit Xtreme Sky Blue,Aug-07
AMF,Perfect Thrill,Dec-'06
AMF,Power Polyester,May-09
AMF,Power Up Impact,Dec-97
AMF,Power Up Reactor,Dec-97
AMF,Power Up Slam,Jan-98
AMF,Predator ( Red ),Nov-95
AMF,Project - X,Sept-'05
AMF,Pure,Jan-15
AMF,Pure Adrenaline,Jun-15
AMF,Pure Hook Pro-Solid,Sept-'06
AMF,Pure Hook Pro-Solid Smooth,Sept-'06
AMF,R.P.M. Formula 4,Oct-95
AMF,R.P.M. Pearl (Purple),Mar-96
AMF,R.P.M. Swirl,Mar-96
AMF,R.P.M. Ultra/C,Jul-96
AMF,R.P.M. Ultra/C Pearl,Oct-96
AMF,Radar,Jan-'05
AMF,Radar Alert,Jan-'07
AMF,Radar Lock,Aug-'06
AMF,Renegade Blue,Nov-95
AMF,Richmond Tigers Polyester,May-09
AMF,Scamp,Oct-'03
AMF,Shredder,Jul-10
AMF,Shred-It,Nov-10
AMF,Sideways,Jul-09
AMF,Smoke Green/Black,Jul-09
AMF,Smoke Purple/Red,Jul-09
AMF,Solar Flare,Jun-13
AMF,Sprite,May-'05
AMF,St. K. F. C. Polyester,May-09
AMF,Sumo Black,Feb-92
AMF,Sumo Purple,Feb-92
AMF,Sumo SE,"June 12, 2018"
AMF,Super Scamp,April-'04
AMF,Supreme Justice,April-'05
AMF,Supreme Justice Pearl,Nov-'05
AMF,Sydney Swans Polyester,May-09
AMF,Synbad,Jul-91
AMF,Terminal Velocity,Aug-'05
AMF,The Big Heist,May-10
AMF,The Heist,Jun-07
AMF,The Heist Pearl,Mar-09
AMF,Ti-Hawk,Sep-'00
AMF,Titan,Aug-'04
AMF,Titan SE,Sept-'05
AMF,Titan Skid/Flip,Dec-'06
AMF,Top Secret,Jun'00
AMF,Torch,Jul-14
AMF,Triumph,Aug-'03
AMF,Triumph 777,Sept-'06
AMF,Triumph Amp,Oct-'03
AMF,Triumph One Seven,May-'05
AMF,Triumph Pure Hook,Sept-'04
AMF,Triumph Pure Hook Marvel,March-'06
AMF,Triumph TNT,Jan-'04
AMF,Triumph TNT Explosion,July-'05
AMF,Triumph Tour Black/Silver,Dec-'06
AMF,Triumph Tour Polished,June-'06
AMF,Triumph Tour Sanded,June-'06
AMF,Unreal,May-15
AMF,Valor,Aug-'02
AMF,Valor P Tour T/C/R,Aug-'03
AMF,Valor/P,Aug-'02
AMF,Velocity Red/Silver,Aug-'04
AMF,Velocity VPEX,July-'06
AMF,Venom,Feb-'06
AMF,Victory,Aug-'02
AMF,Victory R L/Y/B,Aug-'03
AMF,Victory/R,Aug-'02
AMF,Victory/SPT,Aug-'02
AMF,Villain,Jul-08
AMF,VP2,Jan-'05
AMF,West Coast Eagles Polyester,May-09
AMF,Western Bulldogs Polyester,May-09
AMF,Whip,Nov-96
AMF,Whip Pearl,Feb-97
AMF,Whiplash,Jan-98
AMF,Whiplash Pearl,Apr-98
AMF,XS Black,Apr-95
AMF,XS Bone White,Jan-95
AMF,XS PRO I,Jun-95
AMF,XS PRO II,Jun-95
AMF,Xcite Blue/Gold Pearl,Oct-14
AMF,Xcite Orange/Pink Pearl,Oct-14
AMF,Xcite Purple/Aqua,"May 17, 2016"
AMF,Xtreme,Aug-'05
AMF,Xtreme Courage R/B/G,Aug-'03
AMKO,Black STH,Nov-97
AMKO,Blue Stealth STH III,Jun-97
AMKO,Green Stealth STH III,Aug-97
AMKO,Red Stealth III,Oct-97
AMKO,Shark,Nov-97
AMKO,Wine Pearl STH III,Nov-97
Ampac,Black Fire Bomb,Apr-94
Ampac,Blue Fire Bomb,Apr-94
Ampac,Pro-Version,Apr-94
Ango Corp.,Motor Zone,Aug-'04
Angry Birds,Angry Bird Black Bird,Oct-12
Angry Birds,Angry Bird Green Pig,Oct-12
Angry Birds,Angry Bird Red Bird,Oct-12
ARK International,Hellbent Slaughter Gold,Jan-'09
ARK International,Hellbent Slaughter Silver,Jan-'09
ARK International,Hellbent Spare,Nov-08
ARK International,Slaughter Savage,Mar-09
ARK International,Sturgis,Sep-10
ARK International,Vertex,Nov-'06
ASB,Redline,Aug-10
ASICS,Aeson PA-Long,March-'03
ASICS,Aeson PA-Natural,March-'03
ASICS,Aeson PA-Short,March-'03
ASICS,Aphrodia PA-AR,March-'03
ASICS,Aphrodia PA-Skid,March-'03
ASICS,Arch Angels,Nov-'03
ASICS,Arch Angels R,Nov-'03
ASICS,Cassandra TC2.39,June-'03
ASICS,Cassandra TC2.59,June-'03
ASICS,Daphne TC Long,July-'02
ASICS,Daphne TC Long EX,Aug-'02
ASICS,Daphne TC Short,July-'02
ASICS,Demeteru,Apr-'02
ASICS,Demeteru EX1,Apr-'02
ASICS,Demeteru Topa I,Oct-'02
ASICS,Demeteru Topa III,Oct-'02
ASICS,Demeteru Topa IV,Oct-'02
ASICS,Duelist TC 2.35,July-'02
ASICS,Duelist TC 2.55,July-'02
ASICS,Ecume,Aug-'01
ASICS,Ecume EVI,Nov-'01
ASICS,Ecume EVII,Nov-'01
ASICS,Exor T.D.C.,Oct-97
ASICS,Gallop,Oct-'05
ASICS,Gallop 845,Dec-'05
ASICS,Genetics PA-Long,Oct-'02
ASICS,Genetics PA-Natural,Oct-'02
ASICS,Genetics PA-Short,Oct-'02
ASICS,Genie,Nov-'05
ASICS,Giga Corvus,April-'05
ASICS,Giga Variance,Oct-'04
ASICS,Hydrus,Dec-'04
ASICS,Hydrus Pro Model,Dec-'04
ASICS,Judge 3000,May-'04
ASICS,Judge 3100,May-'04
ASICS,Judge PR 3200,June-'04
ASICS,Kinesis,Nov-'01
ASICS,Lustre,July-'05
ASICS,Lustre Round,July-'05
ASICS,Mediator 2,Nov-'00
ASICS,Mediator Pro,Nov-'00
ASICS,Mediator Pro X,Jan-'01
ASICS,Mediator X,Jan-'01
ASICS,Mega Corvus,May-'05
ASICS,Mega Cycle 20,Feb-'05
ASICS,Mega Cycle 40,Feb-'05
ASICS,Mega Variance,Nov-'04
ASICS,Metabolism Super AR,Feb-'03
ASICS,Nightmare,June-'03
ASICS,Nightmare Flashback,Jan-'04
ASICS,Pandora TC2.60,Dec-'03
ASICS,Pandora TC2.70,March-'04
ASICS,Poseidon AR Medium,Sept-'03
ASICS,Poseidon Pro Model,April-'04
ASICS,Pro Model I,March-'04
ASICS,Pygmalion R2000,Dec-'03
ASICS,Radical TC2.38,Nov-'02
ASICS,Radical TC2.58,Nov-'02
ASICS,Real Demon,Jan-'01
ASICS,Real Demon Final,May-'01
ASICS,Real Demon X,May-'01
ASICS,Real Demon XX,May-'01
ASICS,Rumba Alpha,Feb-'06
ASICS,Rumba Beta,Aug-'06
ASICS,Sagitta,Feb-'05
ASICS,Seldom C,Dec-'01
ASICS,Seldom F,Dec-'01
ASICS,Seldom Final,Jan-'02
ASICS,Seldom SS,June-'01
ASICS,Seleb Pro I,April-'05
ASICS,Seleb Pro II,April-'05
ASICS,Sonic,March-'06
ASICS,Sonic R,June-'06
ASICS,Starget XI,Oct-'01
ASICS,Starget XII,Oct-'01
ASICS,Starsky,Sept-'02
ASICS,Telephus Topa I,Nov-'03
ASICS,Telephus Topa III,Nov-'03
ASICS,Tera Variance,Nov-'04
ASICS,VPB801 Variance,Aug-'04
ASU,Bomb,Mar-98
ASU,Boomerang,Aug-97
ASU,Cheetah Orange,Aug-95
ASU,Cube,Nov-'05
ASU,EXP,Jan-98
ASU,EXP 2,March-'03
ASU,Firehawk The Bomb,Jun-97
ASU,Mach 2 XL,Mar'00
ASU,Patriot,Feb-94
ASU,Perfect Piece,Dec-94
ASU,Urex,Dec-96
ASU,Urex Final Countdown,Sep-97
ASU,Urex Pro,Feb-97
ASU,Urex TE,Feb-97
ATK Bowling,Dear Daniel,"March 19, 2019"
ATK Bowling,Hello Kitty,"March 19, 2019"
ATK Bowling,Taegeuk,"July 20, 2021"
AZO,Absolute Power,Dec-'03
AZO,Action Carbide,March-'03
AZO,Advance,April-'03
AZO,Apex,Dec-'00
AZO,Area,May-09
AZO,Area Check,Jun-10
AZO,Armageddon Burg Pearl,Aug-99
AZO,Armageddon-Black,Apr-99
AZO,AZO (Clear Polyester),Oct-'08
AZO,Blue Fire,Oct-'01
AZO,Blue Fire 2,Aug-'02
AZO,Brain Particle,Nov-'03
AZO,Brain Reactive,Nov-'03
AZO,Cheater,Aug-15
AZO,Cheater Hybrid,"January 1, 2016"
AZO,Defeat,April-'04
AZO,Drastic Carbide,Sept-'02
AZO,Drastic Spec,Sept-'02
AZO,Fantasy X,Feb-'02
AZO,Fantasy X Reactive,Sept-'03
AZO,Fantasy X Super Carbon,Sept-'03
AZO,Fatman,Apr'00
AZO,Fusion RP,May-'01
AZO,Fusion RS,May-'01
AZO,Ignition,March-'04
AZO,Illusion,June-'02
AZO,Legit Emerald/Fire,Jul-15
AZO,Legit Red/Purple,Jul-15
AZO,Little Boy,Aug-'00
AZO,Logical,Dec-'02
AZO,Logical Z Carbide,Dec-'02
AZO,Max Radical,Mar-09
AZO,Mirage,Feb-'02
AZO,Optimum,Dec-'00
AZO,Outbreak,Sep-15
AZO,Outbreak Pearl,"January 1, 2016"
AZO,Pro Tactics,Jun-07
AZO,Pure Tactics,May-08
AZO,Pure Tactics TV,Sep-10
AZO,Radical Fire,Dec-'04
AZO,Radical Power,Oct-'04
AZO,Red Fire,Aug-'01
AZO,Slash Pro,June-'01
AZO,Slash Super,June-'01
AZO,Solution,Feb-'04
AZO,Strike,Jun-09
AZO,Strike Tour,May-10
AZO,Tactics Reactive,Sept-'03
AZO,Tactics Super Carbon,Sept-'03
AZO,Tough,March-'04
AZO,Tour Tactics,Jul-10
AZO,Tour V Pure Tactics,Jan-'09
AZO,Ultima Pro,Nov-'01
AZO,Ultima RP,Oct-'01
AZO,Ultra Radical Pearl,Jun-07
AZO,Ultra Radical Pro,Dec-'08
AZO,Ultra Radical Pro 2010,Apr-10
AZO,Ultra Radical Solid,Jun-07
AZO,Ultra Tactics,Mar-08
AZO,Ultra Tactics TV,Dec-09
AZO,Warrior,March-'04
AZO,X-Trial,Dec-'02
BA-K,Reaper,Sep-07
Ball Factory,Crazy Wolf,"January 17, 2017"
Ball Factory,Crazy Wolf Purple/Red/Yellow,"July 25, 2017"
Ball Factory,Ghost Wolf,"May 3, 2016"
Ballistik,Kryptonite,Feb-'02
Ballmaker.net,Insider-R (All Colors),"January 10, 2023"
Banger Bowling,Fantasy,May-07
Banger Bowling,Hole Finder Pearl,Sep-07
Banger Bowling,Hole Finder Solid,Sep-07
Banger Bowling,Hole Pounder,Oct-'06
Banger Bowling,Hole Pounder Solid,Feb-07
Banger Bowling,LS,Feb-15
BIG Bowling,BIG Shim,"June 18, 2021"
BIG Bowling,Bounce,"June 18, 2021"
BIG Bowling,Clean Idea,"January 11, 2022"
BIG Bowling,EXP'24,"March 22, 2022"
BIG Bowling,Idea,"March 3, 2020"
BIG Bowling,Rekker Extreme,"January 11, 2022"
BIG Bowling,Shim,"March 6, 2020"
BIG Bowling,Shim Rekker,"March 6, 2020"
BIG Bowling,Solid Idea,"March 3, 2020"
BIG Bowling,Striking Idea,"June 15, 2021"
Blend10,In10sity,Dec-14
Blend10,NST,Mar-14
Blend10,OSP,Sep-14
Blend10,OSW,Feb-14
Bowl America,Accelerator,May-01
Bowl America,Patriot,May-01
Bowl America,X-Line,Dec-'05
Bowl.HK,Bowl.HK Blue,Feb-10
Bowl.HK,Bowl.HK White,Feb-10
Bowl Star,Bowl Star,"January 7, 2025"
Bowlero,Bowlero Black/Silver Pearl (Reactive),"April 12, 2022"
Bowlero,Bowlero Navy Blue Sparkle Pearl (Reactive),"April 12, 2022"
Bowlero,Bowlero Red/Black Pearl (Reactive),"April 12, 2022"
Bowlers Edge,Radical Thing IIIX,Oct-97
Bowlers Edge,Wild Thing Pro,Aug-98
Bowlersparadise.com,Draco,Aug-12
Bowlersparadise.com,Fox,Nov-10
Bowlersparadise.com,Orion,Jul-11
Bowlersparadise.com,Pegasus,Jun-13
Bowling Mania,Bowling Mania (Spare) (All Colors),"September 2, 2025"
Bowling Mania,Thumbless Spare (All Colors),"September 16, 2025"
Bowling Mania,Two Hand Spare (All Colors),"September 16, 2025"
Bowl-Star,Bong Coo MVP,April-'03
Bowltech,Pro Bowl,Feb-08
Brunswick,Absolute Inferno,Jan-'05
Brunswick,Absolute Nirvana,"June 14, 2016"
Brunswick,Ace Zone,March-'03
Brunswick,Active Zone,Dec-'06
Brunswick,Alert,"October 14, 2025"
Brunswick,Ambitious,Nov-'06
Brunswick,Ambitious II,Jun-07
Brunswick,Anaconda,Jun-10
Brunswick,Area Max,Apr-15
Brunswick,Asteroid,"September 12, 2017"
Brunswick,Atomizer (Bowl America),May-'03
Brunswick,Attack Zone-Black,Apr-99
Brunswick,Attack Zone-Blue,Apr-99
Brunswick,Attack Zone-Copper,Apr-99
Brunswick,Attack Zone-Green Pearl,Apr-99
Brunswick,Attack Zone-MR,Aug-99
Brunswick,Attitude,"May 24, 2022"
Brunswick,Attitude Anaconda,Nov-'02
Brunswick,Attitude Control,"May 24, 2022"
Brunswick,Attitude Control Black,"May 27, 2025"
Brunswick,Attitude X,May-'02
Brunswick,Aura,Oct-12
Brunswick,Aura Bug,Apr-15
Brunswick,Aura ECA Hybrid,"April 3, 2018"
Brunswick,Aura ECS,"December 8, 2015"
Brunswick,Aura Force,Apr-13
Brunswick,Aura Hybrid Tour,Apr-13
Brunswick,Aura Prime,Nov-13
Brunswick,Aura (SE),"November 9, 2021"
Brunswick,Avalanche Black/Electric Green,May-09
Brunswick,Avalanche Pearl,Jan-08
Brunswick,Avalanche Slide,Sept-'08
Brunswick,Avalanche Solid,Jan-08
Brunswick,Avalanche Urethane,May-10
Brunswick,Axis,April-'91
Brunswick,Battering Siege,Feb-10
Brunswick,Battering Siege 2,May-11
Brunswick,Battle Zone Bullet,Feb'00
Brunswick,Battle Zone Cannon,Jun'00
Brunswick,Battle Zone Missile,Feb'00
Brunswick,Best Bowling,Sep-10
Brunswick,Beyond Infinity,"April 2, 2024"
Brunswick,Bionic Zone I,Dec-'04
Brunswick,Bionic Zone II,Dec-'04
Brunswick,Black Titan Nirvana,"June 18, 2024"
Brunswick,Blast,April-'99
Brunswick,Blast Zone,Jun-07
Brunswick,Blazing Inferno,Nov-'03
Brunswick,"Blitz, Emerald",May-98
Brunswick,"Blitz, Pearl Power",May-98
Brunswick,"Blitz, Purple Power",May-98
Brunswick,Blue Cloud,"May 1, 2018"
Brunswick,Bong Coo MVP,Feb-'01
Brunswick,Bowlers Universe Area 39,Oct-07
Brunswick,Bowlers Universe Area 39 Limited Edition,Dec-09
Brunswick,Bowling Stone,March-'03
Brunswick,Brimstone Red Monster,Feb-'01
Brunswick,Brute,Aug-14
Brunswick,Brute Strength,Jun-15
Brunswick,Burning Siege,Apr-11
Brunswick,Burning Siege S37P,Apr-12
Brunswick,Burning Siege S73P,Apr-12
Brunswick,BVL Johnny Petraglia LT-48,Mar-15
Brunswick,BVL Johnny Petraglia Open,"April 19, 2016"
Brunswick,BVP Ambush,Oct-'05
Brunswick,BVP Goliath,June-'04
Brunswick,BVP Mammoth,Oct-'06
Brunswick,BVP Nemesis,June-'04
Brunswick,BVP Punisher,Oct-'04
Brunswick,BVP Rampage,June-'05
Brunswick,BVP Wizard,June-'06
Brunswick,C*(System) 2.5,Aug-09
Brunswick,C*(System) 3.5,Dec-09
Brunswick,C*(System) 3.5 LE,May-10
Brunswick,C*(System) 3.5 SP,Apr-11
Brunswick,C*(System) 4.5,Jun-10
Brunswick,C*(System) 4.5 INT,Aug-10
Brunswick,C*(System) Alpha-Max,Dec-10
Brunswick,C*(System) Alpha-Max INT,May-11
Brunswick,C*(System) Delta-Max,May-11
Brunswick,C*(System) Maxxed-Out,Jun-12
Brunswick,C*(System) Ulti-Max,Jun-11
Brunswick,C*(System) Versa-Max,Jan-12
Brunswick,C*(System) Versa-Max Tour,"October 20, 2015"
Brunswick,Chance Zone,May-07
Brunswick,Charger,April-'02
Brunswick,Cloud,Feb-15
Brunswick,Cold Fury,Dec-'08
Brunswick,Combat,"June 24, 2025"
Brunswick,Combat Hybrid,"February 10, 2026"
Brunswick,Combat Solid,"June 30, 2026"
Brunswick,Combat Zone,Jan-97
Brunswick,Combat Zone Green Tracer.Tour#1,Jul-97
Brunswick,Combat Zone Green Tracer,Apr-97
Brunswick,Combat Zone Tour Ed. #1,Feb-97
Brunswick,Combat Zone Tour Ed. #2,Feb-97
Brunswick,Combat Zone Tour Ed. #3,Feb-97
Brunswick,Comfort Zone,Dec-'06
Brunswick,Command Zone,Oct-99
Brunswick,Command Zone Arc,Mar'00
Brunswick,Contact Zone Pro 2.0,Mar'00
Brunswick,Control Zone,Apr-99
Brunswick,Control Zone TE1,Aug-99
Brunswick,Cool Edge,Jul-14
Brunswick,Copperhead,May-08
Brunswick,Crimson Rhino Pro,"December 2, 2025"
Brunswick,Critical Edge,"November 15, 2016"
Brunswick,Cross Edge,"March 22, 2016"
Brunswick,Crown 78U,"December 2, 2025"
Brunswick,Crown Jewel,"June 15, 2021"
Brunswick,Crown Victory,"April 1, 2025"
Brunswick,Crown Victory Pearl,"February 10, 2026"
Brunswick,Crystal Edge,Jun-15
Brunswick,Cutting Edge Hybrid,"June 14, 2018"
Brunswick,Cutting Edge Pearl,"December 11, 2018"
Brunswick,Cutting Edge Solid,"June 14, 2018"
Brunswick,D2Z Ever,Oct-11
Brunswick,Damage,Oct-10
Brunswick,(Danger) Zone,"December 2, 2025"
Brunswick,Danger Zone,Jan-96
Brunswick,(Danger) Zone Purple Ice,"December 2, 2025"
Brunswick,Danger Zone Tour Edition 1,Jan-96
Brunswick,Danger Zone Tour Edition 2,Jan-96
Brunswick,Danger Zone Tour Edition 3,Jan-96
Brunswick,Danger Zone Black Ice,Apr-96
Brunswick,Danger Zone 2 Carbide,Dec-'02
Brunswick,Danger Zone 5,Sept-'03
Brunswick,Danger Zone 6,Sept-'03
Brunswick,Danger Zone Code 1,Sep-10
Brunswick,Danger Zone Code 2,Mar-11
Brunswick,Danger Zone Code III,Nov-13
Brunswick,Danger Zone Extreme,Sept-'03
Brunswick,Danger Zone HPC,Aug-'00
Brunswick,Danger Zone I,Dec-'02
Brunswick,Danger Zone III,July-'03
Brunswick,Danger Zone IV,July-'03
Brunswick,Danger Zone Pro-HPD,Aug-99
Brunswick,Danger Zone Pro-HPD TE1,Nov-99
Brunswick,Danger Zone Pro-HPD TE2,Nov-99
Brunswick,Danger Zone Pro-HPH,Aug-99
Brunswick,Dark Cloud,"September 18, 2018"
Brunswick,Dark Nirvana,"March 7, 2017"
Brunswick,Dark Nirvana Black Edition,"August 22, 2017"
Brunswick,Dark Nirvana Dainsleif,"March 3, 2020"
Brunswick,Deep Danger Zone,Aug-96
Brunswick,Deep Danger Zone (1),Sep-96
Brunswick,Deep Danger Zone (2),Sep-96
Brunswick,Defender,"February 22, 2022"
Brunswick,Defender Aegis,"September 19, 2023"
Brunswick,Defender Hybrid,"September 20, 2022"
Brunswick,Defender Pearl,"September 19, 2023"
Brunswick,Demolition Zone,Dec-'00
Brunswick,Destroy Zone,Dec-'04
Brunswick,Diamondback,Sep-09
Brunswick,Diamondback Pearl,Mar-10
Brunswick,Diamondback Sunrise,Aug-10
Brunswick,Digital Fuze,Aug-'06
Brunswick,Disney,May-'02
Brunswick,Dream Zone,Jan-'01
Brunswick,Dream Zone Pearl,Jan-'01
Brunswick,Dry Zone,Jun-07
Brunswick,Dry Zone Solid,May-08
Brunswick,Durandal,"June 7, 2016"
Brunswick,Dynamic Zone 1,Nov-'03
Brunswick,Dynamic Zone 2,Nov-'03
Brunswick,Dynamite Crash,April-'02
Brunswick,Eclipse,April-'02
Brunswick,Edge Pearl,"March 21, 2017"
Brunswick,Edge Reactive,June-'04
Brunswick,Edge Solid,"March 21, 2017"
Brunswick,Edge Urethane,Sept-'02
Brunswick,Emperor Nirvana,"March 2, 2021"
Brunswick,Endeavor,"February 5, 2024"
Brunswick,Energize,"October 14, 2025"
Brunswick,Ethos,"September 19, 2023"
Brunswick,Ethos Hybrid,"October 8, 2024"
Brunswick,Ethos Penetrate,"October 22, 2024"
Brunswick,Ethos Solid,"May 27, 2025"
Brunswick,Etoile,Feb-08
Brunswick,Evil Siege,Dec-09
Brunswick,Explosion Zone I,June-'04
Brunswick,Explosion Zone II,June-'04
Brunswick,Express Zone H,Aug-'06
Brunswick,Express Zone S,Sept-'06
Brunswick,Falcon,April-'02
Brunswick,Fanatic,"June 14, 2016"
Brunswick,Fanatic BTU,"June 14, 2016"
Brunswick,Fanatic Pearl,"June 13, 2017"
Brunswick,Fanatic SS,"January 10, 2017"
Brunswick,Fearless,"October 2, 2018"
Brunswick,Fiery Siege,Jun-10
Brunswick,Fire Cloud,"August 20, 2019"
Brunswick,Firing Inferno,Aug-08
Brunswick,Focus Zone,Aug-08
Brunswick,Forest Green Quantum Legacy,Nov-13
Brunswick,Fortera Exile,May-14
Brunswick,Fortera Intrigue,Nov-14
Brunswick,Fortera Unique,Jun-14
Brunswick,Fortera Vertex,Oct-14
Brunswick,Fresh Cloud,Sep-15
Brunswick,Fury,Jan-07
Brunswick,Fury Emerald/Black,"June 30, 2026"
Brunswick,Fury Orange/Red,"June 30, 2026"
Brunswick,Fury Pink/Ice/Silver,"June 30, 2026"
Brunswick,Fury Pearl,Jun-07
Brunswick,Fury Pearl TE,Jan-08
Brunswick,Fury Purple/Blue,"June 30, 2026"
Brunswick,Fury Red/Blue/Black,"June 30, 2026"
Brunswick,Fuze Blue/Silver Pearl,Oct-'05
Brunswick,Fuze Detonator,Jan-'02
Brunswick,Fuze Eliminator,Nov-'02
Brunswick,Fuze Igniter,July-'02
Brunswick,Fuze Navy Sparkle,June-'01
Brunswick,Fuze Purple Pearl,June-'01
Brunswick,Fuze Raging Red,Oct-'01
Brunswick,Gigabolt Zone,Jun-11
Brunswick,Gold Zone Merlot/Gold,Jun-11
Brunswick,Gold Zone Red/Silver,Jun-11
Brunswick,Great Inferno,Mar-08
Brunswick,Groove Blackberry Sparkle,July-'01
Brunswick,Groove Blue,July-'01
Brunswick,Groove Blue/Orange Sparkle,July-'01
Brunswick,Groove Cranberry,July-'01
Brunswick,Groove Jade,July-'01
Brunswick,Groove Red,May-'04
Brunswick,Groove Urethane,March-'05
Brunswick,Groove Urethane Polished,May-07
Brunswick,Hearts,May-09
Brunswick,Hero,"June 11, 2019"
Brunswick,Hero Solid,"October 6, 2020"
Brunswick,High Intensity,Apr-'02
Brunswick,Hyper Nirvana,"July 26, 2022"
Brunswick,Hyper Zone H,Jan-'06
Brunswick,Hyper Zone S,Jan-'06
Brunswick,Hyperize,"July 21, 2026"
Brunswick,Hypnotize,"February 4, 2025"
Brunswick,Igniter Pearl,"May 19, 2020"
Brunswick,Igniter Solid,"May 19, 2020"
Brunswick,Ilusiona,April-'05
Brunswick,Impact Zone,Dec-98
Brunswick,Impact Zone Tour,Aug-99
Brunswick,Imperial Nirvana,"March 7, 2017"
Brunswick,Impulse Zone,Dec-'04
Brunswick,In-Out,Sep-15
Brunswick,In-Out.Com,"May 1, 2018"
Brunswick,In-Out Apex,"March 19, 2019"
Brunswick,In-Out Attack,"April 21, 2020"
Brunswick,In-Out Solid,"January 3, 2017"
Brunswick,In-Out Space,"July 23, 2019"
Brunswick,Inferno,Jan-'03
Brunswick,Inferno Blue Flame,"September 20, 2016"
Brunswick,(Infinite) Valkyrie Navy/Red/Purple,"July 25, 2017"
Brunswick,Infinity,"May 23, 2023"
Brunswick,Infinity Quest,"June 24, 2025"
Brunswick,Infinity Quest Pearl,"June 2, 2026"
Brunswick,Intense Inferno,June-'04
Brunswick,Intense Mindset,"May 28, 2024"
Brunswick,Jagged Edge Hybrid,"June 11, 2019"
Brunswick,Jagged Edge Solid,"June 11, 2019"
Brunswick,Jaws,Oct-07
Brunswick,Johnny P Zone Pro,Apr'00
Brunswick,Johnny Petraglia BVL,"December 19, 2017"
Brunswick,Johnny Petraglia BVL Blue/Platinum,"December 18, 2018"
Brunswick,Johnny Petraglia BVL Blue-Purple,"August 8, 2023"
Brunswick,Johnny Petraglia BVL Purple Pearl,"December 10, 2024"
Brunswick,Johnny Petraglia BVL Red/White/Blue,"July 28, 2026"
Brunswick,Johnny Petraglia LT-48 Blue/Purple,"June 18, 2019"
Brunswick,Johnny Petraglia LT-48 Blue/Purple/Dark Blue,"March 24, 2020"
Brunswick,Johnny Petraglia LT-48 Hybrid,"March 28, 2023"
Brunswick,Kaiser Nirvana,"July 21, 2020"
Brunswick,Karma Black/Blue Solid,Mar-11
Brunswick,Karma Blue/Green Pearl,Mar-11
Brunswick,Karma Purple/Pink Pearl,Jan-12
Brunswick,Karma Urethane Solid,Jun-12
Brunswick,Kick Zone,May-07
Brunswick,Kingpin,"October 3, 2017"
Brunswick,Kingpin Boss,"January 16, 2018"
Brunswick,Kingpin Gold Special Edition,"June 19, 2018"
Brunswick,Kingpin Max,"February 6, 2018"
Brunswick,Kingpin Rule,"December 11, 2018"
Brunswick,Knock Out,"December 15, 2020"
Brunswick,Knock Out Black/Blue,"December 14, 2021"
Brunswick,Knock Out Bruiser,"December 27, 2022"
Brunswick,Lethal Revolver,Jun-11
Brunswick,Loaded Revolver,Dec-10
Brunswick,LT-48 Gold Black,May-97
Brunswick,LT-48 Gold Pearl,May-98
Brunswick,LT-48 Pro,"April 13, 2021"
Brunswick,LT-48 Pro Obsidian,"August 4, 2026"
Brunswick,LT-48 Pro Purple,"September 19, 2023"
Brunswick,LT-48 Pro Ruby,"April 7, 2026"
Brunswick,LT-48 Pro Sapphire,"May 20, 2025"
Brunswick,Magnitude 035,"June 13, 2017"
Brunswick,Magnitude 035 Pearl,"December 12, 2017"
Brunswick,Magnitude 055,"October 3, 2017"
Brunswick,Majestic Zone I,April-'05
Brunswick,Majestic Zone II,April-'05
Brunswick,Massive Damage,Jun-11
Brunswick,Mastermind,Oct-13
Brunswick,Mastermind Ater,"March 22, 2016"
Brunswick,Mastermind Ater Limited Edition,"July 18, 2017"
Brunswick,Mastermind Ater Pearl,"November 29, 2016"
Brunswick,Mastermind Brainiac,"November 3, 2015"
Brunswick,Mastermind Control,Apr-14
Brunswick,Mastermind Einstein,Jun-15
Brunswick,Mastermind Genius,Jan-14
Brunswick,Mastermind Intellect,Aug-14
Brunswick,Mastermind Plan,Apr-15
Brunswick,Mastermind (SE),"November 9, 2021"
Brunswick,Mastermind Scholar,Jan-15
Brunswick,Mastermind Strategy,"June 14, 2016"
Brunswick,Mastermind Wise,Dec-14
Brunswick,Mastermind Zero,"May 1, 2018"
Brunswick,Mastermind Zero Solid,"December 11, 2018"
Brunswick,Mastermind Zero/XD,"March 24, 2020"
Brunswick,Mastermind Zero XIV,"May 25, 2021"
Brunswick,Master Zone Black/Chrome,Dec-'05
Brunswick,Master Zone Red/Black,Dec-'05
Brunswick,Maxxx Zone,Oct-'08
Brunswick,Maxxx Zone Evolution,Aug-09
Brunswick,Maxxx Zone Evolution+,Apr-11
Brunswick,Meanstreak,Oct-12
Brunswick,Meanstreak Beatdown,Jun-13
Brunswick,Meanstreak Brawler,Jan-13
Brunswick,Mega Zone H,May-'06
Brunswick,Mega Zone S,May-'06
Brunswick,Melee,Oct-13
Brunswick,Melee Cross,May-14
Brunswick,Melee Hook,"November 3, 2015"
Brunswick,Melee Jab,Nov-14
Brunswick,Melee Jab Aqua,"January 9, 2024"
Brunswick,Melee Jab Blood Red,"August 4, 2020"
Brunswick,Melee Jab Carbon,"June 21, 2022"
Brunswick,Melee Jab Emerald Green,"March 28, 2023"
Brunswick,Melee Jab HK22,"October 8, 2024"
Brunswick,Melee Jab Lunatic Purple,"October 29, 2024"
Brunswick,Melee Jab Midnight Blue,"June 15, 2021"
Brunswick,Melee Jab S.E.,"June 11, 2019"
Brunswick,Melee Jab Void Black,"September 16, 2025"
Brunswick,Melee Jab Zincite,"December 21, 2021"
Brunswick,Melee (Redaholic-X),"May 19, 2026"
Brunswick,Mesmerize,"June 25, 2024"
Brunswick,Method Hybrid,"June 14, 2018"
Brunswick,Method Solid,"February 7, 2019"
Brunswick,Mighty Zone 1,Aug-'05
Brunswick,Mighty Zone 2,Aug-'05
Brunswick,Mike Aulby MVP,Mar-99
Brunswick,Mindset,"February 21, 2023"
Brunswick,Monster Bruiser,June-'03
Brunswick,Monster Frenzy,Oct-'02
Brunswick,Monster Purple,Jun'00
Brunswick,Monster Reactive Green/Black,Nov-'00
Brunswick,Monster Red/Black,Apr-'01
Brunswick,Monster ScreamR,Jan-'02
Brunswick,Monster SlayR,Sept-'03
Brunswick,Monster SmashR,June-'02
Brunswick,Move Light Blue/Purple,Apr-10
Brunswick,Move Purple/Orange,Apr-10
Brunswick,Move Yellow/Blue,Apr-10
Brunswick,Mystic Aura,Jun-13
Brunswick,N-Valkyrie,"May 3, 2022"
Brunswick,Nebraska Husker,Mar-13
Brunswick,New York Yankees,April-'02
Brunswick,NeXus Evolution X,Sep-13
Brunswick,NeXus f(P) Pearl,Oct-11
Brunswick,NeXus f(P) Pearl INT,May-12
Brunswick,NeXus f(P+F) Solid,Oct-11
Brunswick,NeXXus f(P+H) Solid,May-12
Brunswick,NeXXus f(P+R) LE Solid,Mar-13
Brunswick,NeXXus f(P+R) Pearl,May-12
Brunswick,NeXXus f(P+R) Solid,Jan-12
Brunswick,NeXXus f(P+S) Solid,May-12
Brunswick,NeXXus AMD,"March 16, 2021"
Brunswick,NeXXus Fusion Ω,"November 13, 2018"
Brunswick,NeXXus VH,"September 20, 2016"
Brunswick,NeXXXus f(P+A) Solid,Aug-12
Brunswick,NeXXXus f(P+B) Solid,Apr-13
Brunswick,NeXXXus f(P+S),Jun-12
Brunswick,NeXXXus f(P+S) SE,May-13
Brunswick,NeXXXus Connect,Apr-14
Brunswick,NeXXXus Evolution,"May 30, 2017"
Brunswick,NeXXXus Premium,Nov-13
Brunswick,NeXXXus Spark,Mar-15
Brunswick,NeXXXXus Pro V,Sep-15
Brunswick,Nirvana,Aug-15
Brunswick,Nirvana Evol,"May 3, 2016"
Brunswick,Nirvana Pro Spec,"August 3, 2021"
Brunswick,Nirvana Rebirth,"May 1, 2018"
Brunswick,Offense Zone Red/Yellow Pearl,Aug-'06
Brunswick,Offense Zone Teal/Orange Pearl,Aug-'06
Brunswick,One Shot,Aug-08
Brunswick,Onyx Soul Nirvana,"July 29, 2025"
Brunswick,Original Inferno,Jan-08
Brunswick,Paranormal Aura,Jan-13
Brunswick,Paranormal Aura 2015,Apr-15
Brunswick,Parker Bohn International I,Dec-'02
Brunswick,Parker Bohn International II,Dec-'02
Brunswick,Parker Bohn Long Skid,Aug-'00
Brunswick,Parker Bohn MVP,Aug-99
Brunswick,Parker Bohn Nat. Skid,Aug-'00
Brunswick,Parker Bohn Short Skid,Sep-'00
Brunswick,PB3 AM,Aug-'02
Brunswick,PB3 Long Skid,Oct-'01
Brunswick,PB3 Natural Skid,Oct-'01
Brunswick,PB3 PM,Aug-'02
Brunswick,PB3 Short Skid,Oct-'01
Brunswick,PB3 SS,Aug-'02
Brunswick,PB3 Straight,Oct-'01
Brunswick,PBA Inferno Black/White,Nov-'06
Brunswick,PBA Inferno Blue/Yellow,Oct-'05
Brunswick,PBA Tour HP,Oct-'04
Brunswick,Perfect Mindset,"September 19, 2023"
Brunswick,Phantom,"January 3, 2017"
Brunswick,Phantom Crimson,Nov-91
Brunswick,Phantom Navy,Sep-91
Brunswick,Phantom Purple Pearl,"July 18, 2017"
Brunswick,Phantom Reboot,Sep-15
Brunswick,Pit Viper,Jul-09
Brunswick,Power Groove Dry/R,March-'05
Brunswick,Power Groove Ice Blue Pearl,June-'02
Brunswick,Power Groove Proactive Black Sparkle,June-'02
Brunswick,Power Groove Proactive Plum,March-'03
Brunswick,Power Groove Reactive Black/Pink,May-09
Brunswick,Power Groove Reactive Black/Purple,Nov-07
Brunswick,Power Groove Reactive Blue/Ivory,March-'06
Brunswick,Power Groove Reactive Blue/Red,March-'06
Brunswick,Power Groove Reactive - Lime/Lavender,May-09
Brunswick,Power Groove Reactive Merlot/Gold,May-09
Brunswick,Power Groove Reactive Neon Green/Purple Pearl,June-'02
Brunswick,Power Groove Reactive Pink/Blue,Nov-07
Brunswick,Power Groove Reactive Purple/Silver,April-'04
Brunswick,Power Groove Reactive Red/Teal,April-'04
Brunswick,Power Groove Reactive Teal/Purple,April-'04
Brunswick,Power Groove Reactive Yellow/Chrome,March-'03
Brunswick,Power Groove Reactive Teal/Orange,March-'05
Brunswick,Power Zone,Feb-09
Brunswick,Pride Edge,Dec-14
Brunswick,Prime Nirvana,"January 4, 2022"
Brunswick,Prime Zone,Oct-07
Brunswick,Prism Hybrid,"September 24, 2019"
Brunswick,Prism Hybrid Tour,"July 14, 2020"
Brunswick,Prism Solar,"September 15, 2020"
Brunswick,Prism Solid,"September 24, 2019"
Brunswick,Prism Warp,"February 4, 2020"
Brunswick,Prism Warp Hybrid,"August 4, 2020"
Brunswick,Prism Wrecker,"April 21, 2020"
Brunswick,Pro Rhino T2 Teal,Aug-95
Brunswick,Purple Rhino Pro Legacy,Nov-13
Brunswick,Purple Titan Nirvana,"May 19, 2026"
Brunswick,Python,Apr-09
Brunswick,Quantum (Fire Quantum),Sep-95
Brunswick,Quantum Alchemist,May-'01
Brunswick,Quantum Aqua Marine,Aug-94
Brunswick,Quantum Bias Pearl,"February 7, 2019"
Brunswick,Quantum Bias Purple,"August 31, 2021"
Brunswick,Quantum Bias Solid,"June 14, 2018"
Brunswick,Quantum Bias Urethane,"December 10, 2019"
Brunswick,Quantum Bias Urethane Blue,"May 26, 2020"
Brunswick,Quantum Black Fire,"April 21, 2020"
Brunswick,Quantum Blue Denim,Nov-99
Brunswick,Quantum Classic Black,"June 13, 2017"
Brunswick,Quantum Dark Scarlet,Jan-94
Brunswick,Quantum Double Helix,Oct-97
Brunswick,Quantum Elite,Oct-'03
Brunswick,Quantum Evo Hybrid,"June 21, 2022"
Brunswick,Quantum Evo Pearl,"September 21, 2021"
Brunswick,Quantum Evo Response,"June 27, 2023"
Brunswick,Quantum Evo Solid,"September 21, 2021"
Brunswick,Quantum Evo Wine,"July 26, 2022"
Brunswick,Quantum Fire Pearl,"September 30, 2016"
Brunswick,Quantum Forest Green,Jan-94
Brunswick,Quantum Forest Green Solid,"September 30, 2016"
Brunswick,Quantum Furious,Oct-'03
Brunswick,Quantum Helikia,Oct-'01
Brunswick,Quantum Helikia Tour Edition,June-'03
Brunswick,Quantum Helix,Jan-97
Brunswick,Quantum Imperial,Oct-98
Brunswick,Quantum Jade,Jun-98
Brunswick,Quantum Leap,Mar-98
Brunswick,Quantum Midnight Blue,Jan-94
Brunswick,Quantum Navy,Mar-99
Brunswick,Quantum Navy TE1,Aug-99
Brunswick,Quantum Platinum Navy,Dec-'00
Brunswick,Quantum Precision,Oct-'08
Brunswick,Quantum Purple,Mar-98
Brunswick,Quantum Raven,Apr-97
Brunswick,Quantum Rick Blood,May-'01
Brunswick,Quantum Sage,May-96
Brunswick,Quantum Sage Tour Edition,May-96
Brunswick,Quantum Slate Blue,Aug-99
Brunswick,Quantum Spare,July-'01
Brunswick,Quantum The Ring,April-'02
Brunswick,"Quantum, Violet Hook",Mar-95
Brunswick,Quest,April-'02
Brunswick,Racing Zone,Mar-08
Brunswick,Radical Inferno,June-'06
Brunswick,Raging Inferno,June-'03
Brunswick,Rattler,Dec-'08
Brunswick,Red Alert 2,April-'02
Brunswick,Red Alert 3,April-'02
Brunswick,Red Alert 300,Feb-'05
Brunswick,Red Alert 4,April-'03
Brunswick,Red Alert 5,Oct-'03
Brunswick,Red Alert 900,Sept-'05
Brunswick,Red Alert Blast,Dec-'06
Brunswick,Red Alert Edge,Aug-'06
Brunswick,Red Alert EX,Sept-'05
Brunswick,Red Alert Flash,April-'06
Brunswick,Red Alert Grande,Oct-07
Brunswick,Red Alert Ltd.,Oct-'04
Brunswick,Red Alert Night Flash,May-98
Brunswick,Red Alert Plus,March-'04
Brunswick,Red Alert Press,Feb-08
Brunswick,Red Alert Pro Edition,Mar-09
Brunswick,Red Alert Surge,Oct-'08
Brunswick,Red Alert V Edition,Sep-11
Brunswick,Red Crown,Jan-'06
Brunswick,Red Crown 2,Aug-'06
Brunswick,Red Crown 3,Aug-'06
Brunswick,Red Zone,June-'06
Brunswick,Renegade,Sept-'02
Brunswick,Return Zone,"July 21, 2020"
Brunswick,Revolver,Jun-10
Brunswick,Rhino,Apr-'02
Brunswick,Rhino Carbon-Lime-Silver,"April 2, 2024"
Brunswick,Rhino CEX,Jan-'02
Brunswick,Rhino EDX,Jan-'02
Brunswick,Rhino FXI,Nov-'02
Brunswick,Rhino Black Pearl,"April 5, 2016"
Brunswick,Rhino Black/Blue/Silver Pearl,"April 5, 2016"
Brunswick,Rhino Black/Green/Orange Pearl,"April 18, 2017"
Brunswick,Rhino Blue/Cadet/Grey/Silver,"April 7, 2026"
Brunswick,Rhino Charcoal/Silver/Violet,"April 16, 2019"
Brunswick,Rhino Cobalt/Aqua/Teal,"March 20, 2018"
Brunswick,Rhino Green/Silver Pearl,"April 5, 2016"
Brunswick,Rhino Magenta/Purple/Navy,"May 4, 2021"
Brunswick,Rhino Metallic Blue/Silver,"April 16, 2019"
Brunswick,Rhino Purple/Black,"March 4, 2025"
Brunswick,Rhino Purple/Pink/Berry,"April 7, 2026"
Brunswick,Rhino Purple/Pink/White Pearl,"April 5, 2016"
Brunswick,Rhino Red/Black/Gold Pearl,"April 5, 2016"
Brunswick,Rhino Pro X Copper,Feb-97
Brunswick,Rhino Pro Black,Mar-92
Brunswick,Rhino Pro Black (2024),"June 4, 2024"
Brunswick,Rhino Pro Blue,Jan-93
Brunswick,Rhino Pro Brute,Jun-96
Brunswick,Rhino Pro Forest Green,Mar-92
Brunswick,Rhino Pro Gold,Apr-94
Brunswick,Rhino Pro Ivory,"October 8, 2024"
Brunswick,Rhino Pro LE Blue,Dec-94
Brunswick,Rhino Pro Pearl,Jun-96
Brunswick,Rhino Pro Purple,Mar-92
Brunswick,Rhino Pro Steel,Sep-93
Brunswick,Rhino Pro Teal,Mar-93
Brunswick,Rhino PTE,May-'02
Brunswick,Rhino RE Blue,Jun-93
Brunswick,Rhino RE Emerald,Jun-93
Brunswick,Rhino RU,Jun-96
Brunswick,Rhino TRX,July-'01
Brunswick,Rhino TRX 2,April-'02
Brunswick,Ringer,Jan-13
Brunswick,Ringer Neon Yellow/Sapphire,Oct-14
Brunswick,Ringer Platinum,Oct-13
Brunswick,Ringer Royal Blue,Apr-14
Brunswick,Riot Zone Pro 2.0,Oct-99
Brunswick,Riot Zone Pro Purple Pearl,Dec-99
Brunswick,Riot Zone Pro TE1,Mar'00
Brunswick,Rip Zone,Oct-'08
Brunswick,Scorchin Inferno,Jan-'06
Brunswick,Scorchin Inferno S,Jan-'06
Brunswick,Shine Cloud,"October 20, 2015"
Brunswick,Shock Zone,Jan-'01
Brunswick,Shrek LE,Oct-'04
Brunswick,Sidewinder,Jun-07
Brunswick,Siege,May-09
Brunswick,Siege Buster,"May 3, 2016"
Brunswick,Siege Defender,Sep-09
Brunswick,Siege Defender II,Feb-11
Brunswick,Siege Polyester Black,Feb-10
Brunswick,Siege Polyester Blue,Feb-10
Brunswick,Siege Polyester Red,Feb-10
Brunswick,Silent Fury,Feb-09
Brunswick,Skull,May-09
Brunswick,Slingshot Black/Pink,Apr-11
Brunswick,Slingshot Blue/Gold Pearl,Mar-10
Brunswick,Slingshot Lavender/Lime Pearl,Mar-10
Brunswick,Slingshot Merlot/Gold,Mar-10
Brunswick,Slingshot Purple Pearl,Apr-11
Brunswick,Slingshot Red/Orange,May-12
Brunswick,Slingshot Red Pearl/Silver Pearl,Mar-10
Brunswick,Slingshot Silver Pearl/Black,Mar-10
Brunswick,Smart Zone 1,Aug-'04
Brunswick,Smart Zone 2,Aug-'04
Brunswick,Smash Zone,Jun-08
Brunswick,Smokin Inferno,June-'05
Brunswick,Smokin Inferno (White Pin),June-'05
Brunswick,Soft Cloud,"May 30, 2017"
Brunswick,Solid Zone,Oct-07
Brunswick,Soul,Apr-15
Brunswick,Soul Mate,Apr-15
Brunswick,Spark,June-'03
Brunswick,Speed Demon,Feb-98
Brunswick,Speed Zone,Aug-97
Brunswick,Speed Zone Tour Ed. # 1,Oct-97
Brunswick,Speed Zone Tour Ed. # 2,Oct-97
Brunswick,Speed Zone Tour Ed. # 3,Feb-98
Brunswick,Speed Zone Tour Ed. # 4,Feb-98
Brunswick,Stellar,"June 15, 2021"
Brunswick,Sting Zone Black/Red,Oct-07
Brunswick,Sting Zone Blue Pearl/Silver,May-08
Brunswick,Sting Zone Blue/Red,Oct-07
Brunswick,Sting Zone Purple Pearl/Silver,May-08
Brunswick,Strategy,"April 7, 2026"
Brunswick,Strike King Black Pearl,Apr-13
Brunswick,Strike King Blue/Red Pearl,Apr-13
Brunswick,Strike King Emerald Green Pearl,Apr-14
Brunswick,Strike King Purple/Pink Pearl,Apr-13
Brunswick,Strike King Red/Gold Pearl,Apr-13
Brunswick,Strike Zone,June-'05
Brunswick,Swamp Monster,June-'02
Brunswick,Swarm,May-08
Brunswick,T Zone (All Colors),Nov-97
Brunswick,Target Zone,Nov-97
Brunswick,Target Zone Color Shifter,May-'04
Brunswick,Tenacity,"December 19, 2017"
Brunswick,Tenacity Grit,"October 2, 2018"
Brunswick,The Edge,Apr-14
Brunswick,The House Viz-A-Ball,"October 22, 2024"
Brunswick,The House Viz-A-Ball Yellow,"October 28, 2025"
Brunswick,The Premium Ringer,Oct-14
Brunswick,The Shooter,Dec-14
Brunswick,Thunder Zone,Jan-08
Brunswick,Time Zone,June-'03
Brunswick,TNT Raging Red,April-'02
Brunswick,Total Inferno,Oct-'06
Brunswick,Tour Quantum BTU,"April 18, 2017"
Brunswick,Tour Quantum ECS,"April 18, 2017"
Brunswick,True Motion,"October 17, 2017"
Brunswick,True Nirvana,"January 10, 2017"
Brunswick,'Tude 1,Aug-97
Brunswick,'Tude 2,Aug-97
Brunswick,'Tude 3,Apr-98
Brunswick,Twinkle Cloud,"March 19, 2019"
Brunswick,Twist Black/Gold/Silver,"May 24, 2018"
Brunswick,Twist Blue/Silver,"May 24, 2018"
Brunswick,Twist Lavender/Lime,"May 4, 2021"
Brunswick,Twist Neon Green/Black,"April 16, 2019"
Brunswick,Twist Pink-Black,"April 1, 2025"
Brunswick,Twist Red/Purple,"May 24, 2018"
Brunswick,Twist Red/White/Blue,"April 16, 2019"
Brunswick,Twist Sky Blue/Pink/Snow,"May 24, 2018"
Brunswick,Twisted Fury,Oct-07
Brunswick,Twisted Fury Destruction,Oct-'08
Brunswick,Twisted Fury Solid,Jul-08
Brunswick,U-Motion,"February 4, 2020"
Brunswick,Ultimate Crown,"November 28, 2017"
Brunswick,Ultimate Defender,"February 5, 2024"
Brunswick,Ultimate Inferno,Jan-'04
Brunswick,Ultimate Inferno Blue,Nov-'05
Brunswick,Ultimate Nirvana,"January 19, 2016"
Brunswick,Ultra Zone,Jan-08
Brunswick,Uppercut Pearl,"December 17, 2019"
Brunswick,Urethane Zone,Jul-11
Brunswick,V-Mesmerize,"May 19, 2026"
Brunswick,Valkyrie,"February 14, 2017"
Brunswick,Valkyrie Brave,"January 16, 2018"
Brunswick,Vapor Zone,Oct-'05
Brunswick,Vapor Zone Hybrid,"December 17, 2019"
Brunswick,Vapor Zone Red,"September 16, 2025"
Brunswick,Vapor Zone Solid,"June 11, 2019"
Brunswick,Vaporize,"June 25, 2024"
Brunswick,Vaporize S.E.,"May 6, 2025"
Brunswick,Vaporize S.E. Purple Pearl,"June 16, 2026"
Brunswick,Vintage Danger Zone,"January 19, 2016"
Brunswick,Vintage Danger Zone Black Ice Special Edition,"July 12, 2016"
Brunswick,Vintage Gold Rhino Pro,Jan-15
Brunswick,Vintage Inferno,"June 13, 2017"
Brunswick,Vintage LT-48,Jan-14
Brunswick,Vintage Phantom,"September 17, 2019"
Brunswick,Vintage Teal Rhino Pro,"June 27, 2023"
Brunswick,Vintage Vapor Zone,"October 16, 2018"
Brunswick,Viz-A-Ball,Dec-'00
Brunswick,Walter Ray MVP,Aug-99
Brunswick,Warner Bros. Bugs,Jun-99
Brunswick,Warner Bros. Scooby Doo,Feb-'00
Brunswick,Warner Bros. Taz,June-'99
Brunswick,Warner Bros. Tweety,Jun-99
Brunswick,Warning Alert,"June 30, 2026"
Brunswick,Warm Zone,Apr-12
Brunswick,Warp Zone,Oct-'03
Brunswick,White Cloud,Apr-15
Brunswick,Wicked Siege,Oct-10
Brunswick,Wide Zone,Dec-'03
Brunswick,Wide Zone Red/Teal,Sept-'04
Brunswick,Wild Card,Sep-09
Brunswick,Wild Fire,Jun-09
Brunswick,Wild Hurricane,Mar-10
Brunswick,Wild Impact,Mar-10
Brunswick,Wild Ride,Dec-'08
Brunswick,Wild Ride TE,Dec-'08
Brunswick,Wild Splash,Aug-10
Brunswick,Wild Thing,May-09
Brunswick,WWF Chris Jericho,Jan-'01
Brunswick,WWF The Rock,Jan-'01
Brunswick,X Zone Black Pearl/Ivory,May-09
Brunswick,X Zone Blue Pearl/Orange Pearl,May-09
Brunswick,X Zone High Diff.,Sep-00
Brunswick,X Zone Low Diff.,Sep-00
Brunswick,X Zone TE 1,Jan-'01
Brunswick,X Zone TE 2,Jan-'01
Brunswick,(X-Mas Vintage) Rhino Pro,"November 11, 2025"
Brunswick,Zenith,"October 6, 2020"
Brunswick,Zenith Hybrid,"July 6, 2021"
Brunswick,Zenith Pearl,"February 2, 2021"
Brunswick,Zenith Premium,"August 31, 2021"
Brunswick,Zenith Red,"March 2, 2021"
Brunswick,Zephyros,Sep-15
Brunswick,Zodiac Aquarius,"August 23, 2022"
Brunswick,Zodiac Aries,"May 11, 2021"
Brunswick,Zodiac Sagittarius,"January 4, 2022"
Brunswick,"Zone ""Red Alert""",Jan-98
Brunswick,Zone Black/Amber,Jan-95
Brunswick,Zone Blue Pearl,Nov-95
Brunswick,Zone Burgundy,Jan-95
Brunswick,Zone Extreme,"May 16, 2023"
Brunswick,Zone Gold Swirl,Jan-95
Brunswick,Zone Pearlized Blue,Nov-95
Brunswick,Zone Sapphire Blue,Jun-95
Brunswick,Zone Red,Jan-95
Brunswick,Zone Classic (Green Pin),May-'04
Brunswick,Zone Classic (Red Pin),April-'04
Brunswick,Zone Defense,Jul-97
Brunswick,Zone Legend,Nov-'02
Brunswick,Zone Pro Azure,Jul-98
Brunswick,Zone Pro Black,Oct-98
Brunswick,Zone Pro Teal,Dec-98
Brunswick,Zone Pro Tour Edition 1 (Red Pin),Oct-98
Brunswick,Zone Pro Tour Edition 2 (Green Pin),Oct-98
Brunswick,Zone Pro Violet,Feb-99
Brunswick,Zone Raid Blue Vapor,June-'02
Brunswick,Zone Rush,May-'01
Brunswick,Zone Rush Cranberry,Jan-'02
Bulldog Bowling Products,Bulldog Blue,May-'02
Bulldog Bowling Products,Bulldog Green,May-'02
Bulldog Bowling Products,Bulldog Purple,May-'02
Bulldog Bowling Products,Bulldog Red,May-'02
Bulldozer,Transformer,March-'05
Caffeine Sports,Addict Charcoal/Orange,Jan-'09
Caffeine Sports,Espresso Black/Gold,Jan-'09
Caffeine Sports,Espresso X,May-09
Caffeine Sports,Power Addict,May-09
Caffeine Sports,Stimulant Purple/Pink,Jan-'09
Caffeine Sports,Stimulant X-Tra,May-09
Cal Bowling,Baseball,Aug-09
Cal Bowling,Golf Ball,Dec-'00
Cal Bowling,Soccer Ball,Aug-09
Carmen Salvino,Hypower Blue,Sep-94
Carmen Salvino,Hypower Burgundy,Sep-95
Carmen Salvino,Wild Fire Black,Dec-94
Champions,Atomic Weapon,April-'03
Champions,Black Weapon,Jan-92
Champions,Blue Dragon,Jun-94
Champions,Blue Weapon,Mar-92
Champions,Burgundy Weapon,Jan-92
Champions,Chemical Weapon,April-'03
Champions,Dynamic Weapon,Sept-'02
Champions,Eclipse Black Scarlet,May-96
Champions,Eclipse Blue,May-96
Champions,Green Dragon,May-94
Champions,Hydrogen Warhead,Sept-'02
Champions,Mustang,Jun-95
Champions,Nuclear Boom,May-'02
Champions,Nuclear Weapon,Sept-'01
Champions,Orbit Red Pearl,May-96
Champions,Orbit Wine,May-96
Champions,Psionic Weapon,July-'03
Champions,War Hawk,Aug-94
Champions,War Hawk XR,Aug-94
Champions,Warhead Weapon,May-'02
Champions,"Weapon, Ultimate",Jan-92
Champions,"Weapon, Ultimate Black",Jun-93
Circle Athletics,Air Force 1 Purple/Black/Red,Aug-07
Circle Athletics,Air Force 1 Purple/Blue,Aug-07
Circle Athletics,Chuza,April-'06
Circle Athletics,Fiesta Orange/Black,Oct-'05
Circle Athletics,Fiesta Purple/Silver,Oct-'05
Circle Athletics,Full Tilt,June-'06
Circle Athletics,Hard Core,Nov-'04
Circle Athletics,Hard Core,Jan-'06
Circle Athletics,Hard Core Fanatic Green/Purple,April-'05
Circle Athletics,Hard Core Fanatic Teal/Purple,July-'05
Circle Athletics,Hard Core Particle,Dec-'05
Circle Athletics,Hard Core XXX,June-'06
Circle Athletics,HCP,July-'05
Circle Athletics,Hero,Feb-'04
Circle Athletics,High Voltage,June-'06
Circle Athletics,Idol,Feb-'04
Circle Athletics,Mega Idol,Aug-'04
Circle Athletics,Pro Spec,Sept-'04
Circle Athletics,Pro Spec Evolution,Nov-'04
Circle Athletics,Pro Spec X,Sept-'04
Circle Athletics,Rio,Aug-'04
Circle Athletics,Super Hero,Aug-'04
Circle Athletics,Tilt,July-'05
Circle Athletics,Tilt Red/Blue,Dec-'05
Circle Athletics,Voltage,Feb-'06
Circle Athletics,Voltage Pearl,March-'05
Circle Athletics,Zero,June-'05
Coactor Ent.,Zing,Nov-97
Columbia 300,**Enigma Black/Blue/Light Blue,Feb-14
Columbia 300,**Enigma Red/Orange/Yellow,Sep-14
Columbia 300,**Throw Down Black,Jun-15
Columbia 300,A-Ball,Jan-99
Columbia 300,Action,Oct-'05
Columbia 300,Action Attack,Sept-'06
Columbia 300,Action Force,Dec-'06
Columbia 300,Action Max,July-'06
Columbia 300,Action Nano-Flex,Dec-'06
Columbia 300,Action Newbrid,May-07
Columbia 300,Action Packed,Feb-'06
Columbia 300,After Shock,Mar-96
Columbia 300,After Shock ( Pearl Red ),May-96
Columbia 300,Alter Ego,Feb-'04
Columbia 300,Alter Ego Pearl,Sept-'04
Columbia 300,Antics,May-13
Columbia 300,Antics Black/Orange/Green,Nov-13
Columbia 300,Antics Pearl,Nov-13
Columbia 300,Apogee,Sept-'06
Columbia 300,Arch Rival,May-08
Columbia 300,Atlas,"June 13, 2023"
Columbia 300,Atlas Hybrid,"June 27, 2024"
Columbia 300,Authority,"February 18, 2020"
Columbia 300,Authority Solid,"August 4, 2020"
Columbia 300,Backyard Bully,Jan-'05
Columbia 300,B-Ball,Feb-99
Columbia 300,Baller,"September 17, 2019"
Columbia 300,Bedlam,Jun-09
Columbia 300,Benchmark,Oct-11
Columbia 300,Benchmark Traction,Oct-12
Columbia 300,Big Bully,Oct-'04
Columbia 300,Big Bully Black/Silver,Nov-10
Columbia 300,Big Bully Purple/Blue/Red,Apr-11
Columbia 300,Big Buster,Oct-'04
Columbia 300,Blue Dot,Jan-'91
Columbia 300,Blur Hybrid,May-14
Columbia 300,Blur Pearl,May-14
Columbia 300,Blur Solid,May-14
Columbia 300,Bonanza,Jan-91
Columbia 300,Boss,Jul-97
Columbia 300,Boss 2012,Feb-12
Columbia 300,Boss 2012 Black/Purple/Yellow,May-12
Columbia 300,Boss Pearl,Nov-97
Columbia 300,BUD 2,Sep-91
Columbia 300,Bully,July-'04
Columbia 300,Burst,Apr-10
Columbia 300,C-Ball,Aug-99
Columbia 300,Chaos,Feb-99
Columbia 300,Chaos Black,"June 11, 2019"
Columbia 300,Chaos Green/Smoke,"December 18, 2018"
Columbia 300,Chris Barnes Professional,June-'05
Columbia 300,Chris Barnes Select,May-'06
Columbia 300,Classic Rock,Feb-'01
Columbia 300,Code Red Antics,Feb-14
Columbia 300,Columbia Special,April-'03
Columbia 300,Command,"December 17, 2020"
Columbia 300,Command Solid,"June 15, 2021"
Columbia 300,Complete Bedlam,May-10
Columbia 300,Complete Bedlam (FZ) Blue/Orange/Black,Apr-15
Columbia 300,Complete Chaos,Oct-99
Columbia 300,Cool Noize,Apr-09
Columbia 300,Crazy Antics,Nov-13
Columbia 300,Creed,"September 19, 2017"
Columbia 300,Cuda/C Burgundy,Feb-95
Columbia 300,Cuda/C Pearl,Feb-95
Columbia 300,Cuda 2000,Mar'00
Columbia 300,Cuda/C 2000,Aug-'00
Columbia 300,Cuda/C,Aug-'06
Columbia 300,Cuda Gold,"April 3, 2018"
Columbia 300,Cuda Magenta/Red/Black,"June 13, 2017"
Columbia 300,Cuda PowerCOR,"August 23, 2022"
Columbia 300,Cuda PowerCOR Pearl,"June 13, 2023"
Columbia 300,Cuda Red/Blue/Smoke,"June 13, 2017"
Columbia 300,Dark Encounter,Dec-11
Columbia 300,Dazzle,March-'03
Columbia 300,D-Ball,Oct-99
Columbia 300,Deep Freeze,Nov-14
Columbia 300,Deep Freeze Coral Splash,May-15
Columbia 300,Deep Freeze Pink Frost,May-15
Columbia 300,Delirium,Jan-15
Columbia 300,Delirium Shock,"January 7, 2016"
Columbia 300,Delirium Shock Black/Red,"January 19, 2016"
Columbia 300,Detour,Jan-'04
Columbia 300,Disorder,Nov-13
Columbia 300,Disruption,May-13
Columbia 300,Dr. Jekyll,July-'05
Columbia 300,Drastic P Swing,Nov-09
Columbia 300,Drastic Swing,Feb-09
Columbia 300,Drive,Sept-'04
Columbia 300,Dynamic Chaos,"April 24, 2018"
Columbia 300,Dynamic Swing,"September 15, 2020"
Columbia 300,Dynamic Swing Pearl,"February 2, 2021"
Columbia 300,E-Ball,Dec-99
Columbia 300,Encounter,Aug-11
Columbia 300,Enigma,Dec-12
Columbia 300,Enigma Black/Pink/Gold,Nov-13
Columbia 300,Enigma Red/Gold/Purple,Aug-13
Columbia 300,EPX T1,Aug-'05
Columbia 300,EPX-A1 Ricochet,Nov-'05
Columbia 300,Eruption,May-11
Columbia 300,Eruption II,Feb-12
Columbia 300,Eruption Pearl,"October 12, 2021"
Columbia 300,Eruption Pro,Oct-13
Columbia 300,Eruption Pro 50's Anniversary,Oct-14
Columbia 300,Eruption Pro Black,Jan-14
Columbia 300,Eruption Pro Blue,"October 24, 2017"
Columbia 300,Eruption Pro Hybrid,Sep-14
Columbia 300,Explosion,"December 27, 2022"
Columbia 300,Extreme,Aug-'05
Columbia 300,Extreme Chaos,Aug-99
Columbia 300,Extreme Chaos 2 Navy/Orange/Smoke Gray,Apr-13
Columbia 300,Extreme Chaos Blue/Purple/Yellow,Jun-13
Columbia 300,Extreme Chaos Red/Black/Silver,Nov-12
Columbia 300,Falcon Talon,Aug-'00
Columbia 300,F-Ball,May'00
Columbia 300,Flipside Chariot,April-'05
Columbia 300,Flipside Debut,June-'06
Columbia 300,Flipside Ego,Oct-'03
Columbia 300,Flipside Fanatic,Jan-'06
Columbia 300,Flipside Fanatic Purple/Gold,April-'06
Columbia 300,Flipside Fanatic Silver/Cream/Blue,June-'06
Columbia 300,Flipside Fear,June-'04
Columbia 300,Flipside Fiend,March-'03
Columbia 300,Flipside Fiesta,March-'03
Columbia 300,Flipside Panic,June-'04
Columbia 300,Flipside Shock,June-'04
Columbia 300,Flipside Wicked,May-'02
Columbia 300,Flipside Wicked Black/Red/Teal,Feb-'03
Columbia 300,Flipside Wild,May-'02
Columbia 300,Flipside Wild Ruby/Gold/Royal,Feb-'03
Columbia 300,Flipside WOW,Nov-'02
Columbia 300,Flipside WOW Pearl,March-'03
Columbia 300,Flipside WOW Purple,April-'04
Columbia 300,Formula,Nov-'03
Columbia 300,Freedom,Nov-'01
Columbia 300,Freeze Black/Pink,May-10
Columbia 300,Freeze Black/Silver,Jun-09
Columbia 300,Freeze Blue/Green,May-10
Columbia 300,Freeze Blue/Orange/Green,May-13
Columbia 300,Freeze Hybrid,Apr-12
Columbia 300,Freeze Navy Blue/Purple/Yellow,May-13
Columbia 300,Freeze Orange/Green,May-11
Columbia 300,Freeze Purple/Orange,May-10
Columbia 300,Freeze Red/Blue,May-09
Columbia 300,Freeze Scarlet/Black,Jun-09
Columbia 300,Freeze Solid,Apr-12
Columbia 300,Full Swing,May-09
Columbia 300,Full Throttle,Dec-'03
Columbia 300,Game,Apr-'01
Columbia 300,Game Pearl,Nov-'01
Columbia 300,G-Ball,Jun'00
Columbia 300,Giga Bedlam,Feb-10
Columbia 300,H-Ball,Jun'00
Columbia 300,High Speed,"August 22, 2023"
Columbia 300,Hyde,March-'03
Columbia 300,Hyjinx,April-'06
Columbia 300,Icon,July-'02
Columbia 300,Icon 2,Oct-'02
Columbia 300,Icon 300,Dec-'02
Columbia 300,Icon EQ,April-'03
Columbia 300,Icon Navy/Purple/Yellow,Sep-13
Columbia 300,Icon Quad,April-'03
Columbia 300,Icon Red/Black/Silver,Nov-13
Columbia 300,Icon Red/Navy/Gold,Nov-13
Columbia 300,IGrind Survivor,Nov-13
Columbia 300,Impulse,"September 22, 2016"
Columbia 300,Impulse Solid,"March 7, 2017"
Columbia 300,Jazz Black/Silver,Aug-08
Columbia 300,Jazz Blue/Green,Jun-07
Columbia 300,Jazz Orange/Yellow,May-08
Columbia 300,Jazz Purple/Pink,Jun-07
Columbia 300,Jazz Red/Blue,Aug-08
Columbia 300,J-Ball,Sep-'00
Columbia 300,Jekyll,March-'03
Columbia 300,Jinx,April-'06
Columbia 300,Juke,"May 23, 2017"
Columbia 300,K-Ball,Dec-'00
Columbia 300,Kaboom,"April 2, 2024"
Columbia 300,Knock Down,Nov-14
Columbia 300,Lane Catcher EX Black,Sept-'05
Columbia 300,Lane Catcher EX Navy,Sept-'05
Columbia 300,Lane Catcher EX Purple,Sept-'05
Columbia 300,L-Ball,Feb-'01
Columbia 300,Lit,"August 8, 2017"
Columbia 300,Lit Navy,"January 29, 2019"
Columbia 300,Lit Pearl,"January 2, 2018"
Columbia 300,Lit Pearl (Surface Change),"January 30, 2018"
Columbia 300,Lit Polished,"August 29, 2017"
Columbia 300,Lit Red/Black/Gold,"January 29, 2019"
Columbia 300,Loud Noize,Oct-'08
Columbia 300,Mad Antics,Nov-14
Columbia 300,Madness,"February 21, 2023"
Columbia 300,Mass Chaos,Dec-99
Columbia 300,Mass Eruption,Oct-12
Columbia 300,Max Antics,Feb-14
Columbia 300,Max Speed,"June 27, 2023"
Columbia 300,Maximum Chaos,"December 17, 2019"
Columbia 300,Melt Down,Nov-14
Columbia 300,Messenger,Mar-99
Columbia 300,Messenger Black Solid,Apr-'01
Columbia 300,Messenger Black/Gold,"April 23, 2019"
Columbia 300,Messenger Cherry Pearl,Feb-'01
Columbia 300,Messenger Nautical Blue,Feb-'01
Columbia 300,Messenger Pearl,Apr-99
Columbia 300,Messenger Pink/Purple,"April 23, 2019"
Columbia 300,Messenger PowerCOR Pearl,"June 21, 2022"
Columbia 300,Messenger PowerCOR Pearl Black-Gold,"May 28, 2024"
Columbia 300,Messenger PowerCOR Solid,"June 21, 2022"
Columbia 300,Messenger Red/Black,"April 23, 2019"
Columbia 300,Messenger TEC,Apr'00
Columbia 300,Messenger Ti Low RG,March-'05
Columbia 300,Messenger Ti Traction,Aug-'03
Columbia 300,Messenger Ti Tungsten/C,Aug-'03
Columbia 300,Messenger Titanium,Dec-99
Columbia 300,Messenger Titanium Blue/Silver/Purple,Feb-'02
Columbia 300,Messenger Titanium Pearl,Dec-'00
Columbia 300,Momentum,Nov-07
Columbia 300,Momentum Black/Red/Gold,May-08
Columbia 300,Momentum Black/Orange,"November 1, 2016"
Columbia 300,Momentum Black/Orange/Green,"November 1, 2016"
Columbia 300,Momentum Black/Silver/Navy,"March 22, 2022"
Columbia 300,Momentum Blue/Dark Blue/Pink,"March 22, 2022"
Columbia 300,Momentum Chris,Nov-08
Columbia 300,Momentum Elite Motion,Nov-14
Columbia 300,Momentum HST,"March 1, 2016"
Columbia 300,Momentum Hybrid,"January 15, 2019"
Columbia 300,Momentum HyperShock Black,"December 15, 2015"
Columbia 300,Momentum HyperShock Red,"November 3, 2015"
Columbia 300,Momentum Multi,"January 8, 2019"
Columbia 300,Momentum Red,"November 1, 2016"
Columbia 300,Momentum Swing,Jun-08
Columbia 300,Momentum Swing 300,Jan-11
Columbia 300,Momentum Swing SE,Apr-10
Columbia 300,Momentum Tour,Nov-14
Columbia 300,Momentum Unstoppable,Nov-14
Columbia 300,Movement Mugen,"March 26, 2019"
Columbia 300,Movement Mugen Black,"October 22, 2019"
Columbia 300,N'S@ne Antics,Jun-14
Columbia 300,Natural Swing,Aug-10
Columbia 300,Natural Swing 600,Jan-11
Columbia 300,Nebraska,Feb-'05
Columbia 300,New Gen Purple/Red/White,"August 27, 2019"
Columbia 300,New Gen Red,"August 27, 2019"
Columbia 300,Next Gen,"July 14, 2020"
Columbia 300,Nitrous Black/Blue/Bronze,"May 5, 2016"
Columbia 300,Nitrous Black Cherry/Yellow/Blue,"April 24, 2018"
Columbia 300,Nitrous Purple/Blue/Silver,"May 9, 2017"
Columbia 300,Nitrous Purple/Pink,"May 5, 2016"
Columbia 300,Nitrous Red/Gold,"April 24, 2018"
Columbia 300,Nitrous Red/Silver,"May 5, 2016"
Columbia 300,Nitrous Red/Smoke/White,"September 22, 2016"
Columbia 300,Nitrous Silver/Black,"May 5, 2016"
Columbia 300,No Rival,Feb-08
Columbia 300,Noize,Jul-08
Columbia 300,Oath,Aug-12
Columbia 300,Omen,Nov-11
Columbia 300,Outburst,Oct-10
Columbia 300,Outlook,"February 18, 2020"
Columbia 300,Outlook Solid,"November 3, 2020"
Columbia 300,Outrage,Mar-97
Columbia 300,Overdrive,Feb-'05
Columbia 300,Perfect Rival,Aug-08
Columbia 300,Perfect Swing,Nov-09
Columbia 300,Piranha,Jan-94
Columbia 300,Piranha Black/Violet/Turquoise,"January 24, 2017"
Columbia 300,Piranha Blue/Purple/Black,"July 12, 2016"
Columbia 300,Piranha Blue/Violet/Black,"July 12, 2016"
Columbia 300,Piranha Magenta,"February 14, 2017"
Columbia 300,Piranha Navy,"July 12, 2016"
Columbia 300,Piranha Orange/Red/Gray,"January 24, 2017"
Columbia 300,Piranha PowerCOR,"October 16, 2023"
Columbia 300,Piranha PowerCOR Pearl,"February 4, 2025"
Columbia 300,Piranha Red/Smoke/White,"February 14, 2017"
Columbia 300,Piranha Retro,Feb-'03
Columbia 300,Piranha Solid,"February 10, 2026"
Columbia 300,Piranha/C Blue,Aug-94
Columbia 300,Piranha/C Jade Green Pearl,Nov-94
Columbia 300,Pit Boss,Apr-98
Columbia 300,Planet Side,March-'05
Columbia 300,Play Antics,Feb-14
Columbia 300,Plus Antics,Mar-14
Columbia 300,Plus Swing,Jun-09
Columbia 300,Power Drive,July-'05
Columbia 300,Power Drive Sanded,Jan-'06
Columbia 300,Power Surge,May-99
Columbia 300,Power Swing,Dec-08
Columbia 300,Power Torq,"August 17, 2021"
Columbia 300,Power Torq Jet Black,"November 30, 2021"
Columbia 300,Power Torq Pearl,"April 26, 2022"
Columbia 300,Premium Swing,Sep-11
Columbia 300,Pride,Nov-07
Columbia 300,Pride Black/Silver/Red,Apr-08
Columbia 300,Pride Blue/Red/Yellow,Jun-13
Columbia 300,Primal Rage,May-97
Columbia 300,Pro Hook,Oct-92
Columbia 300,Pro Hook Extreme,Oct-92
Columbia 300,Pulse (2025),"June 24, 2025"
Columbia 300,Pulse - Clear Pin,Aug-96
Columbia 300,Pulse - White Pin,Aug-'01
Columbia 300,Pulse Blue Black Gold,Sep-09
Columbia 300,Pulse Hybrid,"March 17, 2026"
Columbia 300,Pulse Pearl,Nov-'96
Columbia 300,Pulse Scarlet (Red)/Black,Mar-10
Columbia 300,Pure Madness,"February 5, 2024"
Columbia 300,Pure Physics,May-10
Columbia 300,Pure Swing,Dec-09
Columbia 300,Quake Purple,Oct-95
Columbia 300,Quake Pearl,Jan-96
Columbia 300,Race C300,"September 18, 2018"
Columbia 300,Race C300 Hybrid,"January 29, 2019"
Columbia 300,Rage,Jan-97
Columbia 300,Rally,"April 1, 2025"
Columbia 300,Ransom,Oct-10
Columbia 300,Ransom (Orange Pin),Jan-11
Columbia 300,Ransom (FZ) Blue/Purple/Red,Apr-15
Columbia 300,Ransom Demand,May-11
Columbia 300,Raw Urge,"October 30, 2015"
Columbia 300,Razzle,March-'03
Columbia 300,Reaction Arc,Dec-'01
Columbia 300,Reaction Rev,Feb-'02
Columbia 300,Reaction Ricochet,June-'01
Columbia 300,Reaction Ricochet 2,Nov-'01
Columbia 300,Reaction Ricochet C,Feb-'02
Columbia 300,Reaction Rip,Oct-'01
Columbia 300,Reaction Roll,June-'01
Columbia 300,Reaction Roll 2 Gunsmoke,Nov-'01
Columbia 300,Red Momentum HST,"November 1, 2016"
Columbia 300,Renegade Pearl,Apr-98
Columbia 300,Resurgence,Jun-07
Columbia 300,Resurgence Black/Gold/Silver,"July 16, 2019"
Columbia 300,Resurgence Empire,May-12
Columbia 300,Resurgence Fire,May-14
Columbia 300,Resurgence Fire HST,"May 24, 2016"
Columbia 300,Resurgence Kingdom,Nov-'08
Columbia 300,Resurgence K-Tilt,Apr-11
Columbia 300,Resurgence Nouveau,Sep-07
Columbia 300,Resurgence Perfect,Oct-07
Columbia 300,Resurgence Revival,Mar-12
Columbia 300,Resurgence SE,Feb-09
Columbia 300,Resurgence Super,Sep-10
Columbia 300,Ricochet,Oct-07
Columbia 300,Ricochet 88,Mar-11
Columbia 300,Ricochet HST,"November 14, 2017"
Columbia 300,Ricochet L.E.,May-08
Columbia 300,Ricochet Megamix,April-'05
Columbia 300,Ricochet Miracle,Oct-'08
Columbia 300,Ricochet Miracle SE,Aug-11
Columbia 300,Ricochet Muscle,March-'03
Columbia 300,Ricochet Newbrid,Jun-07
Columbia 300,Ricochet Newbrid Alpha,Oct-07
Columbia 300,Ricochet Newbrid Beta,Jun-08
Columbia 300,Ricochet Newline,Apr-08
Columbia 300,Ricochet Pearl,"November 5, 2024"
Columbia 300,Ricochet Rebound,Aug-'04
Columbia 300,Ricochet Return,"October 14, 2025"
Columbia 300,Ricochet Revenge,April-'06
Columbia 300,Ricochet Rush,July-'06
Columbia 300,Ricochet Ultimate,Dec-'03
Columbia 300,Rival,Jun-07
Columbia 300,Rock & Ricochet,May-'06
Columbia 300,Rock Black,Jun'00
Columbia 300,Rock On,Dec-'00
Columbia 300,Rock On 2,Aug-'01
Columbia 300,Rock On 3,Aug-'01
Columbia 300,Rock On Begins,Nov-'04
Columbia 300,Rock On Carbide Black,July-'02
Columbia 300,Rock On Encore,Dec-'03
Columbia 300,Rock On Final,Dec-'02
Columbia 300,Rock On Forever,June-'04
Columbia 300,Rock On Limited Edition,Dec-'02
Columbia 300,Rock-On Purple Pearl Urethane,"April 30, 2019"
Columbia 300,Rock On Tungsten/C,April-'02
Columbia 300,Rock Pearl,Jun'00
Columbia 300,Rock Star,Sep-'00
Columbia 300,Saber,"July 25, 2017"
Columbia 300,Saber Pearl,"June 19, 2018"
Columbia 300,Savage,"August 14, 2018"
Columbia 300,Savage Black Pearl,"November 6, 2018"
Columbia 300,Savage Hybrid,"June 12, 2018"
Columbia 300,Savage Life,"February 12, 2019"
Columbia 300,Savage Midnight,"November 13, 2018"
Columbia 300,Savage Pearl Copper/Gold/Smoke,"November 13, 2018"
Columbia 300,Scout Black,Jun'00
Columbia 300,Scout Black/Red,Feb'00
Columbia 300,Scout Pearl Jade,May'00
Columbia 300,Scout Purple,May'00
Columbia 300,Scout Reactive Black,May-15
Columbia 300,Scout Reactive Black/Red Pearl,Apr-07
Columbia 300,Scout Reactive Blue/Gold,Apr-07
Columbia 300,Scout Reactive Blue/White,May-10
Columbia 300,Scout Reactive Green/Blue,Apr-13
Columbia 300,Scout Reactive Green/Silver,Apr-07
Columbia 300,Scout Reactive Magenta/Yellow,May-13
Columbia 300,Scout Reactive Purple/Silver,May-12
Columbia 300,Scout Reactive Purple/White,May-11
Columbia 300,Scout Reactive Raspberry/Blue,"May 5, 2016"
Columbia 300,Scout Reactive Red/Pink/Orange,May-10
Columbia 300,Scout Reactive Red/Purple/Gold,"May 9, 2017"
Columbia 300,Scout Reactive Red/White/Blue,"April 24, 2018"
Columbia 300,Scout Reactive Teal/Silver,May-12
Columbia 300,Scout Reactive Tiger's Eye,Apr-14
Columbia 300,Scout Red/Gold,May-08
Columbia 300,Scout Ruby Red Pearl,Apr-'01
Columbia 300,Scout Urethane Hi-Flare,April-'05
Columbia 300,Scout/R Black Solid,April-'06
Columbia 300,Scout/R Blue/Green/Bronze,Feb-'05
Columbia 300,Scout/R Burgundy/Emerald/Blue,Feb-'04
Columbia 300,Scout/R Hi-Flare,March-'05
Columbia 300,Scout/R High Flare Pink/Blue/White,April-'06
Columbia 300,Scout/R High Flare Silver/Purple/Red,April-'06
Columbia 300,Scout/R Particle,April-'02
Columbia 300,Scout/R Particle Hi-Flare,April-'05
Columbia 300,Scout/R Pearl,May-'03
Columbia 300,Scout/R Red-Violet Pearl,Apr-'01
Columbia 300,Severe Delirium,Jun-15
Columbia 300,Shadow,Sep-94
Columbia 300,Shadow /C Pearl,Dec-96
Columbia 300,Shadow/R,Sep-94
Columbia 300,Shark Pearl,"September 1, 2020"
Columbia 300,Shark Solid,"September 1, 2020"
Columbia 300,Sharp Noize,Nov-09
Columbia 300,Sideswipe,"June 16, 2016"
Columbia 300,Sideswipe Solid,"December 15, 2016"
Columbia 300,Sideswipe Copper/Black,"July 12, 2016"
Columbia 300,Smack Down,May-13
Columbia 300,Smack Down (Yellow Pin),Jul-13
Columbia 300,Speed,"February 22, 2022"
Columbia 300,Speed Deep Bruise,"June 28, 2022"
Columbia 300,Speed Ricochet,Feb-10
Columbia 300,Spirit,Nov-'01
Columbia 300,Spirit II,Aug-'03
Columbia 300,Splash,Aug-99
Columbia 300,Spoiler,"October 3, 2017"
Columbia 300,Spoiler (ABS),"October 17, 2017"
Columbia 300,Spoiler Alert,"October 16, 2018"
Columbia 300,Sport Ball,Oct-'01
Columbia 300,Street Rally,"December 2, 2025"
Columbia 300,Stingray,Jun-94
Columbia 300,Stingray/C,May-95
Columbia 300,Super Beast,Apr-97
Columbia 300,Super Beast TI,Jun-98
Columbia 300,Super Cuda,Aug-96
Columbia 300,Super Cuda PowerCOR,"September 3, 3024"
Columbia 300,Super Cuda PowerCOR Pearl,"May 27, 2025"
Columbia 300,Super Ransom,Apr-09
Columbia 300,Super Ricochet,Mar-11
Columbia 300,Super Swing,Mar-09
Columbia 300,Super Trooper,April-'04
Columbia 300,Surge,Jan-99
Columbia 300,Swerve,Aug-15
Columbia 300,Swerve (MK) Orange Pin,"October 20, 2015"
Columbia 300,Swerve Big,"March 15, 2016"
Columbia 300,Swerve Fx,"January 7, 2016"
Columbia 300,Swerve GT,"June 16, 2016"
Columbia 300,Swerve Gold,"March 15, 2016"
Columbia 300,Swerve Limited,"February 23, 2016"
Columbia 300,Swerve SE,"March 29, 2016"
Columbia 300,System I MRG,Jul-97
Columbia 300,Take Down,Dec-13
Columbia 300,Ten (10),Jan-'07
Columbia 300,The Beast,Mar-92
Columbia 300,The Beast Black/Pink/Purple,"June 30, 2020"
Columbia 300,The Beast Blood Red,Apr-98
Columbia 300,The Beast Blue,Jun-94
Columbia 300,The Beast Blue Pearl,"June 9, 2020"
Columbia 300,The Beast Blue/Black/White,"April 16, 2019"
Columbia 300,The Beast Blue/Red/Black,"June 9, 2020"
Columbia 300,The Beast Cherry/Gold/White,"April 16, 2019"
Columbia 300,The Beast Lime/Sky/Black,"May 4, 2021"
Columbia 300,The Beast Master,April-'03
Columbia 300,The Beast Mode,Apr-14
Columbia 300,The Beast Mode Hybrid,Sep-14
Columbia 300,The Beast Pearl W/Mica,Aug-99
Columbia 300,The Beast Polyester,Aug-96
Columbia 300,The Beast Purple/Lime/Silver,"April 16, 2019"
Columbia 300,The Beast Purple Sparkle,"May 7, 2019"
Columbia 300,The Beast Solid W/Mica,Aug-99
Columbia 300,The Beast Urethane,"February 2, 2016"
Columbia 300,The Big Shot,Jan-'07
Columbia 300,The Classic U2,May-12
Columbia 300,The Classic U2 (FZ) Sky Blue/Purple,Apr-15
Columbia 300,The Momentum,Mar-12
Columbia 300,The Momentum 2013,Dec-12
Columbia 300,The Momentum Black,Feb-13
Columbia 300,The Momentum Cherry/Gold,"July 31, 2018"
Columbia 300,The Momentum Gold,Mar-14
Columbia 300,The Momentum HSTx2,"April 4, 2017"
Columbia 300,The Momentum HST Black/Gold,"July 3, 2018"
Columbia 300,The Momentum (MK) 2013 Teal/Yellow/Black,Sep-13
Columbia 300,The Momentum Plus (X2 Black),"December 19, 2017"
Columbia 300,The Momentum Plus Orange/Black/Gray,"April 3, 2018"
Columbia 300,The Momentum Solid,May-13
Columbia 300,The Momentum Super Solid,Sep-13
Columbia 300,The Professional,April-'05
Columbia 300,The Rock,Mar-08
Columbia 300,Throttle,June-'03
Columbia 300,Throttle On Blue/Silver,April-'04
Columbia 300,Throttle On Grape,Feb-'04
Columbia 300,Throttle Up,Oct-'03
Columbia 300,Throttle Xcelerator,April-'04
Columbia 300,Throttle-R,June-'03
Columbia 300,Throw Down,Aug-14
Columbia 300,Throw Down Sanded (Red Pin),Sep-14
Columbia 300,Ti/Beast,Mar-98
Columbia 300,Ti/Boss II,Jul-98
Columbia 300,Ti/Boss Tec 2,May-'02
Columbia 300,Tite Angle Black,Aug-'05
Columbia 300,Tite Angle Blue,July-'05
Columbia 300,Tite Angle Purple,July-'05
Columbia 300,Titeline/R,Aug-'01
Columbia 300,Top Speed,"October 18, 2022"
Columbia 300,Total Bedlam,Dec-09
Columbia 300,Total Bedlam Black/Orange,Apr-10
Columbia 300,Total Chaos,Mar'00
Columbia 300,Tour Boss,Dec-97
Columbia 300,Tour Boss Imperial Blue,Jan-98
Columbia 300,Tour Boss Pearl,Apr-98
Columbia 300,Tremor Purple,Mar-96
Columbia 300,Trooper,April-'04
Columbia 300,Tyrant,"September 22, 2016"
Columbia 300,Tyrant E.A.P,"June 18, 2019"
Columbia 300,Tyrant E.A.S,"June 18, 2019"
Columbia 300,Tyrant Master,"March 20, 2018"
Columbia 300,Tyrant Pearl,"December 15, 2016"
Columbia 300,Tyrant Pearl Black/Red/Silver,"February 14, 2017"
Columbia 300,Tyrant Rage,"April 3, 2018"
Columbia 300,Ultra Eruption,Mar-13
Columbia 300,Urge,Jun-15
Columbia 300,Urge (Yellow Pin),Jun-15
Columbia 300,U-Turn,Feb-'05
Columbia 300,U-Turn Particle,June-'05
Columbia 300,U-Turn Particle Pearl,Feb-'06
Columbia 300,Violent Eruption,May-12
Columbia 300,Virus,"July 14, 2020"
Columbia 300,Virus Hybrid,"March 22, 2022"
Columbia 300,Vow,Jan-13
Columbia 300,White Dot (All Colors),May'00
Columbia 300,Wicked Encounter,May-12
Columbia 300,Wicked Ultra,May-'04
Columbia 300,Wired,Sept-'03
Columbia 300,Wired Extreme,Sept-'04
Columbia 300,World Beater,Dec-10
Columbia 300,World Beater Black/Blue/Red,Feb-11
Columbia 300,World Beater II,May-11
Columbia 300,World Beater Maximum,Apr-11
Columbia 300,Wrath,June-'06
Columbia 300,Wrath Black/Blue/Orange,"June 6, 2017"
Columbia 300,Wrath Dead Flush,Jan-08
Columbia 300,Wrath High Flush,Jun-07
Columbia 300,Wrath SF,Dec-'06
Columbia 300,Wrath XP,June-'06
Columbia 300,XTech (11 Lb. Only),"April 11, 2023"
Columbia 300,Zenith,Sept-'04
Comet&Co.,Obsidian,"July 28, 2026"
Complete Leisure Bowling,Vegas Reels,Jul-07
Complete Leisure Bowling,Vegas Royal Flush,Jul-07
Complete Leisure Bowling,Vegas Symbols,Jul-07
DC,Hero (Batman),"December 19, 2023"
DC,Hero (Flash),"December 19, 2023"
DC,Hero (Joker),"December 19, 2023"
DC,Hero (Superman),"December 19, 2023"
DC,Hero/S,"December 19, 2023"
Denver Sporting,Devil,Jan-10
Denver Sporting,DV-701,Dec-11
Denver Sporting,DV-703,Dec-11
Denver Sporting,DV-704,Dec-11
Denver Sporting,DV-706,Dec-11
Denver Sporting,DV-707,Dec-11
Denver Sporting,DV-708,Dec-11
Denver Sporting,DV-710,Dec-11
Denver Sporting,DV-718,Dec-11
Denver Sporting,DV-719,Dec-11
Denver Sporting,DV-723,Dec-11
Denver Sporting,Glacier,Jan-10
Denver Sporting,Red Bellied Black,Jun-10
Denver Sporting,The Black Prince,Jan-10
Dexter,THE 9,Jul-15
Dexter,Dexter Clear (Black Cube),"October 7, 2025"
DQA,DHAWK,Aug-08
DQA,Dhawk Roar,Mar-09
DV8,Activ8,"May 4, 2021"
DV8,Alley Cat Pink/Black,"April 18, 2017"
DV8,Alley Cat Purple/Green,"April 18, 2017"
DV8,Alley Cat Red/Electric Blue,"April 18, 2017"
DV8,Brutal Collision,"November 1, 2022"
DV8,Brutal Nightmare,Dec-12
DV8,Captiv8,"January 24, 2023"
DV8,Chill,"May 23, 2023"
DV8,Chill Pearl,"April 30, 2024"
DV8,Collision,"January 25, 2022"
DV8,Collision Disastrous,"October 8, 2024"
DV8,Creed,"June 13, 2017"
DV8,Creed Rebellion,"June 14, 2018"
DV8,Creed Revelation,"January 9, 2018"
DV8,Damn Good Verge,"January 19, 2021"
DV8,Damn Good Verge Pearl,"October 12, 2021"
DV8,Dark Knight,Mar-15
DV8,Dark Side,"March 4, 2025"
DV8,Dark Side Curse,"January 6, 2026"
DV8,Decree,"July 7, 2020"
DV8,Decree Pearl,"November 3, 2020"
DV8,Deviant,Sep-15
DV8,Deviant Pearl,"June 14, 2016"
DV8,Diamond Diva,"May 24, 2022"
DV8,Diva,Dec-12
DV8,Diva Angel,"September 20, 2016"
DV8,Diva Divine,Dec-14
DV8,Diva Pearl,Dec-13
DV8,Diva Style,"December 20, 2016"
DV8,Diva XOXO,"December 29, 2015"
DV8,Double Trouble,"March 10, 2026"
DV8,Dude,Oct-13
DV8,DV8 Polyester Fearless Fuchsia,Jun-14
DV8,DV8 Polyester Glitter Gold,Jun-14
DV8,DV8 Polyester Just Black,Jun-14
DV8,DV8 Polyester Lime Luster,"September 17, 2019"
DV8,DV8 Polyester Slime Green,Jun-14
DV8,Endless Nightmare,Jun-13
DV8,Freak Show,"June 14, 2016"
DV8,Freak Show Flip,"June 13, 2017"
DV8,Freak Show Solid,"October 11, 2016"
DV8,Frequency Hybrid,"September 17, 2019"
DV8,Glam,"December 17, 2019"
DV8,Grudge,"December 29, 2015"
DV8,Grudge Hybrid,"June 14, 2016"
DV8,Grudge Pearl,"October 11, 2016"
DV8,Hater,"March 5, 2024"
DV8,Hater Pearl,"April 29, 2025"
DV8,Heckler,"November 5, 2024"
DV8,Heckler Hybrid,"October 14, 2025"
DV8,Heckler Taunt,"June 2, 2026"
DV8,Hell Cat,"June 21, 2022"
DV8,Hell Cat XLR8,"June 27, 2023"
DV8,Hell Raiser,Jul-11
DV8,Hell Raiser Blaze,"June 15, 2021"
DV8,Hell Raiser Killer,Mar-15
DV8,Hell Raiser Return,"January 19, 2021"
DV8,Hell Raiser Revenge,Dec-11
DV8,Hell Raiser Rumor,Apr-15
DV8,Hell Raiser Terror,Jun-12
DV8,Hitman,"October 3, 2017"
DV8,Hitman Enforcer,"June 14, 2018"
DV8,Hooligan,Oct-14
DV8,Hooligan Taunt,Jun-15
DV8,Instigator,"June 11, 2019"
DV8,Intense Collision,"June 30, 2026"
DV8,Intimidator Pearl,"September 22, 2020"
DV8,Intimidator Solid,"December 17, 2019"
DV8,Killer Nightmare,Aug-13
DV8,Mantra,"September 3, 2024"
DV8,Mantra Solid,"September 9, 2025"
DV8,Marauder,Jun-12
DV8,Marauder Madness,Oct-12
DV8,Marauder Mutiny,Jun-13
DV8,Medusa,"September 21, 2021"
DV8,Misfit Green/White,Dec-11
DV8,Misfit Neon Blue Pearl,Mar-13
DV8,Misfit Neon Red/Orange Solid,Dec-13
DV8,Misfit Neon Yellow Pearl,Dec-12
DV8,Misfit Orange/Blue,Jul-11
DV8,Misfit Violet/White Hybrid,Apr-12
DV8,Misfit Yellow/Magenta,Jul-11
DV8,Nasty Rumor,"January 9, 2018"
DV8,Night Prowler,"June 11, 2019"
DV8,Nightmare,Oct-12
DV8,Nightmare Joker,Apr-13
DV8,Notorious,"January 8, 2019"
DV8,Notorious Solid,"September 24, 2019"
DV8,Outcast Black Citron,Oct-14
DV8,Outcast Blue Bruiser,"April 5, 2016"
DV8,Outcast Mango Tango,Oct-14
DV8,Outcast Mellon Baller,Oct-14
DV8,Outrage,Jun-15
DV8,Outrage Sniper,Sep-15
DV8,Pitbull,"December 20, 2016"
DV8,Pitbull Bark,"October 2, 2018"
DV8,Pitbull Bite,"January 9, 2018"
DV8,Pitbull Growl,"June 13, 2017"
DV8,Poison,"October 2, 2018"
DV8,Poison Pearl,"June 11, 2019"
DV8,Primitiv8,"January 16, 2024"
DV8,Prowler,"January 8, 2019"
DV8,Reckless,Jul-11
DV8,Ruckus,Oct-13
DV8,Ruckus Boom,Mar-14
DV8,Ruckus Feud,Dec-13
DV8,Ruckus Schizo,Jun-14
DV8,Rude Dude,Jun-14
DV8,Rumor,"June 13, 2017"
DV8,Severe Collision,"June 24, 2025"
DV8,Tactic Control,"June 14, 2018"
DV8,Thug,Oct-14
DV8,Thug Corrupt,Jun-15
DV8,Thug Life,Sep-15
DV8,Thug Unruly,Dec-14
DV8,Too Reckless,Nov-11
DV8,Trouble Maker,"March 21, 2023"
DV8,Trouble Maker Pearl,"January 9, 2024"
DV8,Trouble Maker Solid,"January 5, 2025"
DV8,Turmoil Hybrid,"January 8, 2019"
DV8,Turmoil Pearl,"April 17, 2018"
DV8,Turmoil Solid,"April 17, 2018"
DV8,Turmoil 2 Pearl,"April 16, 2019"
DV8,Turmoil 2 Solid,"April 16, 2019"
DV8,Vandal,Jun-15
DV8,Vandal Destroy,"December 20, 2016"
DV8,Vandal Savage,"May 30, 2017"
DV8,Vandal Smash,"June 14, 2016"
DV8,Vandal Solid,"December 8, 2015"
DV8,Vandal Strike,"October 3, 2017"
DV8,Verge Hybrid,"September 19, 2023"
DV8,Verge Pearl,"July 14, 2020"
DV8,Verge Solid,"September 17, 2019"
DV8,Verge Solid Orange-White,"September 20, 2022"
DV8,Violent Collision,"November 7, 2023"
DV8,Viz-A-Ball,Jun-12
DV8,Warrant Hybrid,"December 17, 2019"
DV8,Warrant Solid,"November 3, 2020"
DV8,Wicked Collision,"June 18, 2024"
Dyno-Thane,**Turbine Black/Blue,Jun-15
Dyno-Thane,**Turbine II Black/Gold,Jun-13
Dyno-Thane,American Eagle,July-'02
Dyno-Thane,Anomaly,Dec-'03
Dyno-Thane,Barrage,Feb-'03
Dyno-Thane,Bat,Aug-08
Dyno-Thane,Bat 2,Apr-09
Dyno-Thane,Black Scorpion,Feb-09
Dyno-Thane,Blue Scorpion,Feb-10
Dyno-Thane,C4,Aug-99
Dyno-Thane,Centrifugal Mass,Aug-'05
Dyno-Thane,Centrifugal Mass #2,April-'06
Dyno-Thane,Concept FX,Feb-98
Dyno-Thane,Concept X,Jan-95
Dyno-Thane,Concept XTC,Aug-96
Dyno-Thane,Concept 4,Jul-94
Dyno-Thane,Concept 4P,Mar-96
Dyno-Thane,Concept Cubic/R,Mar-96
Dyno-Thane,Concept EFX,Oct-95
Dyno-Thane,Concept Special EFX,May-96
Dyno-Thane,Concept Special EFX Pearl,Jan-97
Dyno-Thane,Concept Xxtra,Aug-97
Dyno-Thane,Concept Xxtra Swirl,Jan-97
Dyno-Thane,Crisis,Oct-99
Dyno-Thane,Crisis Pearl,Nov-'04
Dyno-Thane,Crisis Solid,Oct-'06
Dyno-Thane,Cure,Nov-'01
Dyno-Thane,Cure Pearl,July-'02
Dyno-Thane,D&C SA,Oct-'06
Dyno-Thane,D&C SS,Oct-'06
Dyno-Thane,Dyna Ace of Clubs,Jul-12
Dyno-Thane,Dyna Ace of Diamonds,Jul-12
Dyno-Thane,Dyna Ace of Diamonds GY (Blue/Gold),Dec-13
Dyno-Thane,Dyna Ace of Hearts,Dec-12
Dyno-Thane,Dyna Ace of Spades,Jul-12
Dyno-Thane,Dyna Star,Feb-12
Dyno-Thane,Dyna Star II,Apr-12
Dyno-Thane,Dyna Star III,Aug-12
Dyno-Thane,Dyno One,Jan-08
Dyno-Thane,Dynosaur,May-'03
Dyno-Thane,Dynosaur Black Pearl,April-'04
Dyno-Thane,Dynosaur Pearl,Aug-'03
Dyno-Thane,Element,Oct-'02
Dyno-Thane,Element AU2,Dec-'04
Dyno-Thane,Element AU-79,April-'04
Dyno-Thane,Element Carbide,Feb-'03
Dyno-Thane,Element NE10,Oct-'06
Dyno-Thane,Element Platinum,Sept-'04
Dyno-Thane,Element Tour,May-'03
Dyno-Thane,Element ZR40,Jan-'06
Dyno-Thane,Elixir,Jul'00
Dyno-Thane,Elixir Pearl,Jan-'01
Dyno-Thane,Energy,Jan-'05
Dyno-Thane,Explorer,Dec-'03
Dyno-Thane,Grazie 39,Aug-'03
Dyno-Thane,Hero,Aug-07
Dyno-Thane,High Energy,April-'05
Dyno-Thane,Hot Poison,Jan-11
Dyno-Thane,Killer Machine,Dec-10
Dyno-Thane,Killer Machine II,Nov-11
Dyno-Thane,Lizard,Sep-11
Dyno-Thane,Maximum Risk,Feb-97
Dyno-Thane,Midas,Dec-'03
Dyno-Thane,Pin Killer,Oct-07
Dyno-Thane,Pin Killer II,May-08
Dyno-Thane,Pin Killer III,Oct-'08
Dyno-Thane,Pin Killer IV,Oct-09
Dyno-Thane,Pin Killer V,Aug-10
Dyno-Thane,Poseidon,Apr-10
Dyno-Thane,Poseidon Force,Aug-10
Dyno-Thane,Powerthane,Nov-92
Dyno-Thane,Pro Thing,Aug-'03
Dyno-Thane,Pure Energy,July-'05
Dyno-Thane,R. X.,May-98
Dyno-Thane,Rampage Carbide,July-'02
Dyno-Thane,Red Scorpion,Jul-08
Dyno-Thane,Red Scorpion Sahara,Feb-10
Dyno-Thane,Remedy,June-'01
Dyno-Thane,Rev-X,Aug-99
Dyno-Thane,Spare Shot,Aug-97
Dyno-Thane,Spark Emerald/Fire,"November 21, 2017"
Dyno-Thane,Spark Fire/Blaze,"December 20, 2016"
Dyno-Thane,Spark Red/Smoke,"December 20, 2016"
Dyno-Thane,Summit,March-'04
Dyno-Thane,Summit ZYX,Dec-'04
Dyno-Thane,The Thing Expansion,Aug-'05
Dyno-Thane,The Thing Lives,Sept-'04
Dyno-Thane,The Thing Returns,Oct-'03
Dyno-Thane,Thing,Feb-'03
Dyno-Thane,Threshold,July-'06
Dyno-Thane,Threshold NGS,Jan-'07
Dyno-Thane,Threshold NGS Purple Pearl,Jan-'07
Dyno-Thane,Turbine,Jun-11
Dyno-Thane,Unique,Jun-07
Dyno-Thane,Vendetta,July-'02
Dyno-Thane,Vendetta 357 Magnum,Aug-'06
Dyno-Thane,Vendetta 44 Magnum,April-'06
Dyno-Thane,Vendetta Black,May-'03
Dyno-Thane,Vendetta Carbide,July-'02
Dyno-Thane,Vendetta Carbide Particle,Sept-'02
Dyno-Thane,Vendetta Killer,March-'05
Dyno-Thane,Vendetta Maxx,May-'05
Dyno-Thane,Vendetta Pearl Particle,Feb-'04
Dyno-Thane,Vendetta Purple,"November 21, 2017"
Dyno-Thane,Vendetta Red,"December 20, 2016"
Dyno-Thane,Vendetta Sin,Aug-'03
Dyno-Thane,Vendetta Sniper,July-'05
Dyno-Thane,XTC Tour Nugget,Jan-97
Dyno-Thane,Zing Special X,Apr-99
E.O.S.,Terminator/R,May-96
Ebonite,"""8"" Ball",Feb-98
Ebonite,**Apache 6 Star Hunter Green,Jan-'04
Ebonite,**Apex Addiction Spinner,Jan-'04
Ebonite,**Apex Black,Jan-'04
Ebonite,**Apex II Blue,Jan-'04
Ebonite,**Apex II Hunter Green,Jan-'04
Ebonite,**Apex III Blood Red/White,Jan-'04
Ebonite,**Apex Reflex Export,Jan-'04
Ebonite,**Apex RPM,Feb-'05
Ebonite,**Black Wolf (11 M),Mar-12
Ebonite,**Blue Wolf (11 M),"May 3, 2016"
Ebonite,**Crush/R New Red Sanded,Jan-'04
Ebonite,**Crush/R Red,"November 24, 2015"
Ebonite,**Game Time Red,June-'06
Ebonite,**Honor Blue,Feb-15
Ebonite,**Honor Burgundy (EY Below 13 Only),"July 18, 2017"
Ebonite,**Honor Deep Navy (11 Lb. Only),"February 13, 2018"
Ebonite,**Honor Purple (11M),"May 3, 2016"
Ebonite,**Killer Instinct,May-'05
Ebonite,**Legacy 7 Stars Hunter Green,Jan-'04
Ebonite,**Matrix FX Export,Jan-'04
Ebonite,**Matrix TPS 3 Hunter Green,Jan-'04
Ebonite,**Matrix Trimax 3 Burgundy/Purple,Jan-'04
Ebonite,**Maxim Beauty Rest,Oct-'08
Ebonite,**Maxim Comforpedic,July-'08
Ebonite,**Mission Red/Black,Sep-10
Ebonite,**Mission 2.0 Black (11 M),Jul-11
Ebonite,** Mission X Black/Purple,Feb-14
Ebonite,** Mission X Black/Silver,Feb-15
Ebonite,** Mission X Deep Purple,Mar-13
Ebonite,** Mission X Silver/Purple,"November 24, 2015"
Ebonite,** Mission X Wine,Sep-14
Ebonite,**Nitro/X Squared Red Sanded,Jan-'04
Ebonite,**Puma Hazel Pearl,Jan-'04
Ebonite,**Red Wolf Special Edition,Dec-13
Ebonite,**Timberwolf Apple Pearl Export,Jan-'04
Ebonite,**Timberwolf Pine Green,Jan-'04
Ebonite,**Timberwolf Red Pearl Export,Jan-'04
Ebonite,**Tomahawk Low Torque Black/Blue,May-'05
Ebonite,**Tomahawk Low Torque Black/Burgundy,Dec-'06
Ebonite,**Tomahawk Low Torque Blue,May-'06
Ebonite,**Tomahawk Low Torque Merlot,Jan-'04
Ebonite,**Tomahawk Low Torque Purple,Sept-'05
Ebonite,**Tomahawk Low Torque RPM,Jan-'04
Ebonite,**Tomahawk Low Torque Rubine Red,Jan-'04
Ebonite,**Tomahawk Low Torque TPS 3 Hunter Green,Jan-'04
Ebonite,**Tomahawk Pro High Torque,Jan-'04
Ebonite,**Tomahawk Pro Low Torque,Jan-'04
Ebonite,**Tomahawk TPS Navy,Jan-'04
Ebonite,**Tomahawk TPSGoldstone,Jan-'04
Ebonite,**Tomahawk X-Plosion Export Black,Jan-'04
Ebonite,**Tomahawk X-Plosion Export Black/Blue,Jan-'04
Ebonite,**Tomahawk X-Plosion Green,Feb-'06
Ebonite,**Tornado Blue/Violet Sparkle,Jan-'04
Ebonite,**TPC Player Black/Red,Dec-'06
Ebonite,**TPC Player Black/Silver,May-'05
Ebonite,**TPC Shooter Spinner,Jan-'04
Ebonite,**TPC Warrior Blue Swirl,Jan-'04
Ebonite,**TPC Warrior Red,Jan-'04
Ebonite,**Turbo XL,Jul-15
Ebonite,**Turbo XL Wine,Jan-'04
Ebonite,**V2 Particle Blue,Jan-'04
Ebonite,**V2 RPM,Oct-'04
Ebonite,**Vortex 1 Purple/Teal,Jan-'04
Ebonite,**Vortex 2 Black/Blue Sanded,Jan-'04
Ebonite,**Vortex 3 Royal Blue Sanded,Jan-'04
Ebonite,**Warrior Black/Silver/Blue (Under 13-Lb. Only),"June 27, 2017"
Ebonite,**Wolf,Sept-'06
Ebonite,**Wolf Black,Feb-'06
Ebonite,**Wolf Gold,"November 6, 2018"
Ebonite,**Wolf Purple,Aug-12
Ebonite,**Wolf Export Navy/Green,Jan-'04
Ebonite,**Wolf Reactive Export Red,Jan-'04
Ebonite,**Xcel (Blue),Sept-'05
Ebonite,**XXXcel Navy,June-'06
Ebonite,**XXXcel Red,Dec-'06
Ebonite,7-Star Legacy,Jun-'00
Ebonite,Absolute One,Feb-07
Ebonite,AC7,June-'06
Ebonite,AC7z,Oct-'08
Ebonite,ACV-7,Jan-07
Ebonite,ACX-7,Nov-07
Ebonite,Adrenaline Overload,"December 17, 2015"
Ebonite,Adrenaline Shot,Jun-15
Ebonite,Aero,"August 4, 2020"
Ebonite,Aero Dynamix,"December 15, 2020"
Ebonite,Affinity,"August 8, 2017"
Ebonite,African American,Apr'00
Ebonite,Air Raid,Mar-08
Ebonite,Allure,"January 28, 2020"
Ebonite,Allure Solid,"November 3, 2020"
Ebonite,Amethyst Purple,Aug-99
Ebonite,Angular Motion,Jan-'09
Ebonite,Angular One,Oct-'06
Ebonite,Angular One (2017),"September 19, 2017"
Ebonite,Angular One Royal/Violet/Bronze,Mar-11
Ebonite,Angular One V-Spec,Dec-07
Ebonite,Apex,Dec-'00
Ebonite,Apex Addiction,Dec-'02
Ebonite,Apex Adrenaline,Jan-'02
Ebonite,Apex Adrenaline Carbide,May-'02
Ebonite,Apex Adrenaline STS,Oct-'04
Ebonite,Apex Adrenaline Wolfram C,July-'02
Ebonite,Apex Aggression,May-'02
Ebonite,Apex Intensity,Aug-'01
Ebonite,Apex Obsession,Feb-'03
Ebonite,Apex Obsession Wolfram C,Dec-'03
Ebonite,Apex Summit,Nov-'08
Ebonite,Aurora NGS,Sept-'08
Ebonite,Aurora RWB,Sept-'08
Ebonite,Bash,Jun-07
Ebonite,Bash Black Red,May-08
Ebonite,Big One (2017),"September 12, 2017"
Ebonite,Big One J Limited,Sept-'06
Ebonite,Big Time,Jan-'05
Ebonite,Big Time Pearl,May-'05
Ebonite,Big Time Special Edition,"October 17, 2023"
Ebonite,Black Ice,May-'05
Ebonite,Black Wolf,May-'94
Ebonite,Blast Angular One,Aug-15
Ebonite,Blue Clear,Aug-98
Ebonite,Blood Angular One,"March 19, 2024"
Ebonite,Boom,May-09
Ebonite,Bud Light,July-'01
Ebonite,Bud Light Polyester,Sept-'02
Ebonite,Budweiser,Jul'00
Ebonite,Budweiser Polyester,Sept-'02
Ebonite,Budweiser Reactive,Sept-'02
Ebonite,Captain America,Mar-99
Ebonite,Captain Class,March-'03
Ebonite,Captain Cool,March-'03
Ebonite,Captain Fantasy,Mar-99
Ebonite,Captain Firefly,Oct-'01
Ebonite,Captain Nemo,Apr'00
Ebonite,Challenge,Sep-12
Ebonite,Challenge-S,Oct-12
Ebonite,Challenge Tour Pro,Jan-14
Ebonite,Champion,Feb-13
Ebonite,Choice,"June 19, 2018"
Ebonite,Choice Pearl,"December 18, 2018"
Ebonite,Choice Pearl Dark Purple/Purple/White,"May 7, 2019"
Ebonite,Choice Red/Gold/Blue,"October 30, 2018"
Ebonite,Choice Solid,"July 16, 2019"
Ebonite,Clash,Jun-07
Ebonite,Clash Turquoise Purple,May-08
Ebonite,Clear Wolf (Wolverine),Oct-96
Ebonite,Code of Honor,Dec-14
Ebonite,Command Angular One,"September 13, 2022"
Ebonite,Complete Angular One,"July 3, 2018"
Ebonite,Complete NV,Jan-08
Ebonite,Cougar,May-97
Ebonite,Cougar (Pearl),Sep-98
Ebonite,Craft,Jun-15
Ebonite,Craft Angular One,"July 14, 2020"
Ebonite,Cross Fire,May-'05
Ebonite,Crush,Jan-93
Ebonite,Crush Black,"February 1, 2022"
Ebonite,Crush Navy Urethane,"December 18, 2024"
Ebonite,Crush Red Urethane,"August 13, 2024"
Ebonite,Crush Urethane,"September 7, 2021"
Ebonite,Crush/R,Jan-93
Ebonite,Crush/R Black/Gold/Silver,Jun-12
Ebonite,Crush/R Black/Orange,"September 12, 2017"
Ebonite,Crush/R Blazing Fire,Jun-13
Ebonite,Crush/R Blue/Green,Jun-12
Ebonite,Crush/R Green/Yellow Pearl,Jun-15
Ebonite,Crush/R Purple/Orange/Yellow,Jun-12
Ebonite,Crush/R Red/Purple/Gold,"September 19, 2017"
Ebonite,Crush/R Royal Blue/Lightning Yellow,Jul-13
Ebonite,Crush/R Turquoise/Purple/Magenta,Jul-14
Ebonite,Crusher,"September 3, 2024"
Ebonite,Crusher Hybrid,"January 5, 2025"
Ebonite,Curve Ball,Jun-10
Ebonite,Cyclone Black/Blue/Silver,"May 9, 2017"
Ebonite,Cyclone Black/Gold/Silver,Apr-11
Ebonite,Cyclone Black/Red/Yellow,May-14
Ebonite,Cyclone Blue/Red Sparkle,May-15
Ebonite,Cyclone Blue/Violet,Oct-11
Ebonite,Cyclone Fireball (Red/Gold),May-13
Ebonite,Cyclone GB,Aug-14
Ebonite,Cyclone Green/Gold/Silver,Mar-12
Ebonite,Cyclone Green/Yellow Pearl,May-15
Ebonite,Cyclone Navy/Pink/Gold,Apr-11
Ebonite,Cyclone Pro Model Black/Silver,Aug-12
Ebonite,Cyclone Pro Model Navy,Feb-15
Ebonite,Cyclone Pro Model Purple/Black,Mar-13
Ebonite,Cyclone Pro Model Red/Gold,Aug-12
Ebonite,Cyclone Purple/Orange/Purple/Red,May-14
Ebonite,Cyclone Purple/Orange/Red,Oct-11
Ebonite,Cyclone Purple/Orange/Yellow,Apr-11
Ebonite,Cyclone Purple/Teal/Lime,"May 5, 2016"
Ebonite,Cyclone Red/Purple/Yellow,Mar-12
Ebonite,Cyclone Red/White/Blue,"May 9, 2017"
Ebonite,Cyclone Red/White/Blue (Strike for Vets),"January 3, 2017"
Ebonite,Cyclone Royal Blue/Yellow,May-13
Ebonite,Cyclone Turquoise/Purple/Magenta,Oct-13
Ebonite,Cyclone Violet/Gold/Blue,"May 5, 2016"
Ebonite,Cyclone Yellow/Turquoise,Oct-13
Ebonite,Dangerous Angular One,Sep-13
Ebonite,Deep Angular One,"March 7, 2017"
Ebonite,Destiny Hybrid,"September 18, 2018"
Ebonite,Destiny Pearl,"May 22, 2018"
Ebonite,Destiny Pearl Black/Red/Blue (Red Pin),"May 21, 2019"
Ebonite,Destiny Solid,"May 22, 2018"
Ebonite,Destiny Solid Magenta,"May 21, 2019"
Ebonite,Dominate Angular One,Feb-14
Ebonite,Drago,Jun-12
Ebonite,Drastic Angular One,May-13
Ebonite,Drastic Fusion,"January 12, 2016"
Ebonite,Drastic Fusion Black/Red/Magenta,"October 8, 2019"
Ebonite,Drastic Fusion Black/Silver/Burgundy,"October 2, 2018"
Ebonite,Drastic Fusion Pearl,"February 28, 2017"
Ebonite,Drastic Fusion Purple,"October 31, 2017"
Ebonite,Drastic Fusion Red,"October 4, 2016"
Ebonite,Elevate,Nov-11
Ebonite,Emerald Clear,Aug-98
Ebonite,Emerge,"June 13, 2023"
Ebonite,Emerge Hybrid,"January 9, 2024"
Ebonite,Endure,May-12
Ebonite,Energy Angular One,"April 19, 2016"
Ebonite,Energy Source,Jun-14
Ebonite,Entity,"June 24, 2025"
Ebonite,Entity Pearl,"October 14, 2025"
Ebonite,Envision,"October 12, 2021"
Ebonite,Envision Pearl,"December 27, 2022"
Ebonite,Evolution Angular One,Jun-14
Ebonite,Evolution Angular One XL5000 (Black/Orange/Burgundy),Sep-14
Ebonite,Evolve,May-09
Ebonite,Evolve Motion,"July 14, 2020"
Ebonite,Evolve Pearl,Dec-09
Ebonite,Exceed,Dec-12
Ebonite,Extreme Angular One,Feb-09
Ebonite,Extreme Angular One Black-Blue-Light Blue,"September 10, 2024"
Ebonite,Eye Ball,Jan'00
Ebonite,Fantasista,Aug-08
Ebonite,Fierce Warrior,"September 5, 2017"
Ebonite,Fire,April-'04
Ebonite,Fireball,"August 22, 2023"
Ebonite,Fireball Purple/Gold,"April 30, 2024"
Ebonite,Flare Angular One,"June 10, 2025"
Ebonite,Flex Angular One,"September 7, 2021"
Ebonite,Futura,"June 11, 2019"
Ebonite,GB3 (Game Breaker 3),"January 2, 2018"
Ebonite,GB3 (Game Breaker 3) Blue/Black,"August 13, 2019"
Ebonite,GB3 (Game Breaker 3) Hybrid,"February 12, 2019"
Ebonite,GB3 (Game Breaker 3) Hybrid (Red Pin),"March 5, 2019"
Ebonite,GB3 (Game Breaker 3) Pearl,"August 14, 2018"
Ebonite,GB4 (Game Breaker 4),"February 16, 2021"
Ebonite,GB4 (Game Breaker 4) Blue,"December 21, 2021"
Ebonite,GB4 (Game Breaker 4) Hybrid,"February 21, 2023"
Ebonite,GB4 (Game Breaker 4) Pearl,"January 25, 2022"
Ebonite,GB5 (Game Breaker 5),"March 5, 2024"
Ebonite,GB5 (Game Breaker 5) Hybrid,"March 10, 2026"
Ebonite,GB5 (Game Breaker 5) Pearl,"March 4, 2025"
Ebonite,Game Breaker,Jun-07
Ebonite,Game Breaker 2,Aug-14
Ebonite,Game Breaker 2 (2022),"October 18, 2022"
Ebonite,Game Breaker 2 Area,"October 17, 2017"
Ebonite,Game Breaker 2 Gold,Jun-15
Ebonite,Game Breaker 2 Max,Mar-15
Ebonite,Game Breaker 2 MVP,"December 17, 2015"
Ebonite,Game Breaker 2 Pearl,Dec-14
Ebonite,Game Breaker 2 Phenom,"June 16, 2016"
Ebonite,Game Breaker 2 Phenom Pearl,"December 15, 2016"
Ebonite,Game Breaker 2 Rally,"August 29, 2017"
Ebonite,Game Breaker Asym,"June 15, 2021"
Ebonite,Game Breaker Pearl,Sep-07
Ebonite,Game Changer,May-11
Ebonite,Game Changer PK,Jun-11
Ebonite,Game On,Oct-10
Ebonite,Game Plan,Jun-10
Ebonite,Game Time,Oct-'04
Ebonite,Garfield - Let The Fur Fly,Feb-'03
Ebonite,Garfield - Rocket To The Pocket,April-'03
Ebonite,Golden One,"January 29, 2019"
Ebonite,Great White Reactive,July-'02
Ebonite,Grey Wolf,Oct-96
Ebonite,Gstone,Jan-'09
Ebonite,Gyro 1 Sanded,Nov-91
Ebonite,Gyro Black Sanded,Mar'00
Ebonite,Gyro Green Pearl,Mar-99
Ebonite,Gyro Particle,Mar-'02
Ebonite,Gyro Pearl,Apr-98
Ebonite,Gyro Pro Acryllium (Blue),Sep-95
Ebonite,Gyro Red Pearl,Mar-99
Ebonite,Hard Ball,Jun-10
Ebonite,Honor,Aug-14
Ebonite,Hurricane,Mar-93
Ebonite,Hustler Pool Ball,July-'02
Ebonite,Hypernext,Aug-07
Ebonite,Ice,April-'04
Ebonite,Impact,"October 16, 2018"
Ebonite,Impact Angular One,"June 14, 2016"
Ebonite,Infinite One,June-'06
Ebonite,Infinite One (2017),"September 12, 2017"
Ebonite,Innovate,May-12
Ebonite,Innovate Quest,Oct-12
Ebonite,Insanity Angular One,"June 18, 2019"
Ebonite,Inside Angular One,"December 15, 2015"
Ebonite,Intense Angular One,Sep-12
Ebonite,Iron Angular One,"September 10, 2024"
Ebonite,Jaguar,May-97
Ebonite,Killer Instinct Pearl,Dec-'03
Ebonite,Killer Instinct Sanded,Dec-'03
Ebonite,Lady Ebonite,March-'93
Ebonite,Lane Breaker,May-09
Ebonite,Last Mission,Sep-15
Ebonite,Legacy,Oct-13
Ebonite,Legacy Hybrid,"January 19, 2021"
Ebonite,Legacy Tour Edition (Orange Pin),Oct-13
Ebonite,Legacy Tour Edition (Yellow Pin),Oct-13
Ebonite,Legacy-C Pro XI,Mar-'99
Ebonite,Legacy-C Pro XII,Jun-'95
Ebonite,Legacy-C Pro XIII,Jun-'98
Ebonite,Legend Angular One,Oct-14
Ebonite,Legend One,Sep-14
Ebonite,Legend One Extra,"May 3, 2016"
Ebonite,Legend One Premium,Feb-15
Ebonite,Legend One Super Premium,"October 20, 2015"
Ebonite,Lethal Angular One,Sep-09
Ebonite,Magic,Jan-'09
Ebonite,Magic Action,Nov-09
Ebonite,Magic Angular One,"April 3, 2018"
Ebonite,Magic Touch Black/Red/Green,May-09
Ebonite,Magic Touch Black/Red/Silver,May-09
Ebonite,Magnum (All Colors),May-'04
Ebonite,Major Angular One,Nov-14
Ebonite,Matrix,Aug-99
Ebonite,Matrix 2000 LE,Jan-'01
Ebonite,Matrix Alert,June-'03
Ebonite,Matrix Black/Red/Silver,May-11
Ebonite,Matrix Conquest,Mar-'02
Ebonite,Matrix Dominator,Jun-'01
Ebonite,Matrix Dynasty,Nov-'01
Ebonite,Matrix FX,Nov-'00
Ebonite,Matrix IV,Nov-'08
Ebonite,Matrix Obsession,Mar-'02
Ebonite,Matrix Red/Black,"June 13, 2017"
Ebonite,Matrix Revolution,"November 28, 2017"
Ebonite,Matrix Solid,"July 17, 2018"
Ebonite,Matrix TPS,Aug-99
Ebonite,Matrix TPS 2,Dec-99
Ebonite,Matrix TPS 2 Tour,Mar'00
Ebonite,Matrix TPS 3,Jun'00
Ebonite,Matrix Trimax 2,Dec-99
Ebonite,Matrix Trimax 3,Jun'00
Ebonite,Matrix V,Nov-09
Ebonite,Maverick,"September 22, 2016"
Ebonite,Maverick 2,"August 29, 2017"
Ebonite,Maverick 3,"March 6, 2018"
Ebonite,Maverick Pearl,"December 15, 2016"
Ebonite,Maverick Polished,"October 4, 2016"
Ebonite,Maxim,March-'92
Ebonite,Maxim Captain Titan,March-'04
Ebonite,Maxim Purple Haze,"September 16, 2025"
Ebonite,Maxim Viola Fantasy,March-'04
Ebonite,Mega X Super Hook,Aug-'06
Ebonite,Midas,Sep-96
Ebonite,Mission,Dec-09
Ebonite,Mission $250K,Jan-11
Ebonite,Mission 1.0,"May 26, 2026"
Ebonite,Mission 1.5,Jul-10
Ebonite,Mission 2.0,Sep-10
Ebonite,Mission 2.5,Jan-11
Ebonite,Mission 3.0,Aug-11
Ebonite,Mission 3.5,"November 1, 2022"
Ebonite,Mission 4.0,Apr-14
Ebonite,Mission 4.5,"October 10, 2023"
Ebonite,Mission 5.0,Jul-15
Ebonite,Mission 6.0,"March 1, 2016"
Ebonite,Mission Ace,May-15
Ebonite,Mission Agent,"September 15, 2020"
Ebonite,Mission Amazing,Apr-13
Ebonite,Mission Angular One,"April 11, 2017"
Ebonite,Mission Champion,May-11
Ebonite,Mission Champion Black/Silver,Aug-12
Ebonite,Mission Clear,Sep-15
Ebonite,Mission Complete,Dec-12
Ebonite,Mission Complete Black/Pink/Purple,"March 1, 2022"
Ebonite,Mission Domination,Jan-11
Ebonite,Mission Genisys,"April 19, 2016"
Ebonite,Mission Possible,"July 29, 2025"
Ebonite,Mission Protocol,"August 14, 2018"
Ebonite,Mission Realize,Jun-11
Ebonite,Mission Reload,"October 15, 2019"
Ebonite,Mission Reload Red-Black-White,"October 7, 2025"
Ebonite,Mission Secret,Aug-11
Ebonite,Mission Shadow,"November 14, 2017"
Ebonite,Mission Signal,"October 29, 2024"
Ebonite,Mission Super XL5500,Oct-14
Ebonite,Mission Tour,Apr-10
Ebonite,Mission Unknown Black,"August 25, 2016"
Ebonite,Mission Unknown Gold,"August 25, 2016"
Ebonite,Mission Unknown Red,"August 25, 2016"
Ebonite,Mission X,Sep-11
Ebonite,Mission XXX,Apr-12
Ebonite,Moment Angular One,Jan-12
Ebonite,Moment Angular One LS,Mar-12
Ebonite,Multi Angular One,Aug-12
Ebonite,Munich,May-10
Ebonite,Next,May-07
Ebonite,Nitro Black/Pink/Silver,Apr-11
Ebonite,Nitro Black/Purple/Silver,Apr-11
Ebonite,Nitro Black/Violet/Purple,"June 19, 2018"
Ebonite,Nitro Dark Blue Pearl,Dec-90
Ebonite,Nitro Orange/Purple/Red,"May 3, 2016"
Ebonite,Nitro Orange/Purple/Red (2017),"October 31, 2017"
Ebonite,Nitro Particle,Sept-'02
Ebonite,Nitro Purple Haze,Dec-91
Ebonite,Nitro R Squared Blue/Purple,Sept-'02
Ebonite,Nitro R Squared Blue/Red,Sept-'02
Ebonite,Nitro R2,Mar-96
Ebonite,Nitro R2 Classic,May-'05
Ebonite,Nitro Reactive,Sept-'02
Ebonite,Nitro Red,Oct-13
Ebonite,Nitro Red/Black Cherry/Red Pearl,"July 3, 2018"
Ebonite,Nitro Red/Orange,"October 31, 2017"
Ebonite,Nitro Red Pearl (Below 14 Lbs. Only),"July 25, 2017"
Ebonite,Nitro Royal Blue/Yellow,"February 28, 2017"
Ebonite,Nitro U,Jul-10
Ebonite,No Limit Black/Gold,Jan-'05
Ebonite,No Limit Black/Magenta,Jan-'05
Ebonite,No Limit Blue/Green,Jan-'05
Ebonite,No Limit Blue/Silver,Jan-'05
Ebonite,NV,Jan-'07
Ebonite,NVD,Jul-08
Ebonite,NVS,Jun-07
Ebonite,Odie - Let The Good Times Roll,April-'03
Ebonite,Omega,Dec-94
Ebonite,Omega Lion,Mar-96
Ebonite,Omega/R,Nov-95
Ebonite,Omega Dry,Jan-95
Ebonite,Omega LM,Jun-95
Ebonite,Omni Black/Blue,"November 16, 2021"
Ebonite,Omni Hybrid,"September 22, 2020"
Ebonite,Omni Pearl,"December 17, 2019"
Ebonite,Omni Solid,"January 28, 2020"
Ebonite,One N Only,Feb-09
Ebonite,Only One,Dec-09
Ebonite,Optimus Angular One,"May 22, 2018"
Ebonite,Optyx,May-'06
Ebonite,Optyx Blue,Mar-08
Ebonite,Optyx Clear,Mar-08
Ebonite,Optyx Dragon,June-'01
Ebonite,Optyx Formula One,April-'01
Ebonite,Optyx Ghost,July-'01
Ebonite,Optyx Illusion,Jan-'03
Ebonite,Optyx Krypt Keeper,Jan-'02
Ebonite,Optyx Red,Mar-08
Ebonite,Optyx Skull,Jan-'07
Ebonite,Optyx Snake,Jan-'02
Ebonite,Optyx Snuffy,Oct-'01
Ebonite,Optyx Spider,Dec-'01
Ebonite,Out Face,Oct-07
Ebonite,Overtime,Aug-'05
Ebonite,Overtime Polished,Oct-'05
Ebonite,Pantera,Mar'00
Ebonite,Perfect Angular One,Nov-13
Ebonite,Perfect Angular One Silver/Black Pearl,Aug-15
Ebonite,Perfect Choice,"May 7, 2019"
Ebonite,Persevere,Oct-12
Ebonite,Pin Ball,Apr'00
Ebonite,Pin Busters One Ball,Jul-11
Ebonite,Pin Slasher,Sept-'08
Ebonite,Pin Slasher Black/Silver/Red,Nov-'08
Ebonite,Pinnacle,Mar-93
Ebonite,Pivot,Aug-13
Ebonite,Pivot 2017,"April 11, 2017"
Ebonite,Pivot Amazing,"August 30, 2016"
Ebonite,Pivot Apex,"July 28, 2026"
Ebonite,Pivot Arsenal,"April 19, 2016"
Ebonite,Pivot Assault,"January 30, 2018"
Ebonite,Pivot Black/Blue,"July 26, 2022"
Ebonite,Pivot Black Ice,"July 8, 2025"
Ebonite,Pivot Boost,"November 28, 2017"
Ebonite,Pivot Booster,Nov-14
Ebonite,Pivot Boss,"November 3, 2015"
Ebonite,Pivot Classic,"January 9, 2018"
Ebonite,Pivot Dark,"September 17, 2024"
Ebonite,Pivot Edge,"October 6, 2015"
Ebonite,Pivot Flare,"July 3, 2018"
Ebonite,Pivot Iron,"January 15, 2019"
Ebonite,Pivot Master,"October 17, 2017"
Ebonite,Pivot Move,Mar-14
Ebonite,Pivot Move XL3000,Jun-14
Ebonite,Pivot Planet,"May 16, 2023"
Ebonite,Pivot Point,Jan-14
Ebonite,Pivot Point (Black Pin),Jan-14
Ebonite,Pivot Pro Edition,"December 6, 2016"
Ebonite,Pivot Pure,Jul-14
Ebonite,Pivot Pure Passion,May-14
Ebonite,Pivot Revolution,"April 12, 2022"
Ebonite,Pivot Rising,"November 26, 2019"
Ebonite,Pivot Rotation,"October 7, 2025"
Ebonite,Pivot Signature,"August 3, 2021"
Ebonite,Pivot (Solid) Black/Blue/Red,"August 27, 2019"
Ebonite,Pivot Target,Oct-13
Ebonite,Pivot Target Brown/Red/Magenta,Dec-14
Ebonite,Pivot Vortex,"January 27, 2026"
Ebonite,Pivot X,May-15
Ebonite,Playboy,Dec-'00
Ebonite,Playmaker,Sep-07
Ebonite,Polaris,"August 17, 2021"
Ebonite,Polaris Hybrid,"June 21, 2022"
Ebonite,Predator,July-'01
Ebonite,Predator Jungle Green,Dec-'02
Ebonite,Predator Purple Sparkle,Jan-'03
Ebonite,Predator Pursuit,April-'03
Ebonite,Predator Sparkle,Mar-'02
Ebonite,Premium NV,April-'07
Ebonite,Primal Instinct,April-'04
Ebonite,Prime Angular One,"April 28, 2026"
Ebonite,Prime Time,Dec-'03
Ebonite,Prime Time Sanded,March-'04
Ebonite,Prime Time Sheen,May-'04
Ebonite,Puma,Apr-98
Ebonite,Puma,"June 15, 2021"
Ebonite,Puma - Tommy Jones,Dec-'03
Ebonite,Puma Classic,May-'05
Ebonite,Pursuit,Jan-12
Ebonite,Pursuit Desire,Jul-13
Ebonite,Pursuit Premium,Jun-14
Ebonite,Pursuit Special,Oct-14
Ebonite,Pursuit Unlimited,Aug-12
Ebonite,Pursuit Unlimited-S,Aug-12
Ebonite,Pursuit-S,Jan-12
Ebonite,PWBA,July-'01
Ebonite,Raid,Jun-07
Ebonite,Radical Angular One,Apr-14
Ebonite,Real Angular One,"October 4, 2016"
Ebonite,Real One,April-'06
Ebonite,Real One Blue/Black/Silver,"September 5, 2017"
Ebonite,Real Time,"November 5, 2024"
Ebonite,Realize Angular One,"September 7, 2021"
Ebonite,Red Wolf,Jan-97
Ebonite,Red Wolf Pearl,May-97
Ebonite,Regency,Mar-'93
Ebonite,Revolution NV,Mar-15
Ebonite,Riptide,Oct-98
Ebonite,Roaring Puma,July-'05
Ebonite,Royal Angular One,"April 11, 2023"
Ebonite,RPM Wolf,Oct-'95
Ebonite,RSX 300,Oct-'06
Ebonite,RSX Promaker,Oct-07
Ebonite,Ruby Clear,Aug-98
Ebonite,Salute,Oct-14
Ebonite,Savage,June-'01
Ebonite,Savage Flip,March-'03
Ebonite,Savage Pearl,Mar-'02
Ebonite,Sea Wolf,Aug-97
Ebonite,Sensitive Angular One,"June 14, 2022"
Ebonite,Shadow Angular One,"July 28, 2026"
Ebonite,Shamrock,July-'02
Ebonite,Shock Wave,May-97
Ebonite,Show Time Pearl,April-'04
Ebonite,Show Time Sanded,April-'04
Ebonite,Showbox,May-07
Ebonite,Signals,May-11
Ebonite,Skull Ball,Oct-99
Ebonite,Smash Blue Pearl,May-09
Ebonite,Smash Blue/Black/Purple,May-09
Ebonite,Smash Time,March-'06
Ebonite,Smash Time Pearl,Sept-'06
Ebonite,Smash Time TJ Limited,Jul-13
Ebonite,Source,May-13
Ebonite,Source Black/Blue/Green,Jan-15
Ebonite,Source Blue,Mar-14
Ebonite,Source Jet Black,Oct-13
Ebonite,Source Purple/Blue/Silver,"May 24, 2016"
Ebonite,Source Red,Jul-14
Ebonite,Spartan,"January 6, 2026"
Ebonite,Spartan (Melas),"April 28, 2026"
Ebonite,Spartan Pearl,"June 30, 2026"
Ebonite,Squall,May-07
Ebonite,SR300,March-'06
Ebonite,Stinger Black,May-97
Ebonite,Stinger Dark Blue,Mar-99
Ebonite,Stinger Hybrid,"April 7, 2020"
Ebonite,Stinger Low Flare,Mar-'02
Ebonite,Stinger Pearl,"April 7, 2020"
Ebonite,Stinger Purple,May-97
Ebonite,Stinger Purple Pearl,May-97
Ebonite,Stinger Two Piece Low Flare Particle,June-'03
Ebonite,Stinger Two Piece,Mar'00
Ebonite,Stinger Two Piece Sanded,June-'01
Ebonite,Striking Motion,Oct-'08
Ebonite,Super Mission,Jun-11
Ebonite,Super Solar,Oct-'03
Ebonite,Supreme One,Nov-07
Ebonite,Synergy Angular One,Feb-15
Ebonite,Tai Chi,Aug-99
Ebonite,The Big One,Jan-'06
Ebonite,The Legendary One,"June 22, 2021"
Ebonite,The One,Aug-'05
Ebonite,The One (2017),"September 19, 2017"
Ebonite,The One Black/Purple,"October 27, 2020"
Ebonite,The One Black Urethane,"March 7, 2023"
Ebonite,The One Boss,"August 30, 2016"
Ebonite,The One (Connect),"April 11, 2023"
Ebonite,The One Deception,"June 6, 2017"
Ebonite,The One Deep Danger,"January 15, 2019"
Ebonite,The One Deep Marine,"December 10, 2024"
Ebonite,The One Dominate,"October 8, 2019"
Ebonite,The One Encore,"August 22, 2023"
Ebonite,The One Expansion,Dec-12
Ebonite,The One Expansion XTR,Jul-13
Ebonite,The One Giant,"November 18, 2025"
Ebonite,The One Hero,"September 13, 2016"
Ebonite,The One Legacy,"December 20, 2016"
Ebonite,The One Living Legend,"February 23, 2016"
Ebonite,The One Master,"October 22, 2019"
Ebonite,The One Miracle,"May 15, 2018"
Ebonite,The One Monster,"October 23, 2018"
Ebonite,The One Must,"November 7, 2017"
Ebonite,The One Nature,Apr-15
Ebonite,The One (Optimus),"November 12, 2024"
Ebonite,The One Ovation,"September 9, 2025"
Ebonite,The One Pearl,Oct-'08
Ebonite,The One Pluto,"March 19, 2024"
Ebonite,The One Premium,Apr-15
Ebonite,The One Premium Black/Blue,Jun-15
Ebonite,The One Prime,Mar-14
Ebonite,The One Pro-Edition,March-'06
Ebonite,The One RBS,Jul-08
Ebonite,The One (RNB),"January 4, 2022"
Ebonite,The One Red,"March 1, 2016"
Ebonite,The One (Remix),"August 23, 2022"
Ebonite,The One Reverb,"September 3, 2024"
Ebonite,The One S.E.,Aug-08
Ebonite,The One Syndrome,Feb-15
Ebonite,The One Tour Edition,"June 11, 2019"
Ebonite,The One Ultramarine,"July 25, 2023"
Ebonite,The One Urethane,"February 1, 2022"
Ebonite,The One Urethane 78D,"December 10, 2024"
Ebonite,The One (Vector),"June 24, 2025"
Ebonite,The One Violent,"May 7, 2019"
Ebonite,The One Xtreme,"February 9, 2016"
Ebonite,The Win,Aug-08
Ebonite,The Win Pearl,"September 15, 2020"
Ebonite,The Win Solid,"April 21, 2020"
Ebonite,Thunder Bird Purple/Red,Apr-10
Ebonite,Thunder Bird Turquoise/Navy/Silver,May-10
Ebonite,Thunderbolt Blue/Silver/Red,Oct-09
Ebonite,Thunderbolt Red/Orange/Gold,Oct-09
Ebonite,Thunderbolt Urethane Blue,"July 1, 2025"
Ebonite,Thunderbolt Urethane Maroon,"May 31, 2022"
Ebonite,Tidal Wave,May-97
Ebonite,Tidal Wave Wipe Out,Apr-98
Ebonite,Tidal Wave Wipeout Green,Mar-99
Ebonite,Tiger,Mar'00
Ebonite,Tiger Fang,April-'05
Ebonite,Timberwolf,Jan-98
Ebonite,Timberwolf Pearl,Jun-98
Ebonite,Timberwolf TE1,Jan-97
Ebonite,Titan Angular One,"December 9, 2025"
Ebonite,Tomahawk Hi Torque Bomb,Jun-98
Ebonite,Tomahawk Low Torque Bomb,Jun-98
Ebonite,Tomahawk Low Torque Sanded,Sep-'01
Ebonite,Tomahawk X-plosion,Oct-98
Ebonite,Tomahawk X-Plosion Black,Sep-'01
Ebonite,Tomahawk X-plosion Tour,Jan-99
Ebonite,Tomahawk X-plosion Tour,Apr-99
Ebonite,Tomb Raider,April-'02
Ebonite,Tomb Raider Ace,Sept-'08
Ebonite,Tomb Raider Anchor,Aug-'03
Ebonite,Tomb Raider Control,Mar-09
Ebonite,Tomb Raider Hook,Oct-'02
Ebonite,Tomb Raider SE,Sept-'05
Ebonite,Tomb Raider XP,April-'02
Ebonite,Tombstone,Jan-99
Ebonite,Tornado,Dec-'02
Ebonite,Tornado Black Sparkle,March-'06
Ebonite,Tornado Black/Pink/Silver,Jun-10
Ebonite,Tornado Black/Purple/Silver,Jun-10
Ebonite,Tornado Black/Red/Orange,May-'05
Ebonite,Tornado Navy Green Silver,May-08
Ebonite,Tornado Navy/Red/Gold,May-'05
Ebonite,Tornado Pearl,June-'01
Ebonite,Tornado Purple/Red/Gold,Jun-09
Ebonite,Tornado Raspberry Green,March-'04
Ebonite,Tornado Red White Blue,May-08
Ebonite,Tornado Red/Orange/Gold,Jun-09
Ebonite,Tornado Royal Sparkle,April-'03
Ebonite,Tornado Sanded,Jun-'01
Ebonite,Tornado Silver/Navy/Gold,May-07
Ebonite,Tornado TPS,May-'02
Ebonite,Tornado Turquoise/Navy/Silver,March-'06
Ebonite,Tornado Violet/Red,April-'03
Ebonite,Tornado Warning Black/Purple,April-'03
Ebonite,Tornado Warning Burgundy/Purple/Gold,March-'06
Ebonite,Tornado Warning Green/Purple,March-'03
Ebonite,Tornado Warning Navy/Orange,May-'05
Ebonite,Tornado Warning Navy/Orange Polished,Jan-'06
Ebonite,Tornado Warning Navy/Red/Gold,Jan-'06
Ebonite,Tornado Warning Red/White/Blue,Oct-'04
Ebonite,Tornado Warning Violet/Red,May-'04
Ebonite,Torque Angular One,Dec-13
Ebonite,Total Game Breaker,Mar-09
Ebonite,Total NV,Jan-'07
Ebonite,Total NV Alpha,Apr-07
Ebonite,Total NV Pro Model,May-07
Ebonite,TPC Player,May-'03
Ebonite,TPC Shooter,Dec-'02
Ebonite,TPC Shooter XL,Dec-'02
Ebonite,TPC Survivor,April-'03
Ebonite,TPC Warrior Reactive,July-'02
Ebonite,Trail NV,Oct-07
Ebonite,Triple Angular One,"July 25, 2017"
Ebonite,True Warrior,"May 16, 2017"
Ebonite,Turbo A (Purple),Nov-95
Ebonite,Turbo Black,Mar-96
Ebonite,Turbo C (Dark Green),Apr-95
Ebonite,Turbo C (Red),Sep-95
Ebonite,Turbo-R Black/Copper/Yellow,"April 25, 2019"
Ebonite,Turbo-R Black/Purple,"January 7, 2025"
Ebonite,Turbo-R Blue/Green/Silver,"April 25, 2019"
Ebonite,Turbo-R Pink/Black/White,"April 16, 2019"
Ebonite,Turbo-R Purple/Black,"April 16, 2019"
Ebonite,Turbo-R Black Sparkle/Aqua,"May 9, 2017"
Ebonite,Turbo-R Black/Purple/Gold,"May 9, 2017"
Ebonite,Turbo-R Orange/Blue,"May 9, 2017"
Ebonite,Turbo-R Purple/Red/Silver,"April 24, 2018"
Ebonite,Turbo-R Purple-Pink (13 Lb & Under),"July 1, 2025"
Ebonite,Turbo-R Ruby,"January 7, 2025"
Ebonite,Turbo Urethane,"December 8, 2015"
Ebonite,Turbo II Urethane,"March 7, 2017"
Ebonite,Turbo II Urethane Purple,"December 18, 2018"
Ebonite,Turbo X,Oct-92
Ebonite,Turbo X,July-'03
Ebonite,Turbo X,"April 29, 2025"
Ebonite,Turbo X Black (15 Lb. Only),Apr-15
Ebonite,Turbo X NU,"May 5, 2026"
Ebonite,Turbo XL,Aug-94
Ebonite,Ultimate Angular One,Mar-11
Ebonite,Ultimate Angular One Red/Turquoise/Purple,May-11
Ebonite,Ultra Magic,Aug-09
Ebonite,Undefeated,Feb-08
Ebonite,Undefeated Fire,Apr-10
Ebonite,Undefeated II,Dec-11
Ebonite,Undefeated Red/Turquoise/Purple,Sep-11
Ebonite,Unique Angular One,"October 23, 2018"
Ebonite,V2 Clean,Oct-'03
Ebonite,V2 Dry,April-'03
Ebonite,V2 Power,May-'05
Ebonite,V2 Strong,April-'03
Ebonite,V2 Strong/R,Oct-'04
Ebonite,V2 Sweet,April-'04
Ebonite,Verdict,"July 11, 2017"
Ebonite,Verdict Blue/Black,"August 21, 2018"
Ebonite,Verdict Day,"October 31, 2017"
Ebonite,Verdict Hybrid,"September 3, 2019"
Ebonite,Verdict Pearl,"December 19, 2017"
Ebonite,Verdict Pro,"April 3, 2018"
Ebonite,Vital,Aug-07
Ebonite,Vital Energy,Dec-10
Ebonite,Vital Sign,Jun-10
Ebonite,Vortex 1,Mar'00
Ebonite,Vortex 2,Mar'00
Ebonite,Vortex 2 (2019),"November 12, 2019"
Ebonite,Vortex 2 Particle,Mar-'02
Ebonite,Vortex 3,Mar'00
Ebonite,Vortex Afterburner,June-'01
Ebonite,Vortex Carbide,June-'02
Ebonite,Vortex FMS,Mar-'01
Ebonite,Vortex Pearl,Oct-'01
Ebonite,War Legend One,"August 9, 2016"
Ebonite,Warning Sign,Oct-11
Ebonite,Warrior,Jun-15
Ebonite,Warrior Giant,"July 3, 2018"
Ebonite,Warrior Hybrid (Elite),"October 30, 2015"
Ebonite,Warrior Hybrid (Elite) Yellow Pin,"November 24, 2015"
Ebonite,Warrior Monster Pearl,"March 29, 2016"
Ebonite,Warrior Monster Solid,"March 29, 2016"
Ebonite,Warrior Pacific Blue,"January 24, 2017"
Ebonite,Warrior Supreme,"June 16, 2016"
Ebonite,Warrior Tactic,"November 14, 2017"
Ebonite,Warrior Ultimate,"February 27, 2018"
Ebonite,Wave,May-97
Ebonite,Webber Warriors,Feb-14
Ebonite,Webber Warriors (Green Pin),May-14
Ebonite,Werewolf,Oct-97
Ebonite,Werewolf Black/Purple/White,"January 26, 2021"
Ebonite,Werewolf Clear,Oct-97
Ebonite,Werewolf Magenta/Black/White,"October 8, 2019"
Ebonite,Werewolf Pearl,"May 7, 2019"
Ebonite,Whirlwind,March-'06
Ebonite,Wild Angular One,"January 9, 2018"
Ebonite,Wildcat,Mar-'99
Ebonite,Wolf,May-96
Ebonite,Wolf Black,"January 26, 2021"
Ebonite,Wolf Blaze,"January 13, 2026"
Ebonite,Wolf Cool Grey,"November 26, 2019"
Ebonite,Wolf Navy,"December 14, 2021"
Ebonite,Wolf Pearl,"September 27, 2022"
Ebonite,Wolf Purple,"April 12, 2022"
Ebonite,Wolf Purple/Blue,"December 4, 2018"
Ebonite,Wolf Red Pearl,"June 18, 2019"
Ebonite,Xcel Particle,Oct-'04
Ebonite,Xcel Pearl,Oct-'04
Ebonite,Xtra Breaker,Jul-14
Ebonite,X-Treme,Jan-10
Ebonite,X-Treme Angular One,"June 18, 2019"
Ebonite,XXcel,Jan-'05
Ebonite,XXXcel,Jan-'05
Ebonite,XXXcel Polished,Dec-'05
Ebonite,Yankee Doodle,Apr-'00
Ebonite,Zebra,Oct-98
Ebonite,Zebra 3,Aug-99
Ebonite,Zebra Too,Feb-99
Ebonite,Zero Angular One,"January 30, 2018"
Ebonite,Zoom,May-'02
Elite (Bowlers Paradise),Alien Black Flex,"March 31, 2020"
Elite (Bowlers Paradise),Alien Impact Black/Silver,"May 7, 2024"
Elite (Bowlers Paradise),Alien Impact Blue/Sapphire,"May 7, 2019"
Elite (Bowlers Paradise),Alien Limited Edition,"May 7, 2019"
Elite (Bowlers Paradise),Alien Revolution,"November 26, 2019"
Elite (Bowlers Paradise),Alien Rising,"December 15, 2015"
Elite (Bowlers Paradise),Alien Rising Yellow-Blue-Black,"October 25, 2022"
Elite (Bowlers Paradise),Alien Steel Flex,"July 7, 2020"
Elite (Bowlers Paradise),Aurora,"August 16, 2022"
Elite (Bowlers Paradise),Black Label,Nov-14
Elite (Bowlers Paradise),Cringe,Nov-14
Elite (Bowlers Paradise),Echo,Jun-13
Elite (Bowlers Paradise),Elite Alien,June-'05
Elite (Bowlers Paradise),Elite Alien Abduction,Apr-13
Elite (Bowlers Paradise),Elite Alien Black,Jul-10
Elite (Bowlers Paradise),Elite Alien Black/Red,Mar-09
Elite (Bowlers Paradise),Elite Alien Blue,Sept-'06
Elite (Bowlers Paradise),Elite Alien Pearl,Feb-11
Elite (Bowlers Paradise),Elite Alien Plastic,Aug-'06
Elite (Bowlers Paradise),Elite Asteroid Blue/Silver,Aug-09
Elite (Bowlers Paradise),Elite Asteroid Pink/Silver,Aug-09
Elite (Bowlers Paradise),Elite Black Label,Dec-08
Elite (Bowlers Paradise),Elite Bowl Pink,Oct-09
Elite (Bowlers Paradise),Elite Chameleon,Aug-'06
Elite (Bowlers Paradise),Elite Cheetah,Aug-'05
Elite (Bowlers Paradise),Elite Eclipse,Nov-'06
Elite (Bowlers Paradise),Elite Gold,Sep-12
Elite (Bowlers Paradise),Elite Gold Label,Nov-08
Elite (Bowlers Paradise),Elite LS Plastic,Dec-'04
Elite (Bowlers Paradise),Elite P43,June-'04
Elite (Bowlers Paradise),Elite PBA Major,Jan-'09
Elite (Bowlers Paradise),Elite PBA Platinum,Jul-08
Elite (Bowlers Paradise),Elite Platinum,May-11
Elite (Bowlers Paradise),Elite R43,June-'04
Elite (Bowlers Paradise),Elite R47,Jan-'05
Elite (Bowlers Paradise),Elite RS48,Jan-'05
Elite (Bowlers Paradise),Elite Saber,Jul-10
Elite (Bowlers Paradise),Elite Sabotage,Nov-09
Elite (Bowlers Paradise),Elite Scorpion,Aug-'05
Elite (Bowlers Paradise),Elite Shark,Aug-'05
Elite (Bowlers Paradise),Elite Shark (Red/Blue),Jan-10
Elite (Bowlers Paradise),Elite Skull,Nov-07
Elite (Bowlers Paradise),Elite Skull & Crossbones,Oct-09
Elite (Bowlers Paradise),Elite Skull Blue/Red,Oct-09
Elite (Bowlers Paradise),Elite Skull Clear,Mar-10
Elite (Bowlers Paradise),Elite Skull Green/White,Oct-09
Elite (Bowlers Paradise),Elite Skull Red/Yellow,Oct-09
Elite (Bowlers Paradise),Elite Smiley Blue,May-10
Elite (Bowlers Paradise),Elite Smiley Pink,May-10
Elite (Bowlers Paradise),Elite Solar Eclipse,Feb-07
Elite (Bowlers Paradise),Elite Spider Wasp,Jun-09
Elite (Bowlers Paradise),Elite Star,Jan-'06
Elite (Bowlers Paradise),Elite Viper,Aug-'05
Elite (Bowlers Paradise),Espionage,Aug-12
Elite (Bowlers Paradise),Excalibur,"November 26, 2024"
Elite (Bowlers Paradise),EZ Black-Silver Pearl,"June 6, 2023"
Elite (Bowlers Paradise),EZ Hook,"June 9, 2026"
Elite (Bowlers Paradise),EZ Teal-Blue Pearl,"June 6, 2023"
Elite (Bowlers Paradise),Golden Alien,"August 27, 2024"
Elite (Bowlers Paradise),Insanity,Nov-10
Elite (Bowlers Paradise),Invasion (Blue/Black/White),"July 27, 2021"
Elite (Bowlers Paradise),Neon,Jan-15
Elite (Bowlers Paradise),Panther,"May 7, 2024"
Elite (Bowlers Paradise),Panther Black Solid,"November 26, 2024"
Elite (Bowlers Paradise),Panther Scarlet-Orchid-Black,"November 26, 2024"
Elite (Bowlers Paradise),Predator,"December 22, 2020"
Elite (Bowlers Paradise),Predator XMAX,"July 27, 2021"
Elite (Bowlers Paradise),Star (All Colors),"August 4, 2020"
Elite (Bowlers Paradise),Traitor,Oct-13
Elite (Bowlers Paradise),Treason,Jun-13
Elite (Bowlers Paradise),Warfare,Jul-11
Elite (Bowlers Paradise),Z Blue/Green/Silver,Oct-13
Elite (Bowlers Paradise),Z Red/Black/Silver,Oct-13
Epic Bowling,Be Epic (All Colors),"May 6, 2025"
Epic Bowling,Curve Black-Blue-Purple (Darkness),"June 17, 2025"
Epic Bowling,Curve Blue-Pink-White (Candy Ice),"June 17, 2025"
Epic Bowling,Curve Blue-Teal-White (Polar Ice),"June 17, 2025"
Epic Bowling,Curve Red-Black Gold (Midnight-Apple-Gold),"June 17, 2025"
Epic Bowling,Ignite Black-Blue-Pink (Ocean-Candy-Metallic),"June 17, 2025"
Epic Bowling,Ignite Black-White-Pink (Arctic-Pearl-Rose),"June 17, 2025"
Epic Bowling,Ignite Emerald-Teal-Purple,"June 17, 2025"
Epic Bowling,Ignite Orange-Black (Orange-Smoke),"June 17, 2025"
Epic Bowling,Ignite Red-White-Black,"June 17, 2025"
Epic Bowling,Unruly (All Colors),"May 6, 2025"
Euro-Strike,Tel Star,Sep-'01
EXY-D1,Hygge,Dec-'08
Faball,Arrow One,Jun-94
Faball,Black Hammer,Apr-83
Faball,Black Hammer 2001,Jan-01
Faball,Blue Hammer,Dec-88
Faball,Blue Hammer 2001,Mar-01
Faball,Blue Pearl Hammer,Feb-87
Faball,Bravo Burgundy,Dec-96
Faball,Bravo Purple,Dec-96
Faball,Bravo Red,Dec-96
Faball,Bravo Wine,Dec-96
Faball,Burgundy Hammer,Oct-92
Faball,Claw Hammer Blue Pearl,Jun-98
Faball,Claw Hammer Charcoal Pearl,Jun-98
Faball,Claw Hammer Orange Pearl,Jun-98
Faball,Claw Hammer Purple Sanded,Jun-98
Faball,Claw Hammer Red Pearl,Jun-98
Faball,Claw Hammer Teal,Jun-98
Faball,Fire Claw,Nov-01
Faball,Hammer 3D,May-96
Faball,Hammer 3D Midnight Pearl,Sep-96
Faball,Hammer 3D Offset,Jan-97
Faball,Hammer 3D Offset Maxxx,Apr-98
Faball,Hammer 3D Offset Super Flip,May-97
Faball,Hammer 3D Offset Super Hook,Nov-97
Faball,Hammer 3D Offset Tour,Sep-98
Faball,Hammer 3D Offset Violet Pearl,May-00
Faball,Hammer 4D HPT,Dec-99
Faball,Hammer 4D HPT Tour,Jan-00
Faball,Hammer 4D Reactive,May-00
Faball,Hammer Nova,Feb-96
Faball,Hammer Nova Pearl,Feb-96
Faball,Hammer PC 2,Oct-96
Faball,Hammer PC 3,Oct-96
Faball,Hammer Spike,Jan-00
Faball,Hammer Spike HPT,Mar-00
Faball,Hatchet,Aug-00
Faball,Ice Claw,Nov-01
Faball,Jack Hammer,Apr-99
Faball,Magic Hammer,Mar-01
Faball,Nail Navy Blue Sanded,Jun-98
Faball,Nail Purple Pearl,Jun-98
Faball,Nasty Nail Jade Pearl,May-00
Faball,Nasty Nail Jet Black,May-00
Faball,Nasty Nail Extreme,May-01
Faball,Navy Reactive Hammer,Oct-93
Faball,Norm Duke Hammer,Jul-95
Faball,Ocean Claw Hammer,Nov-00
Faball,Pink Hammer,Jan-90
Faball,Power Hammer 2000,Nov-00
Faball,Purple Hammer,Aug-91
Faball,Purple Reactive Hammer,Jan-95
Faball,Razor Berry,Jun-95
Faball,Razor Burgundy,Apr-95
Faball,Razor Ice Blue,Nov-95
Faball,Razor Red,Jun-95
Faball,Razor Tan,Apr-95
Faball,Reaper,Aug-00
Faball,Reaper 2,Oct-00
Faball,Red Hammer,Nov-85
Faball,Red Pearl Hammer,Feb-87
Faball,Red Reactive Hammer,Jun-94
Faball,Simpsons (Bart),Jul-01
Faball,Simpsons (Homer),Jul-01
Faball,Simpsons (Krusty),Jul-01
Faball,Simpsons (Lisa),Jul-01
Faball,Sledge Hammer,Dec-98
Faball,Syntactive Sledge Hammer (Purple),May-99
Faball,Tiger Claw Hammer,Nov-00
Faball,Tour Gear Hammer Hitman,Dec-00
Faball,Truck,Nov-01
Faball,Wheel,Aug-01
Genesis Bowling Co. LTD,Adrenaline,Jul-14
Genesis Bowling Co. LTD,Adrenaline Gold Rush,Mar-15
Genesis Bowling Co. LTD,Adrenaline Midnight Rush,"January 19, 2016"
Genesis Bowling Co. LTD,Adrenaline Rush,Jun-15
Genesis Bowling Co. LTD,Beyond Blue/Red,Aug-10
Genesis Bowling Co. LTD,Beyond Purple/Yellow,Aug-10
Genesis Bowling Co. LTD,Big Flood,Nov-10
Genesis Bowling Co. LTD,Big Flood Hybrid Particle,Sep-10
Genesis Bowling Co. LTD,Bigfire,Dec-09
Genesis Bowling Co. LTD,Ghost,Aug-13
Genesis Bowling Co. LTD,Ignitor,Oct-12
Genesis Bowling Co. LTD,Ignitor Blast,May-14
Genesis Bowling Co. LTD,Ignitor Burn,Mar-14
Genesis Bowling Co. LTD,Ignitor Dry Edition,Oct-13
Genesis Bowling Co. LTD,Ignitor Flash,May-15
Genesis Bowling Co. LTD,Ignitor Spark,Dec-13
Genesis Bowling Co. LTD,Ignitor Thrust,Dec-14
Genesis Bowling Co. LTD,Newklear,Dec-09
Genesis Bowling Co. LTD,Newklear Exceed Pearl,Nov-10
Genesis Bowling Co. LTD,Newklear Particle,Jul-10
Genesis Bowling Co. LTD,Resurrection,Aug-10
Genesis Bowling Co. LTD,The Judge,Apr-15
Genesis Bowling Co. LTD,The Judge Black (Yellow Pin),Sep-15
Genesis Bowling Co. LTD,Turbo Vlaster,Jun-11
Hammer,**Black Widow Assassin Red/Navy/Purple,Feb-14
Hammer,**Black Widow Black/Orange,Feb-15
Hammer,**Black Widow Blue,Dec-'06
Hammer,**Black Widow Legend Blue/Blue Pearl/Light Blue,"November 24, 2015"
Hammer,**Black Widow Purple (11 M),Jun-11
Hammer,**Black Widow Purple/Red/Gold,Sep-10
Hammer,**Black Widow RPM (Under 13 Lb. Only),"September 17, 2019"
Hammer,**Black Widow Red NH,Sep-12
Hammer,**Black Widow Red/Black/Silver,Sep-11
Hammer,**Black Widow Red/Turquoise,Aug-12
Hammer,**Black Widow T,Feb-11
Hammer,**Gauntlet Fury Blue/Red,"November 6, 2018"
Hammer,**Switch Blade Black/Silver/Green,May-'06
Hammer,**Switch Blade Blue/Black,Feb-'06
Hammer,3D Offset Assault,"January 5, 2025"
Hammer,3D Offset Attack,"October 18, 2022"
Hammer,3D Offset Hybrid,"May 16, 2023"
Hammer,3D Power Roll,Dec-'04
Hammer,3D Super Hook,Jan-'04
Hammer,4D,Oct-'05
Hammer,4D Particle,May-'05
Hammer,Absolut Curve,Jun-13
Hammer,Absolut Flip,Jun-14
Hammer,Absolut Hook,Oct-13
Hammer,Absolute Deal,Sep-14
Hammer,Amazing Rip'D,"May 15, 2018"
Hammer,Amazing Scandal (Yellow Pin),"June 14, 2016"
Hammer,Amazing Scandal (Yellow Pin) Sanded,"September 13, 2016"
Hammer,Ambition,Apr-12
Hammer,Amp,Jun-13
Hammer,Amp Up,Nov-13
Hammer,Anger Black-Red-Caramel,"November 5, 2024"
Hammer,Anger Solid,"June 24, 2025"
Hammer,Arctic Vibe,"April 30, 2024"
Hammer,Arson,May-11
Hammer,Arson Death,Oct-11
Hammer,Arson Dimension,Oct-13
Hammer,Arson High Flare,May-15
Hammer,Arson High Flare Solid,"October 22, 2015"
Hammer,Arson Hybrid,Nov-12
Hammer,Arson Low Flare,Jan-13
Hammer,Arson Low Flare Solid,Nov-14
Hammer,Arson Pearl,May-12
Hammer,Arson Pearl Black/Purple,May-12
Hammer,Avenger,"July 14, 2020"
Hammer,Axe,Apr-10
Hammer,Axe Black/Smoke,"April 25, 2023"
Hammer,Axe Green-Smoke,"April 1, 2025"
Hammer,Axe Pink/Smoke,"April 25, 2023"
Hammer,Axe Purple-Pink,"April 1, 2025"
Hammer,Axe Purple/Smoke,"April 25, 2023"
Hammer,BackLash Blue/Silver,Apr-10
Hammer,BackLash Red/Purple,Apr-10
Hammer,Bad Ass,Sep-14
Hammer,Bad Ass Move,Nov-14
Hammer,Bad Intentions,Jan-15
Hammer,Bad Intentions Hybrid,Sep-15
Hammer,Bass Mafia Fishouflage,Nov-14
Hammer,Big Block Diesel,March-'04
Hammer,Big Block Diesel Exceed,Dec-'04
Hammer,Big Blue,Oct-'03
Hammer,Big Blue Limited,Oct-'04
Hammer,Big Blue Pearl,Feb-'04
Hammer,Big Blue Spare,April-'04
Hammer,Big Force Diesel,May-06
Hammer,Big Rig Diesel,Jan-'05
Hammer,Black Myth Ignition,Oct-'05
Hammer,Black Pearl Urethane Hammer (78D),"December 12, 2023"
Hammer,Black Solid Urethane Hammer,"October 19, 2021"
Hammer,Black Urethane,Sep-15
Hammer,Black Urethane Solid,"August 22, 2023"
Hammer,Black Widow,March-'06
Hammer,Black Widow (2.0),"October 20, 2020"
Hammer,Black Widow (2.0 Alpha),"May 4, 2021"
Hammer,Black Widow (2.0 Hybrid),"January 24, 2023"
Hammer,Black Widow 2.0 Hybrid Alan Chan,"July 11, 2023"
Hammer,Black Widow 2.0 Hybrid Black/Gold,"July 11, 2023"
Hammer,Black Widow 2.0 La Raza,"August 6, 2024"
Hammer,Black Widow 2.0 Pearl,"July 11, 2023"
Hammer,Black Widow (3.0),"January 9, 2024"
Hammer,Black Widow 3.0 Black-Sapphire,"February 27, 2024"
Hammer,Black Widow (3.0 Dynasty),"January 6, 2026"
Hammer,Black Widow 3.0 Platinum,"May 14, 2024"
Hammer,Black Widow 3.0 Poison,"June 4, 2024"
Hammer,Black Widow 3.0 Poison Black,"June 4, 2024"
Hammer,Black Widow 3.0 Silver Pearl,"February 27, 2024"
Hammer,Black Widow Assassin,Mar-13
Hammer,Black Widow Assassin Red/Navy/Purple,Jan-14
Hammer,Black Widow Bite,Jan-08
Hammer,Black Widow Bite Black/Blue/Violet,May-08
Hammer,Black Widow Bite II,Feb-08
Hammer,Black Widow Bite Pearl,Jan-11
Hammer,Black Widow Black,"December 15, 2020"
Hammer,Black Widow Black/Gold,"July 17, 2018"
Hammer,Black Widow Black/Purple/Red,"October 30, 2018"
Hammer,Black Widow CFI Black/Red/Orange,"November 24, 2015"
Hammer,Black Widow CFI Gold,"November 24, 2015"
Hammer,Black Widow CFI Gold/Caramel,"August 30, 2016"
Hammer,Black Widow CFI Purple/Orange/Aqua,"December 15, 2015"
Hammer,Black Widow Clear,Sep-07
Hammer,Black Widow Clear (All Colors),"May 4, 2021"
Hammer,Black Widow Clear (12-Hedron) All Colors,"September 24, 2024"
Hammer,Black Widow Danger,Apr-10
Hammer,Black Widow Dark Legend,"January 21, 2016"
Hammer,Black Widow Dark Legend Solid,"June 16, 2016"
Hammer,Black Widow Dark Night,"April 11, 2023"
Hammer,Black Widow Darkness,"September 27, 2022"
Hammer,Black Widow Death Blow,"July 9, 2019"
Hammer,Black Widow Domination,"June 22, 2021"
Hammer,Black Widow Excess,"April 3, 2018"
Hammer,Black Widow Fear,Oct-13
Hammer,Black Widow Ghost,"December 17, 2019"
Hammer,Black Widow Ghost Pearl,"October 12, 2021"
Hammer,Black Widow Gold LS,"March 29, 2016"
Hammer,Black Widow Gold,"July 11, 2017"
Hammer,Black Widow Harv,Sept-'06
Hammer,Black Widow Harv II,May-07
Hammer,Black Widow Harv LTD,May-07
Hammer,Black Widow Hazard,Nov-08
Hammer,Black Widow Hybrid,"March 16, 2021"
Hammer,Black Widow Insanity,May-14
Hammer,Black Widow Jet Black,"April 18, 2017"
Hammer,Black Widow Killer,May-08
Hammer,Black Widow Killer Purple/Blue/Red,Nov-08
Hammer,Black Widow Legend,Jun-14
Hammer,Black Widow Legend,"June 15, 2021"
Hammer,Black Widow Legend Black Pearl,"March 7, 2023"
Hammer,Black Widow Legend Black Solid,"March 7, 2023"
Hammer,Black Widow Legend Solid,"November 30, 2021"
Hammer,Black Widow Legendary,"October 3, 2017"
Hammer,Black Widow Limited,"October 22, 2015"
Hammer,Black Widow M,Apr-14
Hammer,Black Widow (Mania),"January 5, 2025"
Hammer,Black Widow (Mania) Hybrid,"July 8, 2025"
Hammer,Black Widow (Mania) Solid,"May 6, 2025"
Hammer,Black Widow Monster,Aug-13
Hammer,Black Widow Nasty,Nov-09
Hammer,Black Widow Nasty Black/Red/Green,Apr-10
Hammer,Black Widow Night Breaker,"June 18, 2024"
Hammer,Black Widow Night Breaker Hybrid,"June 24, 2025"
Hammer,(Black Widow) Nightmare,"November 12, 2024"
Hammer,Black Widow Numb,Feb-15
Hammer,Black Widow Ω (Omega),Apr-14
Hammer,Black Widow Orange/Black,Sept-'06
Hammer,Black Widow Pearl,Nov-'06
Hammer,Black Widow Pearl - Orange/Black,Nov-07
Hammer,Black Widow Pink,"February 12, 2019"
Hammer,Black Widow Platinum,"May 29, 2018"
Hammer,Black Widow Platinum (Red Pin),"November 6, 2018"
Hammer,Black Widow Platinum Blood Orange,"April 2, 2019"
Hammer,Black Widow Platinum Blue,"October 30, 2018"
Hammer,Black Widow Platinum Blue Sparkle,"October 15, 2019"
Hammer,Black Widow Platinum Copper,"January 29, 2019"
Hammer,Black Widow Platinum Limited Edition,"January 8, 2019"
Hammer,Black Widow Platinum Orange Sparkle,"October 8, 2019"
Hammer,Black Widow Platinum Silver,"April 9, 2019"
Hammer,Black Widow Platinum White,"November 6, 2018"
Hammer,Black Widow Purple Pearl Urethane 78D,"July 14, 2026"
Hammer,Black Widow Poison,Mar-09
Hammer,Black Widow Poison Yellow/Turquoise/Purple,Apr-13
Hammer,Black Widow Purple,"December 15, 2020"
Hammer,Black Widow R,Apr-14
Hammer,Black Widow Real Monster,"March 2, 2021"
Hammer,Black Widow Real Monster Solid,"May 3, 2022"
Hammer,Black Widow Red,"December 15, 2020"
Hammer,Black Widow Red Legend,Jan-15
Hammer,Black Widow Red Legend Solid,Jun-15
Hammer,Black Widow RPM,"March 7, 2023"
Hammer,Black Widow Savage,"December 21, 2021"
Hammer,Black Widow Spare (All Colors),Feb-07
Hammer,Black Widow Spare Black/Red/Gold,Jul-07
Hammer,Black Widow Spare Blue/Ruby/Gold,Apr-08
Hammer,Black Widow Sting,Oct-07
Hammer,Black Widow Sting Blue/Steel,May-09
Hammer,Black Widow The W,Oct-13
Hammer,(Black Widow) Tour V1,"September 9, 2025"
Hammer,Black Widow Toxin,"March 28, 2023"
Hammer,Black Widow Toxin Hybrid,"April 30, 2024"
Hammer,Black Widow Toxin Hybrid Scarlet/Purple/Black,"June 16, 2026"
Hammer,Black Widow Toxin Pearl,"April 14, 2026"
Hammer,Black Widow Toxin Pearl Red/Black,"June 16, 2026"
Hammer,Black Widow Urethane,"November 1, 2017"
Hammer,Black Widow Urethane BGD,"May 31, 2022"
Hammer,Black Widow Urethane Black,"August 24, 2021"
Hammer,Black Widow Urethane Black Pearl,"July 2, 2024"
Hammer,Black Widow Urethane Blue,"November 20, 2018"
Hammer,Black Widow Urethane Blue (2024),"April 23, 2024"
Hammer,Black Widow Urethane Grey Solid,"July 2, 2024"
Hammer,Black Widow Urethane Mint Solid,"April 22, 2025"
Hammer,Black Widow Urethane Orange Solid,"April 22, 2025"
Hammer,Black Widow Urethane Pearl (Pink),"January 25, 2022"
Hammer,Black Widow Urethane Purple,"August 24, 2021"
Hammer,Black Widow Urethane Purple Pearl,"July 9, 2019"
Hammer,Black Widow Urethane Purple Solid,"July 2, 2024"
Hammer,Black Widow Urethane Red Pearl,"April 12, 2022"
Hammer,Black Widow Urethane Red Solid,"July 26, 2022"
Hammer,Black Widow Venom,Jun-08
Hammer,Black Widow Venom Again,Aug-08
Hammer,Black Widow Venom Spare Black/Caramel,Jul-08
Hammer,Black Widow Violent,Nov-11
Hammer,Black Widow Virus,Apr-14
Hammer,Black Widow Viz-A-Ball,"October 12, 2021"
Hammer,Black Widow Wise,Jan-11
Hammer,Black Widow XR Pearl,"March 28, 2023"
Hammer,Blade,Aug-'02
Hammer,Blade MK,Aug-'06
Hammer,Blade MK Red/White/Blue,Nov-'06
Hammer,Blade Orange/Gold/Blue,"June 27, 2017"
Hammer,Blade Particle,Nov-'02
Hammer,Blade Pearl,Aug-'02
Hammer,Blue Hammer,Apr-11
Hammer,Blue Solid Urethane Hammer,"December 30, 2025"
Hammer,Boss Hawg,Jan-'06
Hammer,Brick,Nov-11
Hammer,Bubblegum Vibe,"June 24, 2025"
Hammer,Burgundy Hammer,Oct-92
Hammer,Burgundy Hammer,Oct-14
Hammer,Camo Tough,May-14
Hammer,Carbon Fiber Tough,May-14
Hammer,Cold Blood,Sep-13
Hammer,Complete Aim,May-14
Hammer,Cube,Dec-09
Hammer,Dangerous Deal,Dec-14
Hammer,Dark Master,Dec-'05
Hammer,Dark Web,"June 7, 2022"
Hammer,Dark Web Hybrid,"June 13, 2023"
Hammer,Deadly Aim,Jan-14
Hammer,Death Ultimatum,Oct-'08
Hammer,Death Ultimatum Pearl,Dec-'08
Hammer,Deep Ocean Vibe,"June 30, 2026"
Hammer,Devil,Nov-'05
Hammer,Devil (J),Nov-'06
Hammer,Devil Teal/Violet,Feb-'06
Hammer,Diesel Black/Red/Orange,"May 23, 2017"
Hammer,Diesel Heavy Duty,"December 17, 2019"
Hammer,Diesel Particle,Aug-'02
Hammer,Diesel Particle Pearl,Aug-'02
Hammer,Diesel Reactive Pearl,Nov-'02
Hammer,Diesel Torque,"July 17, 2018"
Hammer,Doom,Aug-'05
Hammer,Effect,"March 5, 2024"
Hammer,Effect Attack Hybrid,"June 16, 2026"
Hammer,Effect Attack Red Solid,"June 16, 2026"
Hammer,Effect Black,"December 10, 2024"
Hammer,Effect Black Solid Urethane,"September 2, 2025"
Hammer,Effect Limited,"July 9, 2024"
Hammer,Effect Purple Pearl Urethane,"September 2, 2025"
Hammer,Effect Purple Pearl Urethane 78D,"July 14, 2026"
Hammer,Effect Tour,"November 5, 2024"
Hammer,Envy,"August 23, 2022"
Hammer,Envy Pearl,"May 23, 2023"
Hammer,Envy Revolution,"February 27, 2024"
Hammer,Envy Tour,"January 24, 2023"
Hammer,Envy Tour Pearl,"August 22, 2023"
Hammer,Epidemic,May-11
Hammer,Epidemic LS,Jun-11
Hammer,Epidemic Turquoise/Navy/Silver LS,Jun-11
Hammer,Everclear,Oct-'02
Hammer,Extreme Envy,"August 22, 2023"
Hammer,Extreme Envy Gold Pearl,"July 16, 2024"
Hammer,Extreme Envy Hybrid,"September 16, 2025"
Hammer,Extreme X7,May-08
Hammer,Extreme X7 Royal/Violet/Bronze,Jan-'09
Hammer,Fallout,"June 30, 2026"
Hammer,Faze R,Aug-'02
Hammer,Fierce Phobia,"December 26, 2017"
Hammer,First Blood,Jan-13
Hammer,Fixer,Aug-08
Hammer,Flawless,"December 18, 2018"
Hammer,Flawless Hybrid,"July 23, 2019"
Hammer,Fugitive,"January 28, 2020"
Hammer,Fugitive Solid,"July 14, 2020"
Hammer,Full Effect,"March 10, 2026"
Hammer,Galaxy Harv,March-'06
Hammer,Gas Mask Clear,Feb-12
Hammer,Gauntlet,"December 15, 2016"
Hammer,Gauntlet Attack,"June 27, 2017"
Hammer,Gauntlet Axe,"December 19, 2017"
Hammer,Gauntlet Black Solid,"November 18, 2025"
Hammer,Gauntlet Caesar,"June 26, 2018"
Hammer,Gauntlet Extra,"December 19, 2017"
Hammer,Gauntlet F. A.,"June 27, 2017"
Hammer,Gauntlet Fury,"August 1, 2017"
Hammer,Gauntlet Hybrid,"November 18, 2025"
Hammer,Gauntlet Knight,"June 26, 2018"
Hammer,Gauntlet Knight Hybrid,"June 2, 2026"
Hammer,Gauntlet Knight Solid,"June 2, 2026"
Hammer,Gauntlet Platinum Red Wine,"April 9, 2019"
Hammer,Gauntlet Platinum Silver,"April 9, 2019"
Hammer,Gauntlet Survivor Edition,"June 19, 2018"
Hammer,Gauntlet Thor,"September 4, 2018"
Hammer,GTR,July-'03
Hammer,H1,"December 5, 2017"
Hammer,H2,"December 5, 2017"
Hammer,H3,"August 21, 2018"
Hammer,Hammer Polyester,May-'06
Hammer,Hammerhead,"March 4, 2025"
Hammer,Hammerhead Pearl,"January 6, 2026"
Hammer,Hardcore Brawl,Oct-10
Hammer,Hardcore Grind,May-10
Hammer,Hawg,Jan-'05
Hammer,Hawg Wild,Aug-'05
Hammer,Hawg Zilla,April-'06
Hammer,Hazard,Jul-08
Hammer,Hazmat,"October 16, 2023"
Hammer,Hazmat Pearl,"April 29, 2025"
Hammer,Hazmat Solid,"June 18, 2024"
Hammer,Hi Rev Offset,Jan-'05
Hammer,High Rev 3D Offset,"January 25, 2022"
Hammer,High Rev 3D Offset Black Solid,"August 23, 2022"
Hammer,High Rev 3D Offset Blue/Dark Blue,"December 13, 2022"
Hammer,High Rev 3D Offset Purple/Silver,"August 23, 2022"
Hammer,High Rev 3D Offset Red,"March 22, 2022"
Hammer,High Rev Pearl,Oct-'08
Hammer,High Rev Pearl Black/Silver/Red,Nov-09
Hammer,High Rev Pro,Oct-'05
Hammer,High Rev Red/Copper/Royal,Nov-10
Hammer,High Rev Red/Magenta/Black,Aug-11
Hammer,Hot Sauce,Feb-09
Hammer,Hot Sauce Pearl,Jan-'09
Hammer,Ignition Big Power,Jan-'05
Hammer,Infamous,"August 17, 2021"
Hammer,Infection,Jan-11
Hammer,Infection (Orange Pin),Feb-11
Hammer,Infernal Fate,Sep-07
Hammer,Inspire X-1,Feb-14
Hammer,Jack Hammer,Oct-'03
Hammer,Jack Hammer Ultra,Dec-'03
Hammer,Jack Hammer Ultra Black/Silver,May-'05
Hammer,Jigsaw,Jun-09
Hammer,Jigsaw Black/Caramel,"November 24, 2015"
Hammer,Jigsaw Black/Red,"December 15, 2015"
Hammer,Jigsaw Blue/Red/Black/Grey,"October 11, 2016"
Hammer,Jigsaw Corner,Dec-09
Hammer,Jigsaw Corner Cherry/Royal/Silver,Mar-10
Hammer,Jigsaw Trap,May-10
Hammer,Jigsaw Trick,Sep-10
Hammer,La Raza Black Widow Special Edition,"October 2, 2018"
Hammer,Made In USA,Mar-11
Hammer,Made In USA 2012 (Purple),Jul-12
Hammer,Magenta Urethane,"October 9, 2018"
Hammer,Magenta Urethane Pearl,"June 13, 2023"
Hammer,Magenta Solid Urethane Hammer,"February 27, 2024"
Hammer,Maximum Effect,"September 9, 2025"
Hammer,Mega X Particle,April-'04
Hammer,Mega X Particle Navy/Hunter Green,Aug-'05
Hammer,Mega XJ,May-'05
Hammer,Micro 4D Particle,April-'04
Hammer,Nail,Sept-'03
Hammer,Nail Black/Red/Orange,June-'06
Hammer,Nail Bowl Star,Aug-'06
Hammer,Nail Green/Orange,Sept-'04
Hammer,Nail Navy/Orange,June-'06
Hammer,Nail Navy/Red/Gold,June-'06
Hammer,Nail Pink/Silver,Feb-15
Hammer,Nail Red/Blue,Jan-'04
Hammer,Nail Red/White/Blue,June-'06
Hammer,Nail Smoke & Fire,May-12
Hammer,Nail Titanium,May-13
Hammer,Nail-J,April-'05
Hammer,Nail-L,June-'04
Hammer,Nasty Blade,March-'06
Hammer,No Mercy,Oct-'06
Hammer,No Mercy Absolute,Nov-08
Hammer,No Mercy Attack,Apr-09
Hammer,No Mercy Attack Red/Black,Oct-09
Hammer,No Mercy Attack Red/Magenta/Black,Apr-10
Hammer,No Mercy Beat'n,May-07
Hammer,No Mercy Black/Blue/White,"October 15, 2019"
Hammer,No Mercy Black/Green,"January 3, 2017"
Hammer,No Mercy Black/Red/Purple,"January 3, 2017"
Hammer,No Mercy Jade/Smoke,"January 3, 2017"
Hammer,No Mercy Limited,Feb-07
Hammer,No Mercy Pearl,"September 15, 2020"
Hammer,No Mercy Peppermint,"October 15, 2019"
Hammer,No Mercy Purple,"October 15, 2019"
Hammer,No Mercy Purple/Black/Smoke,"October 15, 2019"
Hammer,No Mercy Solid,"September 15, 2020"
Hammer,No Mercy Violent,May-07
Hammer,No Mercy Whup'N,Mar-08
Hammer,NU 2.0,"October 14, 2025"
Hammer,NU Blue Hammer,"October 16, 2023"
Hammer,Obsession,"January 19, 2021"
Hammer,Obsession Tour,"January 19, 2021"
Hammer,Obesession Tour Pearl,"August 17, 2021"
Hammer,Ocean Vibe,"June 7, 2022"
Hammer,Phobia,"December 15, 2016"
Hammer,Phobia Solid,"May 30, 2017"
Hammer,Plague,May-10
Hammer,Pleasure,Oct-'04
Hammer,Poison Killer,June-'06
Hammer,Poison Sweet,Aug-'06
Hammer,Power Diesel,Aug-'03
Hammer,Pure Envy,"September 3, 2024"
Hammer,Pure Hammer,April-'04
Hammer,Pure Hammer Burgundy,May-'05
Hammer,Purple Hammer,Apr-13
Hammer,Purple Hammer (MK) Orange Pin (15 Lb. only),Apr-15
Hammer,Purple Pearl Urethane 78D,"March 10, 2026"
Hammer,Purple Pearl Urethane Hammer (Except Serial #'s Starting with a 6 or 7),"September 22, 2016"
Hammer,Purple Pearl Urethane Hammer,"May 11, 2021"
Hammer,Purple Pearl Urethane Hammer (Korea),"August 6, 2024"
Hammer,Purple Pearl Urethane Hammer (Purple Pin),"December 27, 2022"
Hammer,Purple Reactive Solid,"October 18, 2022"
Hammer,Purple Solid Urethane Hammer,"October 19, 2021"
Hammer,Radioactive Vibe,"June 13, 2023"
Hammer,Ratchet,May-12
Hammer,Raw Deal,Aug-'05
Hammer,Raw Hammer Acid,Nov-'08
Hammer,Raw Hammer Anger,May-'07
Hammer,Raw Hammer Attack,Sep-09
Hammer,Raw Hammer Black,"April 13, 2021"
Hammer,Raw Hammer Black/Blue/Orange,"April 30, 2024"
Hammer,Raw Hammer Black/Grey,"May 5, 2026"
Hammer,Raw Hammer Black/Purple/Teal,"April 30, 2024"
Hammer,Raw Hammer Black/Red/Smoke,"April 25, 2023"
Hammer,Raw Hammer Blue/Silver/White,"April 13, 2021"
Hammer,Raw Hammer Burn,May-09
Hammer,Raw Hammer Crime,Jan-08
Hammer,Raw Hammer Dazzle,Feb-07
Hammer,Raw Hammer Freak,Sep-10
Hammer,Raw Hammer Jacked Red/Silver,Nov-09
Hammer,Raw Hammer Jacked Violet/Copper,Nov-09
Hammer,Raw Hammer Orange/Black,"April 13, 2021"
Hammer,Raw Hammer Pain,April-'06
Hammer,Raw Hammer Psycho,May-08
Hammer,Raw Hammer Purple/Pink/Silver,"April 13, 2021"
Hammer,Raw Hammer Rebellion,Aug-11
Hammer,Raw Hammer Red/White/Purple,"May 5, 2026"
Hammer,Raw Hammer Result,Jan-'06
Hammer,Raw Hammer Smoke-Blue-Gold,"March 4, 2025"
Hammer,Raw Hammer Toxic,Nov-'06
Hammer,Razor Blade,May-'05
Hammer,Razyr,May-08
Hammer,Razyr Red/Black,Apr-09
Hammer,Razyr Red/Blue,Dec-'08
Hammer,Real Deal,Oct-'04
Hammer,Real Deal J,Feb-'05
Hammer,Real Deal Unchain,Oct-07
Hammer,Real Lucifer,Feb-07
Hammer,Real Lucifer Mighty,Sep-07
Hammer,Rebel,"June 16, 2016"
Hammer,Rebel Solid,"September 22, 2016"
Hammer,Rebel Yell,"October 17, 2017"
Hammer,Red Pearl,April-'03
Hammer,Red Pearl Urethane Hammer,"October 19, 2021"
Hammer,Red Scorpion Pearl,"April 21, 2020"
Hammer,Redemption Hybrid,"July 14, 2020"
Hammer,Redemption Multi,"September 1, 2020"
Hammer,Redemption Pearl,"January 28, 2020"
Hammer,Redemption Solid,"January 28, 2020"
Hammer,Redemption Tour,"September 1, 2020"
Hammer,Rhodman,"April 6, 2017"
Hammer,Rhodman Pearl,"February 13, 2018"
Hammer,Rhythm,Mar-12
Hammer,Rip'D,"December 12, 2017"
Hammer,Rip'D Aggressive,"November 26, 2019"
Hammer,Rip'D Black,"August 28, 2018"
Hammer,Rip'D Pearl,"September 18, 2018"
Hammer,Rip'D Solid,"January 2, 2018"
Hammer,Rip'D Survivor Edition,"July 16, 2019"
Hammer,Road Hawg,Jan-'06
Hammer,Road Hawg Max,April-'06
Hammer,Ruthless,"August 13, 2019"
Hammer,Sauce Blue/Black/Orange,"May 16, 2017"
Hammer,Sauce Red/Snow/Ocean,"May 30, 2017"
Hammer,Saw Blade,Oct-'04
Hammer,Scandal,"January 5, 2016"
Hammer,Scandal/S,"May 22, 2018"
Hammer,Scandal Black Ice,"February 23, 2016"
Hammer,Scandal Black /Orange,"February 23, 2016"
Hammer,Scandal Deal,"March 15, 2016"
Hammer,Scandal Pearl,"September 22, 2016"
Hammer,Scandal Survivor Edition,"June 30, 2017"
Hammer,Scandal Tour,"March 15, 2016"
Hammer,Scorpion,"June 15, 2021"
Hammer,Scorpion Low Flare,"January 9, 2024"
Hammer,Scorpion Sting,"August 23, 2022"
Hammer,Scorpion Strike,"June 18, 2024"
Hammer,Secret Sauce,Dec-'08
Hammer,Sharp Blade,Sept-'03
Hammer,Sledge Hammer Tour,Oct-'02
Hammer,Sling Blade,Feb-'03
Hammer,Spawn,"May 5, 2026"
Hammer,Special Effect,"March 4, 2025"
Hammer,Spike,Jun-13
Hammer,Spike Black/Blue,May-14
Hammer,Spike Black/Gold,May-15
Hammer,Spike Black/Red/Blue,Sep-15
Hammer,Statement Black/Red/Gold,"April 9, 2019"
Hammer,Statement Hybrid,"July 19, 2019"
Hammer,Statement Magenta/Black/Silver,"September 17, 2019"
Hammer,Statement Pearl,"January 15, 2019"
Hammer,Statement Silver/White/Smoke,"September 17, 2019"
Hammer,Statement Solid,"December 21, 2018"
Hammer,Super Obsession,"March 30, 2021"
Hammer,Swagga,Sep-10
Hammer,Switch Blade,Feb-'04
Hammer,Switch Blade Blue/Black/Gold,Apr-11
Hammer,Taboo,Oct-10
Hammer,Taboo Absoul,Feb-15
Hammer,Taboo Ace T1,Apr-12
Hammer,Taboo Ace T2,Apr-12
Hammer,Taboo Ace T3,Apr-12
Hammer,Taboo Axis,Feb-15
Hammer,Taboo Black/Blue/Green,Oct-12
Hammer,Taboo Dark Electric Blue/Silver,Sep-11
Hammer,Taboo Deep Purple,Aug-12
Hammer,Taboo Gold,"May 3, 2016"
Hammer,Taboo Hybrid,"November 16, 2021"
Hammer,Taboo Jerk,Feb-15
Hammer,Taboo Jet,Apr-13
Hammer,Taboo Jet Black,Jan-12
Hammer,Taboo Limited,Feb-13
Hammer,Taboo Purple/Orange/Red,Aug-11
Hammer,Taboo Red,Apr-11
Hammer,Taboo RPM,Nov-11
Hammer,Taboo Ruler,Feb-15
Hammer,Taboo Solid,"November 30, 2021"
Hammer,Taboo Spare,Sep-11
Hammer,Taboo Spare Black/Red Sparkle,Dec-11
Hammer,Taboo Spare (Multiple Colors),Jul-12
Hammer,Taboo TB,Nov-12
Hammer,Taboo TBP,Nov-12
Hammer,Taboo TORC,Nov-11
Hammer,The Bad Intentions Black,"November 15, 2016"
Hammer,The Bad Intentions Red,"November 1, 2016"
Hammer,The Bad Intentions Silver/Purple,"November 15, 2016"
Hammer,The Big Deal Cut-Throat,Jan-'05
Hammer,The Chalk,Feb-09
Hammer,The Chalk Black/Silver,Mar-10
Hammer,The Chalk Blue/Purple/Red,Apr-13
Hammer,The Deal,May-'04
Hammer,The Immortal Deal,Sep-12
Hammer,The Premium Deal,"March 22, 2016"
Hammer,The Sauce,Sept-'08
Hammer,The Sauce Red/Magenta/Black,"May 21, 2019"
Hammer,The Scorpion Black/Blue,"March 28, 2017"
Hammer,The Scorpion Black/Purple/Blue,"April 3, 2018"
Hammer,The Scorpion Hybrid,"December 15, 2020"
Hammer,The Scorpion Jade/Smoke/Navy,"March 28, 2017"
Hammer,The Scorpion Pearl,"March 6, 2018"
Hammer,The Scorpion Pure,"November 14, 2017"
Hammer,The Scorpion Swing,"December 19, 2017"
Hammer,TNBA Tough,May-14
Hammer,Tomb Raider SE,Jan-'06
Hammer,Total X7,Oct-07
Hammer,Total X7 Burgundy/Orange/Silver,Mar-08
Hammer,Total X7 Purple Red,May-08
Hammer,Tough Blue,"May 21, 2019"
Hammer,Tough Muddy Girl Camo,May-15
Hammer,Tough Skulz,"January 21, 2016"
Hammer,Tough Twisted,Jan-15
Hammer,Triple XXX,"April 17, 2018"
Hammer,Triple XXX Orange/Black/Grey,"October 23, 2018"
Hammer,True Blood,Apr-13
Hammer,True Real Deal,June-'06
Hammer,Tuff,March-'05
Hammer,Turbo Diesel,Feb-'03
Hammer,Ultima Black,"February 1, 2022"
Hammer,Ultima Hybrid,"May 31, 2022"
Hammer,Ultima Pearl,"May 3, 2022"
Hammer,Ultimate X7,Apr-09
Hammer,Ultimatum,Mar-08
Hammer,Ultra Mega X,March-'06
Hammer,Unfair,Jan-07
Hammer,Vibe,May-'05
Hammer,Vibe Blue,April-'06
Hammer,Vibe Blue/Purple/Red,"May 3, 2016"
Hammer,Vibe Blue (2017),"May 23, 2017"
Hammer,Vibe Candy Cane XR,Dec-14
Hammer,Vibe Cherry,May-07
Hammer,Vibe Cherry (2017),"May 23, 2017"
Hammer,Vibe Cobalt,May-12
Hammer,Vibe Deep Purple,Mar-14
Hammer,Vibe Emerald,May-08
Hammer,Vibe Envy XR,Mar-14
Hammer,Vibe Grape (Purple/Green),Apr-11
Hammer,Vibe Ice XR,Sep-15
Hammer,Vibe Infrared XR,Oct-14
Hammer,Vibe Jet Black,Mar-13
Hammer,Vibe Midnight,May-10
Hammer,Vibe Onyx,May-09
Hammer,Vibe Onyx (2018),"May 22, 2018"
Hammer,Vibe Orange,"May 21, 2019"
Hammer,Vibe Orange/Gold/Blue,"May 3, 2016"
Hammer,Vibe Peach (Pink),Nov-09
Hammer,Vibe Peppermint,"November 20, 2018"
Hammer,Vibe Pro Model Purple/Violet,Sep-15
Hammer,Vibe Pro Model Red,May-15
Hammer,Vibe Purple/Gold,Jul-14
Hammer,Vibe Purple/Gold Pearl,"August 8, 2023"
Hammer,Vibe Purple/Red,Nov-07
Hammer,Vibe Red Pearl,"November 1, 2022"
Hammer,Vibe Teal/Purple,Feb-08
Hammer,Vibe Xtra Rare (Teal Blue),Dec-13
Hammer,Vicious,May-'02
Hammer,Vicious Attack,Feb-'03
Hammer,Vicious Particle,July-'02
Hammer,Vicious Particle Pearl,Dec-'02
Hammer,Vicious Pearl,Nov-'02
Hammer,Vicious Strike,Oct-'03
Hammer,Violent Effect,"September 10, 2024"
Hammer,Violent Fugitive,"December 22, 2020"
Hammer,Viral,Oct-14
Hammer,Viral Hybrid,"May 5, 2016"
Hammer,Viral Navy/Purple/Gold,"April 18, 2017"
Hammer,Viral Solid,Jun-15
Hammer,Web,"October 16, 2018"
Hammer,Web Aggressive Edition,"February 12, 2019"
Hammer,Web M.B.,"October 20, 2020"
Hammer,Web Pearl,"August 13, 2019"
Hammer,Web Pearl Jade/Smoke,"June 15, 2021"
Hammer,Web Tour Edition,"October 16, 2018"
Hammer,Web Tour Edition Hybrid,"July 9, 2019"
Hammer,Web Tour Edition Hybrid Blue/Black,"August 4, 2020"
Hammer,Widow Spare,"June 16, 2016"
Hammer,Widow Spare Blue/Orange/Smoke,"April 24, 2018"
Hammer,Wild Blood,May-13
Hammer,Wild Blood (Yellow Pin),May-13
Hammer,Wild Blood Red,Aug-13
Hammer,Wrench,Nov-12
Hammer,X Twelve Black,"December 10, 2024"
Hammer,X Twelve Pearl,"May 20, 2025"
Hammer,X Twelve Pink Solid,"May 20, 2025"
Hammer,X2,Jan-'05
Hammer,X3,Jan-'05
Hammer,X4,Jan-'05
Hammer,X5,March-'06
Hammer,X7,March-'06
Hammer,X9 FI,Aug-14
Hammer,X9 FO,Aug-14
Hammer,X9 S,Aug-14
Hammer,X9 T,Aug-14
Hammer,X7 Evolution,Apr-10
Hammer,X7 Extreme Orange/Black/Grey,"January 8, 2019"
Hammer,X7 Extreme Red/Purple/Gold,"January 8, 2019"
Hammer,X7 Unbeaten,Feb-11
Hammer,X7 XXXTRA,May-07
Hammer,X Twelve Blue/Black,"October 3, 2017"
Hammer,X Twelve Red/White/Smoke,"October 17, 2017"
Hammer,X Twelve White/Blue/Red,"September 12, 2017"
Hammer,X-Treme Phobia,"August 29, 2017"
Hammer,Zero Mercy Black Solid,"March 31, 2026"
Hammer,Zero Mercy (Ghost) Pearl,"March 24, 2026"
Hammer,Zero Mercy Pearl,"October 14, 2025"
Hammer,Zero Mercy Solid,"October 14, 2025"
Hammer,Zero Mercy Solid Black/Red,"March 31, 2026"
Hard Ball,Rainbow Bell,Aug-09
Hard Ball,Rainbow Globe,Aug-09
Hard Ball,Rainbow Silver,Aug-09
Head,Hi Trac,Apr-96
Hell Bent,Black Stealth,Aug-12
Hell Bent,Black Stealth Pro SP,Dec-12
Hell Bent,Daytona,Dec-11
Hell Bent,Diablo,Mar-10
Hell Bent,Diablo II,Sep-10
Hell Bent,Dynamo Red/Purple/Black,Sep-10
Hell Bent,Knuckle,Nov-10
Hell Bent,Knuckle Dark Blue,Nov-10
Hell Bent,Massimo,Mar-13
Hell Bent,Piracy,Apr-11
Hell Bent,Piracy Tour SP,Dec-12
Hell Bent,Target Urethane,Jan-10
Hell Bent,The Sense,Sep-11
Hell Bent,The Tribute,Mar-12
Hero,Looney Tunes (All Colors),"April 30, 2024"
Hero,HB Black-Aqua (The Night King),"August 18, 2026"
Hero,HB Black-Dark Blue (Stark),"August 18, 2026"
Hero,HB Black-Gold (Lannister),"August 18, 2026"
Hero,HB Black-Gold (The Dark Champion),"February 4, 2025"
Hero,HB Black-Green-Purple (Clown Prince of Crime),"February 4, 2025"
Hero,HB Black-Purple (Mojo-Jojo),"August 18, 2026"
Hero,HB Black-Red (Targaryen),"August 18, 2026"
Hero,HB Black-Silver (The Dark Knight),"February 4, 2025"
Hero,HB Blue-Black-Silver (The Man of Steel),"February 4, 2025"
Hero,HB Blue-Pink-Black (Mistress of Mayhem),"February 4, 2025"
Hero,HB Green-Gold-Black (The Ocean Master),"February 4, 2025"
Hero,HB Pink-Blue-Gold (The Warrior Princess),"February 4, 2025"
Hero,HB Pink-Blue-Green (Powerpuff Girls),"August 18, 2026"
Hexa,Up Beat Black/Yellow,"December 10, 2019"
Hexa,Up Beat Pink/Green,"December 10, 2019"
High-Sports,Beat - Blue,Apr-08
High-Sports,Beat - Red,Apr-08
High-Sports,Black Mat Gun,Aug-'02
High-Sports,DHC Clear,May-12
High-Sports,Dice,Sept-'02
High-Sports,Dice Ball,Aug-12
High-Sports,Direct,Aug-'02
High-Sports,Fruity Melon,Oct-'06
High-Sports,Fruity Strawberry,Jun-07
High-Sports,Fruity Watermelon,Oct-'06
High-Sports,Gate,Jan-'07
High-Sports,Hello Kitty Black,"January 3, 2017"
High-Sports,Hello Kitty Pink,"January 3, 2017"
High-Sports,Hello Kitty Red,"January 3, 2017"
High-Sports,Mark,July-'03
High-Sports,Max Gear Lived,March-'04
High-Sports,Neo Classic P2,Jun-12
High-Sports,Neo Classic U2,June-'02
High-Sports,Space Gun,July-'04
High-Sports,Strikes Clear,Apr-08
High-Sports,Sweep,May-'03
High-Sports,Sweep Hard (All Colors),Jun-12
High-Sports,Sweep Hard Clear (All Colors),"January 26, 2021"
High-Sports,Tattoo Ball (Hello Kitty Love),May-10
High-Sports,Tattoo Ball (Hello Kitty Music),May-10
High-Sports,Tattoo Ball (Hello Kitty Wonderful Day),May-10
High-Sports,Trinity GR,May-10
High-Sports,Trinity RR,Mar-09
High-Sports,Up Beat Blue/Black/Silver Pearl,"October 16, 2018"
High-Sports,Up Beat Blue/Purple/Silver,Aug-14
High-Sports,Up Beat Passion/Red/Black Pearl,"December 27, 2022"
High-Sports,Up Beat Pearl SE,"August 20, 2024"
High-Sports,Up Beat Pearl SE White,"September 9, 2025"
High-Sports,Up Beat Pink/Red/Silver,Aug-14
High-Sports,Up Beat Purple/Pink/Silver Pearl,"October 16, 2018"
High-Sports,Up Beat Purple/Red/Black,"January 3, 2017"
High-Sports,Up Beat Red/Orange/Silver,Aug-14
High-Sports,Vertex Resin,Sept-'08
High-Sports,Vertex Super Dry,Jul-07
High-Sports,Vertex Super MB,Jul-07
HIH Bowling,Fades,"August 25, 2026"
HIH Bowling,Logo,"December 23, 2025"
HIH Bowling,Revelated,"January 14, 2025"
HJ Malone,High Skore Gold Seal,March-'06
HJ Malone,High Skore Target,March-'06
HJ Malone,Lanehawk,Mar-'01
HJ Malone,Lanehawk American Eagle,Aug-'03
HJ Malone,Lanehawk Beachball,Oct-'00
HJ Malone,Lanehawk Blue Clear,Jan-'05
HJ Malone,Lanehawk Blue Dragon,Aug-'03
HJ Malone,Lanehawk Blue Flying Dragon,Aug-'03
HJ Malone,Lanehawk Clear,Jan-'05
HJ Malone,Lanehawk Confederate Flag,Aug-'03
HJ Malone,Lanehawk Gambler,Jan-'05
HJ Malone,Lanehawk Green Alien,Aug-'03
HJ Malone,Lanehawk High Roller,Jul-07
HJ Malone,Lanehawk Human Heart,Jan-08
HJ Malone,Lanehawk Japanese Mask,Aug-'03
HJ Malone,Lanehawk Monk Sitting,Aug-'03
HJ Malone,Lanehawk Monk Standing,Aug-'03
HJ Malone,Lanehawk Orange,Aug-'03
HJ Malone,Lanehawk Pair of Dice,Aug-'03
HJ Malone,Lanehawk Pink Rose,Aug-'03
HJ Malone,Lanehawk Pirate Flag,Aug-'03
HJ Malone,Lanehawk Pumpkin,Aug-'03
HJ Malone,Lanehawk Red Dragon,Aug-'03
HJ Malone,Lanehawk Red Rose,Aug-'03
HJ Malone,Lanehawk Sitting Merlin,Aug-'03
HJ Malone,Lanehawk Skull and Crossbones,Aug-'03
HJ Malone,Lanehawk Snake and Skull,Aug-'03
HJ Malone,Lanehawk Standing Merlin,Aug-'03
HJ Malone,Lanehawk Watermelon,Aug-'03
HJ Malone,Lanehawk Yellow Rose,Aug-'03
HJ Malone,Pro Ball,March-'06
Hughes Plastics,Armageddon-Green,Apr-99
Hughes Plastics,Eagle,Jan-92
Hughes Plastics,Rebel,Jan-92
Hughes Plastics,Terminator,Jan-92
In Site Bowling Products,Almighty,Sept-'04
In Site Bowling Products,Prophecy,Dec-'06
In Site Bowling Products,Revelation,Sep-07
In Site Bowling Products,Second Coming,Aug-'05
In Site Bowling Products,Super Natural,July-'06
International Bowling Supply,Real Madrid,Dec-'04
IWEI,Genghis Khan,Jun-12
IWEI,**The Great King,Sep-11
IWEI,**The Great King Navy Blue,Sep-11
IWEI,Emperor,Jan-11
J & K International,Atom,June-'04
JAB,Gator,Jun-95
JAB,Reactive Gator,Nov-95
Jet Bowling,Altitude,Nov-11
Jet Bowling,Armor,May-11
Jet Bowling,Aviator,Oct-14
Jet Bowling,Blackbird,May-12
Jet Bowling,Burner,Jan-13
Jet Bowling,Extreme Altitude,Aug-13
Jet Bowling,Fighter,Apr-14
Jet Bowling,Jet,Apr-10
Jet Bowling,Maximum Altitude Pearl,Jul-12
Jet Bowling,Pilot,Jan-13
Jet Bowling,Propulsion Hybrid,Nov-13
Jet Bowling,Raider X,"October 2, 2018"
Jet Bowling,Surrender,May-11
Jet Bowling,Turbulence,Nov-12
Jewel,Black Diamond,Nov-07
Jewel,Black Diamond Blue/Green,Aug-11
Jewel,Black Diamond Blue/Red,Aug-11
Jewel,Black Diamond Gold,Dec-11
Jewel,Black Diamond Pink/Black,Mar-14
Jewel,Black Diamond Prime,May-12
Keff,Blaze II (All Colors),"October 17, 2017"
Keff,Blaze Pro,Jul-10
Keff,Pro,Nov-07
Kinetic,Solaris,Jan-'09
Korona World,Phiten Spare,"November 26, 2019"
KRSF,Bowlero Polyester (All Colors),"July 6, 2021"
KRSF,KR Poly NFL Teams,"August 31, 2021"
KRSF,On The Ball,Nov-'08
KRSF,Strikeforce Poly (All Colors),"February 11, 2025"
Lane #1,Big Curve,Apr-10
Lane #1,Black Panther,Mar-11
Lane #1,Bloody Panther,Dec-12
Lane #1,Boom'r-ang,Jan-11
Lane #1,Buzzbomb,Jan-08
Lane #1,Buzzbomb Agent Orange,Nov-'08
Lane #1,Buzzbomb Carnage,Jun-11
Lane #1,Buzzbomb/R,Jun-08
Lane #1,Buzzsaw,Jun-92
Lane #1,Buzzsaw Carbide Plus,May-'06
Lane #1,Buzzsaw Clear,March-'06
Lane #1,Buzzsaw Clear Red,Feb-12
Lane #1,Buzzsaw Cranberry,July-'03
Lane #1,Buzzsaw Pro Purple,Nov-'00
Lane #1,Buzzsaw Pro-V,Oct-14
Lane #1,Buzzsaw Super Carbide,Sep-'01
Lane #1,Buzzsaw THS,May-08
Lane #1,Buzzsaw XL,Dec-'01
Lane #1,Buzzsaw XXL Smoke,July-'03
Lane #1,Buzzsaw XXXL,March-'03
Lane #1,Buzzsaw XXXL,Oct-'06
Lane #1,Buzzsaw XXXL Red Pearl,May-'06
Lane #1,Buzzsaw/C Carbide,Mar'00
Lane #1,Buzzsaw/C Carbide LRG,Feb-'01
Lane #1,Buzzsaw/C Carbide Pearl,Sep-'00
Lane #1,Buzzsaw/C Golden Nugget,Dec-'03
Lane #1,Buzzsaw/C Pearl,Dec-'01
Lane #1,Buzzsaw/C2 Black Raspberry,Feb-'01
Lane #1,Buzzsaw/C2 Blueberry,June-'02
Lane #1,Buzzsaw/C2 Emerald Pearl,Nov-'02
Lane #1,Buzzsaw/C2 Pearl,Dec-'01
Lane #1,Carbide Bomb,Feb-'02
Lane #1,Carbide Bomb Purple Pearl,Sept-'02
Lane #1,Chainsaw,Nov-'08
Lane #1,Chainsaw Massacre,Apr-09
Lane #1,Chainsaw Massacre Limited Edition,May-10
Lane #1,Chainsaw Massacre Red Death,Sep-09
Lane #1,Chainsaw S.O.S.,Jul-11
Lane #1,Chainsaw S.O.S. Cherry,Sep-13
Lane #1,Cherry Bomb (Black),Aug-'03
Lane #1,Cherry Bomb Carbide R,March-'03
Lane #1,Cobalt Bomb,March-'06
Lane #1,Cobalt Bomb Solid,Aug-'06
Lane #1,Comet Pro,Mar-94
Lane #1,Crank,Jul-13
Lane #1,Crank R,Dec-13
Lane #1,Crank R Pearl,May-14
Lane #1,Crystal Bomb,"March 3, 2020"
Lane #1,Curve,Jan-10
Lane #1,Dart,Dec-14
Lane #1,Difference,Jan-15
Lane #1,Dirty Bomb,Oct-'04
Lane #1,Droid,Jan-12
Lane #1,Droid Pearl,Mar-12
Lane #1,Dynamic Curve,Jul-11
Lane #1,Dynamo,Jan-'09
Lane #1,Dynamo X2,Jul-09
Lane #1,Dynamo X2 Dry Limited Edition,May-10
Lane #1,Enriched Uranium,Dec-'05
Lane #1,G- Force Evolution,May-'07
Lane #1,G-Force,Jan-'07
Lane #1,G-Force Nebula,May-'07
Lane #1,Gemstone,Jul-09
Lane #1,Gemstone Silver/Garnet,Jul-10
Lane #1,Grind,Feb-13
Lane #1,GrindR,Apr-13
Lane #1,H2O,May-'05
Lane #1,Hacksaw,Nov-'06
Lane #1,Hybrid Difference,"October 1, 2015"
Lane #1,Hybrid Dirty Bomb,Jan-'05
Lane #1,Hybrid Megaton,Jan-'06
Lane #1,Lady Buzzsaw,"December 22, 2015"
Lane #1,Liberator,Jan-08
Lane #1,Massacre Blue Death,Nov-09
Lane #1,Maxxx Curve,Sep-11
Lane #1,Megatons Carbide,Nov-'03
Lane #1,Megatons II,April-'04
Lane #1,Pearl Panther,Nov-11
Lane #1,Pink Panther,Sep-10
Lane #1,Ripsaw,Oct-10
Lane #1,Rip Saw Black/Red,Apr-14
Lane #1,Rip Saw Blue/Orange,Jul-12
Lane #1,Silver Bullet,June-'04
Lane #1,Starburst XXXL,Jan-08
Lane #1,Stealth Bomber,Jun-12
Lane #1,Stealth Bomber LE,Oct-13
Lane #1,Stealth Bomber Pearl,Oct-12
Lane #1,Super Carbide Bomb (Polished),Nov-'05
Lane #1,Super Carbide Bomb (Sanded),Dec-'02
Lane #1,Super Nova,Aug-07
Lane #1,Super Nova XP,Nov-07
Lane #1,Time Bomb,Jul-10
Lane #1,Time Bomb Solid,Nov-10
Lane #1,Tsunami H2O,Sept-'05
Lane #1,Typhoon,Feb-14
Lane #1,Typhoon Pearl,Jul-14
Lane #1,Uranium Buzzsaw,Feb-'04
Lane #1,Uranium HRG,Oct-'06
Lane #1,Uranium Solid Blue/Black,Aug-'04
Lane #1,Viper,Dec-95
Lane #1,Viper ( Pearl ),Dec-96
Lane #1,Viper Pearl,April-'02
Lane Concepts,WMD,Mar'00
Lane Masters,Absolute Power,March-'04
Lane Masters,Absolute Power 2,June-'04
Lane Masters,AP2,Aug-'05
Lane Masters,Awesome Impact,June-'04
Lane Masters,Big Bang,Jan-'06
Lane Masters,Big Bang SE,Oct-13
Lane Masters,BlackKahuna Congo,"February 20, 2018"
Lane Masters,Big Kahuna Tribal,Jun-15
Lane Masters,Big/R Bang,Oct-'06
Lane Masters,Bio Guaranteed,Sep-10
Lane Masters,Black Diamond,May-09
Lane Masters,Black Diamond Coal,"December 6, 2016"
Lane Masters,Black Diamond Particle Pearl,Mar-11
Lane Masters,Black Diamond Reactive,Sep-10
Lane Masters,Black Pearl,Oct-'06
Lane Masters,Black Pearl Mutiny,May-12
Lane Masters,Black Pearl Particle,Aug-10
Lane Masters,Black Pearl Reactive,Jun-08
Lane Masters,Black Pearl The Pirates,Sep-11
Lane Masters,Blue Diamond,Sep-10
Lane Masters,Buzz Attack,Oct-'08
Lane Masters,Buzz Attack Envy,Nov-14
Lane Masters,Buzz Attack Flip LE,"January 24, 2017"
Lane Masters,Buzz Attack Stinger,Nov-14
Lane Masters,Conqueror,May-07
Lane Masters,Counter Strike,Jan-08
Lane Masters,Deep Impact,May-'03
Lane Masters,Dynamic Power,Oct-'08
Lane Masters,ExTerminator,"August 30, 2016"
Lane Masters,Extreme Impact,Feb-'02
Lane Masters,Extreme Impact L,Feb-'02
Lane Masters,Extreme Impact TF (Now Massive Impact),April-'02
Lane Masters,Gold Diamond (Yellow Pin),Sep-15
Lane Masters,Guaranteed Awesome,"November 24, 2015"
Lane Masters,Guaranteed Diamond Particle,Aug-'04
Lane Masters,Hellfire Flame,"March 23, 2021"
Lane Masters,Hornet,Feb-07
Lane Masters,Hornet Red,Feb-07
Lane Masters,Intense Impact,June-'02
Lane Masters,Kong,July-'05
Lane Masters,Legends (All Colors),Jul-13
Lane Masters,Legends Black,Jul-13
Lane Masters,Legends Blue/Aqua,Oct-14
Lane Masters,Legends Gold,Apr-14
Lane Masters,Metal,Feb-12
Lane Masters,Metal Polyester,May-12
Lane Masters,Mighty Kong,"April 4, 2017"
Lane Masters,Mirage,Feb-'04
Lane Masters,Never Compromise,June-'04
Lane Masters,Odyssey,"June 7, 2016"
Lane Masters,Pandemic,"October 18, 2016"
Lane Masters,Perfection Particle,Dec-'03
Lane Masters,Perfection Reactive,Dec-'03
Lane Masters,Power Strike,Aug-14
Lane Masters,Power Strike Black/Violet/Silver,Feb-15
Lane Masters,Power Strike Pink,"December 17, 2015"
Lane Masters,Premium Guaranteed,Sep-10
Lane Masters,Pure Standard,Sep-10
Lane Masters,Red Diamond,Jul-13
Lane Masters,Saver (All Colors),"March 15, 2016"
Lane Masters,Solid Strike,Dec-'08
Lane Masters,Solid Strike (Violet Pearl),Jul-09
Lane Masters,Straight Flush,April-'06
Lane Masters,Sure Strike,Jul-07
Lane Masters,Tempest Blue Pearl,Mar-15
Lane Masters,Tempest Emerald,Mar-15
Lane Masters,Tempest Gold,"December 19, 2017"
Lane Masters,Tempest Pink,"December 19, 2017"
Lane Masters,Tempest Raging Fire,Mar-15
Lane Masters,Tempest Tangerine,"July 4, 2017"
Lane Masters,Tempest Violet,"July 4, 2017"
Lane Masters,Terminator,Aug-'06
Lane Masters,Terminator Armageddon,"July 25, 2017"
Lane Masters,Terminator Disaster,Dec-12
Lane Masters,Terminator Juggernaut,Feb-14
Lane Masters,Terminator Juggernaut Hybrid,Aug-14
Lane Masters,Terminator Rage,Mar-15
Lane Masters,Terminator Rebellion,Feb-08
Lane Masters,Terminator Reboot,"December 9, 2025"
Lane Masters,Terminator Red-Eye,"September 1, 2018"
Lane Masters,Terminator Resurrection,Sep-10
Lane Masters,Terminator Revelations,Sep-15
Lane Masters,Terminator Revenge,Feb-12
Lane Masters,The Answer,Dec-'03
Lane Masters,The Buzz,March-'06
Lane Masters,The Buzz Drone,"February 28, 2017"
Lane Masters,The Buzz Legend,Sep-14
Lane Masters,The Buzz Premium Edition,Aug-11
Lane Masters,The Sting,Jan-'07
Lane Masters,The Sting Widow Maker,Dec-10
Lane Masters,Tiger Wasp,"December 17, 2015"
Lane Masters,Ultimate Power,Apr-10
Lane Masters,Ultimate Strike,"November 15, 2016"
Lane Masters,Wasp,Apr-15
Lane Masters,Wasp Sting,"October 4, 2016"
Lane Masters,World Class,Jan-'06
Lane Masters,World Class Particle Pearl,Sep-07
Lane Masters,World Class Reactive,Aug-'06
Lane Masters,World Conqueror,Oct-'08
Lane Masters,XS Power,Sep-07
Lane Masters,Xtreme Damage,Sep-09
Lane Masters,Xtreme Damage II,Sep-10
Lane Masters,Xtreme Damage II Palmer Fallgren Special Edition,Sep-10
Lane Masters,Xtreme Damage Particle Pearl,Feb-11
Lane Masters,Xtreme Damage Platinum,Nov-13
Lane Masters,Zombie Pandemic,"April 4, 2017"
Legend Star,Accurate,Aug-99
Legend Star,Accurate Max,Oct-'00
Legend Star,Force 10,June-'03
Legend Star,Hi-Tech 5,Mar-99
Legend Star,Justice 80,May-'03
Legend Star,Miracle Balance,June-'03
Legend Star,Miracle Balance NP,Feb-'04
Legend Star,Miracle Balance Pro-Select,Nov-'03
Legend Star,Mission,April-'03
Legend Star,Radiant Carbide,Aug-'02
Legend Star,Radiant Ultra Carbon,May-'03
Legend Star,Rebellion,July-'04
Legend Star,Rebellion Carbon GC-30,May-'04
Legend Star,Tungsten Physics,Aug-'02
Legend Star,Ultima Cutting Edge,Aug-07
Legend Star,Ultima Assassin,"October 3, 2017"
Legend Star,Ultima Extreme,Apr-07
Legend Star,Ultima Heat Up,May-'06
Legend Star,Ultima No Limit,Jan-'07
Legend Star,Ultima Pearl,"March 28, 2017"
Legend Star,Ultima Quest,"February 27, 2018"
Legend Star,Ultima Response High End,June-'05
Legend Star,Ultima Response MB,Sept-'05
Legend Star,Ultima Solid,"November 1, 2016"
Legend Star,Ultima Solid Red,"May 15, 2018"
Legend Star,Ultima Trust R-X,Oct-'00
Legend Star,Ultima Trust R-Z,Oct-'00
Legend Star,Ultimate X-1,"December 25, 2015"
Legend Star,Ultimate X-2,"December 25, 2015"
Legends,Advantage,Feb-13
Legends,Advantage XXX,Nov-14
Legends,Arrow,Nov-'05
Legends,Athena,"March 20, 2018"
Legends,Big Kahuna,June-'04
Legends,Blue Diamond Limited,"September 29, 2020"
Legends,High Standard 2.0,Dec-11
Legends,High Standard 3.0,Apr-12
Legends,Iron Diamond,"May 21, 2019"
Legends,Iron Diamond (78D),"March 31, 2026"
Legends,Jade Diamond,"November 12, 2024"
Legends,Masterpiece,July-'05
Legends,Morpheus,"February 1, 2016"
Legends,Morpheus Dream,"November 21, 2017"
Legends,Morpheus Nightmare,"June 19, 2018"
Legends,Morpheus Reverie,"January 15, 2019"
Legends,NS2,Aug-'05
Legends,Perfect,May-13
Legends,Prestige,"January 12, 2016"
Legends,Prestige Red,"July 12, 2016"
Legends,Pure Diamond,"October 29, 2019"
Legends,Red Diamond Limited,"October 2, 2018"
Legends,Sapphire Diamond,"March 17, 2026"
Legends,Satisfaxion,June-'04
Legends,Secret Diamond,"April 27, 2021"
Legends,The Black Pearl Abyss,Dec-14
Legends,The Black Pearl Armada,"December 21, 2018"
Legends,The Black Pearl Atlantis,"February 28, 2017"
Legends,The Black Pearl Bloody Ocean,"July 7, 2020"
Legends,The Black Pearl Blue Ocean,May-14
Legends,The Black Pearl Death,"July 15, 2025"
Legends,The Black Pearl Hunter,"April 2, 2019"
Legends,The Black Pearl Legend,"May 3, 2016"
Legends,The Black Pearl The Deep Sea,Dec-12
Legends,The Black Pearl Treasure,"January 25, 2022"
Legends,The New Standard,June-'04
Legends,Xcellence,Aug-'05
Legends,Yeah Baby,June-'04
Legends,Yeah Baby (Red/Orange/Yellow),Nov-14
Legends,Yeah Baby Sinful,"February 28, 2017"
Leyon,J4U,"July 16, 2024"
Linds,**Laser (Pink and Blue),Oct-'06
Linds,Easy Blue/Smoke,Feb-10
Linds,Easy Flip Black/Red,Jun-10
Linds,Easy Flip Blue/Pink/Purple,Sep-13
Linds,Easy Flip Green/Blue/Yellow,Sep-13
Linds,Easy Flip Fuchsia,Jun-10
Linds,Easy Flip Orange/Black/Red,Sep-13
Linds,Easy Flip Red,Jul-10
Linds,Easy Red/Teal/Gold,Feb-10
Linds,Laser,Aug-'04
Linds,Laser,March-'06
Lord Field,Almighty King,"August 28, 2018"
Lord Field,Amazing (Red/Black/Blue),Feb-10
Lord Field,Answer,Sep-14
Lord Field,Arahan,Mar-15
Lord Field,Arahan LE,"October 25, 2015"
Lord Field,Arahan TE,"October 25, 2015"
Lord Field,Arrow Clear Black,Aug-10
Lord Field,Arrow Clear Silver,Mar-10
Lord Field,Bad News,Jul-12
Lord Field,Big Hurt,Jun-12
Lord Field,Big Hurt Punishment,Jul-12
Lord Field,Bishop,Jan-15
Lord Field,Black Bishop,Feb-15
Lord Field,Black Blizzard,"January 17, 2017"
Lord Field,Blizzard,"August 9, 2016"
Lord Field,Blizzard Blast,"May 7, 2019"
Lord Field,Blizzard Frozen,"September 8, 2020"
Lord Field,Blizzard Hellfire,"July 7, 2017"
Lord Field,Blizzard Meltdown,"November 19, 2021"
Lord Field,Blizzard Rush,"December 10, 2019"
Lord Field,Blizzard Shock,"May 1, 2018"
Lord Field,Blizzard Whiteout,"November 19, 2021"
Lord Field,Blizzard Zero,"April 18, 2023"
Lord Field,Block Buster,Jul-11
Lord Field,Block Buster Torture,Nov-11
Lord Field,Bloody Cross,Jun-14
Lord Field,Bloody Cross Gold,"April 18, 2017"
Lord Field,Bloody Cross Royal,Aug-15
Lord Field,Bulldozer,Sep-12
Lord Field,Burning Up,May-12
Lord Field,Crucial,Dec-11
Lord Field,Exodus,Feb-10
Lord Field,Exodus Iron Blue-Teal-Magenta,Aug-11
Lord Field,Exodus G1,Aug-14
Lord Field,Exodus G2,Mar-15
Lord Field,Exodus Reactive (Red/Blue),Aug-10
Lord Field,Exodus Reactive Pearl,Feb-11
Lord Field,Get Some,Dec-13
Lord Field,Higgs,Oct-10
Lord Field,Higgs Atom,"April 12, 2016"
Lord Field,Higgs Force,Nov-11
Lord Field,Higgs Neo,Mar-15
Lord Field,Heritage Particle,Sep-12
Lord Field,Heritage (Red/Blue Pearl),May-12
Lord Field,Holy Knight,"November 9, 2015"
Lord Field,Jacked,Mar-12
Lord Field,Judgement,Oct-12
Lord Field,Judgement Assassin,"December 6, 2016"
Lord Field,Judgement Day,Mar-12
Lord Field,Judgement Devastation,Nov-13
Lord Field,Judgement Reaper,"August 21, 2018"
Lord Field,Key Answer,"March 21, 2017"
Lord Field,King,"November 21, 2017"
Lord Field,Knight,Jul-15
Lord Field,Korrupt,Jul-12
Lord Field,Korrupt Target,Aug-14
Lord Field,LF Black,Oct-09
Lord Field,LF Red,Oct-09
Lord Field,Mega Talent,Jun-15
Lord Field,Nasty,May-12
Lord Field,Off the Chain (Red/Orange/Purple),May-13
Lord Field,OK Tenpin Pink,Nov-11
Lord Field,Old School,May-15
Lord Field,Perfect Answer,"May 4, 2016"
Lord Field,Pin Hacker Pearl,Dec-10
Lord Field,Queen,"September 20, 2016"
Lord Field,Queen Royal,"December 27, 2016"
Lord Field,Rainbow Black (Hard Ball),Jun-11
Lord Field,Razon,Jan-11
Lord Field,(Smile) Lordfield,"March 19, 2024"
Lord Field,Super Talent,Jan-15
Lord Field,Talent,Apr-14
Lord Field,Talent Maximum,"January 25, 2016"
Lord Field,Talent Muse,"November 1, 2016"
Lord Field,Talent Show,"June 19, 2018"
Lord Field,Talent Skill,"June 24, 2016"
Lord Field,Talent Star,"May 9, 2017"
Lord Field,Taurus,Aug-11
Lord Field,Terra Khan,Apr-11
Lord Field,Terra Power,Aug-10
Lord Field,Terra Power Resurrection,Apr-14
Lord Field,The Grail V.1,Dec-11
Lord Field,The Grail V.1 Blue/Hot Lemon,Mar-12
Lord Field,The Grail V.1 Purple/Hot Lemon,Mar-12
Lord Field,The Grail V.2,Dec-11
Lord Field,Top Talent,Jul-14
Lord Field,Torment,Nov-11
Lord Field,Torment Evil,Nov-11
Lord Field,Warrior,Aug-11
Lord Field,Zaru Blue Pearl,Nov-11
Lord Field,Zaru Hot Pink,Dec-11
M & T Associates,Black Myth,Sep-'01
Magic Bowling Service,Demolition,Jan-10
Magic Bowling Service,Demolition II,Jul-10
Magic Bowling Service,M.B.S.,Jan-10
Magic Bowling Service,M.B.S. Silver Pearl,Jan-11
Magic Bowling Service,M.B.S. White Pearl,Mar-15
Magic Bowling Service,Mega Stinger,Sep-11
Magic Bowling Service,Miracle Power,Dec-10
Magic Bowling Service,Twin Turbo Red/Blue,Aug-10
Magic Bowling Service,Untouchable Power,Dec-10
Matsuda Co.,Mazdan Magnitude,Aug-'01
Maximum Bowling Service,Rakion,Mar-07
Maximum Bowling Service,Rakion Black/Purple/Blue,Dec-'07
Maximum Bowling Service,Rakion Black/Red,Dec-'07
Maximum Bowling Service,Rakion Pink/Purple/Blue,Dec-'07
Maximum Bowling Service,Rush,Dec-'06
Millennium,Y2K,Apr-99
Millennium,Y2K Sapphire,May'00
Milo,Champions (All Colors),"May 7, 2024"
Modern,Arirang (아리랑),"August 18, 2026"
Monster Bowling,Boogieman,"June 13, 2017"
Monster Bowling,Kraken,"June 13, 2017"
Monster Bowling,The Loch Ness Monster,"December 20, 2016"
Monster Bowling,The Vamp,"December 1, 2017"
MoRich,Aggressive Motion,Jun-11
MoRich,Archon,Jun-07
MoRich,Awesome Finish,Mar-07
MoRich,Awesome Flip,Feb-'06
MoRich,Awesome Hook Polished,June-'06
MoRich,Awesome Hook Sanded,June-'06
MoRich,Awesome Revs,Oct-'06
MoRich,Colossus,Aug-'01
MoRich,Colossus Pearl,May-'02
MoRich,Colossus Supreme,July-'02
MoRich,Colossus Supreme Carbide,Sept-'03
MoRich,Colossus Supreme Pearl,March-'03
MoRich,Complete Annihilation,Dec-'05
MoRich,Complete Annihilation II,Jun-07
MoRich,Complete Annihilation Revival,Jan-'09
MoRich,Craze,Oct-09
MoRich,DestroyR,Jan-11
MoRich,EZ Lev RG ML&L,Jan-08
MoRich,Frenzy,Jun-09
MoRich,Grand Shock & Awe,May-'06
MoRich,Hercules,Jan-'03
MoRich,Hercules Orange/Purple,April-'03
MoRich,HookR,Nov-11
MoRich,Labyrinth,May'00
MoRich,Lane Magic,July-'04
MoRich,Lane Magic Revival ML & L,Jun-07
MoRich,LevRG,Jun-07
MoRich,LevRG Black/Chrome/Blue,"April 30, 2019"
MoRich,LevRG Purple/Black/Chrome,"April 30, 2019"
MoRich,LevRG Purple/Black/Gold,"April 30, 2019"
MoRich,LevRG Response,Nov-'08
MoRich,LevRG-S,Jan-08
MoRich,Loco Motion,Feb-12
MoRich,Mania,Jan-10
MoRich,Maximum Shock & Awe Black/Red,Jan-'06
MoRich,Maximum Shock & Awe Black/Red Pearl,Jan-'06
MoRich,Mayhem,Nov-'03
MoRich,Mayhem Black Pearl,"January 16, 2018"
MoRich,Mayhem Black Solid,"January 16, 2018"
MoRich,Mayhem Blue/Bronze/Gold,"February 11, 2020"
MoRich,Mayhem LRB,June-'05
MoRich,Mayhem LRBP,Oct-'05
MoRich,Mayhem Up,June-'04
MoRich,Mayhem-P,Oct-'04
MoRich,Minotaur,Feb-'01
MoRich,Mojave,Jul-08
MoRich,MoRich Polyester Blue/Black/Silver,Apr-09
MoRich,MoRich Polyester Magenta/Black/Silver,Apr-09
MoRich,'Nsane LevRG,Nov-07
MoRich,'Ntense LevRG,Jul-08
MoRich,Offset Retro,Jun-11
MoRich,Onslaught,July-'03
MoRich,Paragon,Jun-07
MoRich,Perpetual Motion,Nov-10
MoRich,Pioneer,May-'02
MoRich,Ravage,April-'04
MoRich,Ravage II,Sept-'04
MoRich,Ravage III,Jan-'05
MoRich,Ravage IV,Sept-'05
MoRich,Ravage Pearl,Sept-'04
MoRich,Ravage V,Aug-'06
MoRich,Ravage VG Balance,June-'05
MoRich,Ravage VI,Jun-07
MoRich,Ravage VII,June-'08
MoRich,Ravage Black/Purple/Maroon Pearl,"January 16, 2018"
MoRich,Ravage Orange/Smoke Pearl,"January 16, 2018"
MoRich,Ravage Red/Black/Blue,"January 21, 2020"
MoRich,Rev Annihilation,April-'05
MoRich,Rip R,Jun-10
MoRich,Rip R Black/Chrome/Gold,"January 16, 2018"
MoRich,Rip R Black/Purple/Orange,"January 16, 2018"
MoRich,Rip R Blue/Charcoal,"January 16, 2018"
MoRich,Rip R Blue/Pink,"January 16, 2018"
MoRich,Sahara,June-'05
MoRich,Seek & Destroy,Nov-'05
MoRich,Shock & Awe,March-'05
MoRich,Solid LevRG,Mar-08
MoRich,Sweeping Annihilation,Oct-'06
MoRich,Total Annihilation,June-'04
MoRich,Total Annihilation P,Jan-'05
MoRich,Total Shock & Awe,June-'05
MoRich,Ultra Hercules,June-'03
MoRich,Weapon of Mass Bias,Nov-'04
MoRich,Weapon of Mass Bias II,May-'05
MoRich,Weapon of Mass Bias III,Jan-'06
MoRich,Weapon of Mass Bias Professional Blue/Red,Jan-'06
MoRich,Weapon of Mass Bias Professional Teal/Orange,Jan-'06
Motiv,2 Cruel,Jun-12
Motiv,2020 Revolt,"October 29, 2019"
Motiv,(Allegiant) Sniper Orange Pearl,"April 7, 2020"
Motiv,(Alpha) Jackal,"December 3, 2019"
Motiv,(Apex) Jackal,"December 16, 2025"
Motiv,Arctic Sniper,Jan-14
Motiv,Ascend Black/Green/Teal,"April 30, 2024"
Motiv,Ascend Dark Purple/Purple/Blue,"April 30, 2024"
Motiv,Ascend Navy/Teal/Yellow,"April 30, 2024"
Motiv,Ascend Red/Black/Tangerine,"April 30, 2024"
Motiv,Ascent,May-12
Motiv,Ascent Apex,Apr-14
Motiv,Ascent Apex Pink Pearl/Green Pearl,May-15
Motiv,Ascent Pearl Green/Purple,Jun-13
Motiv,Ascent Pearl Pink/Purple,May-12
Motiv,Ascent Pearl Red/Black,Jun-13
Motiv,Aspire (All Colors),"September 10, 2019"
Motiv,Black Jackal,"June 13, 2018"
Motiv,Black Venom,"February 28, 2023"
Motiv,Blue Coral Venom,"March 8, 2022"
Motiv,Blue Tank,"January 25, 2022"
Motiv,Carbide Tank,"October 18, 2022"
Motiv,Chronic Paranoia,"November 2, 2016"
Motiv,(Combat) Tank Black/Burgundy,"November 14, 2017"
Motiv,Covert Revolt,Feb-14
Motiv,(Covert) Tank,"April 23, 2019"
Motiv,(Covert) VIP ExJ,"April 28, 2026"
Motiv,Crest,"July 27, 2021"
Motiv,Crimson Jackal,"December 12, 2023"
Motiv,Cruel C51,Aug-10
Motiv,Cruel C51 Limited Edition,Mar-11
Motiv,Cruel Intent,Oct-13
Motiv,(Desert) Tank,"February 4, 2020"
Motiv,Evoke,"January 23, 2024"
Motiv,Evoke (Hysteria),"February 25, 2025"
Motiv,Evoke (Mayhem),"January 20, 2026"
Motiv,(Fatal) Venom,"October 20, 2020"
Motiv,Forge,"December 4, 2018"
Motiv,Forge (Ember),"July 26, 2022"
Motiv,Forge (Fire),"September 3, 2019"
Motiv,Forge (Flare),"October 20, 2020"
Motiv,Forge (Fuel),"August 25, 2026"
Motiv,Forza,Oct-14
Motiv,Forza GT,"May 31, 2016"
Motiv,Forza SS,"June 27, 2017"
Motiv,Forza Pearl (Redline),Aug-15
Motiv,Freestyle Black/Blue Pearl,"May 3, 2016"
Motiv,Freestyle Black/Pink Pearl,"May 3, 2016"
Motiv,Freestyle Rush,"April 25, 2017"
Motiv,Freestyle Rush Red/Blue,"April 3, 2018"
Motiv,Frenzy Blue/Navy/Teal,"November 18, 2025"
Motiv,Frenzy Red/Dark Red/Black,"January 27, 2026"
Motiv,Gold Revolt,"May 30, 2017"
Motiv,Golden Jackal,"January 15, 2019"
Motiv,GT1,May-09
Motiv,GX1,Dec-'08
Motiv,Hydra,"May 8, 2018"
Motiv,(Hyper) Venom,"February 27, 2024"
Motiv,(Iron) Forge,"October 19, 2021"
Motiv,Jackal (Ambush),"November 29, 2022"
Motiv,Jackal (Assault),"November 19, 2019"
Motiv,Jackal Attack,"July 2, 2019"
Motiv,Jackal Boss,"November 14, 2017"
Motiv,Jackal Chase,"February 27, 2018"
Motiv,Jackal Clear Poly,"August 2, 2022"
Motiv,Jackal ExJ,"April 29, 2025"
Motiv,Jackal (Flash),"August 11, 2020"
Motiv,Jackal Fury,"June 27, 2017"
Motiv,Jackal Ghost,"December 13, 2016"
Motiv,Jackal (Ghost V2),"July 14, 2026"
Motiv,Jackal (Howl),"December 3, 2024"
Motiv,Jackal Hunt,"July 17, 2018"
Motiv,Jackal LE,"August 16, 2016"
Motiv,Jackal (Legacy),"January 5, 2021"
Motiv,Jackal Magic,"May 21, 2019"
Motiv,Jackal (Onyx),"December 17, 2024"
Motiv,Jackal (Pro) Purple/Black,"December 15, 2015"
Motiv,Jackal Rising,"November 14, 2017"
Motiv,Jackal Scar,"October 3, 2017"
Motiv,Jackal (Shadow),"August 15, 2023"
Motiv,Jackal Shred,"April 24, 2018"
Motiv,Jackal Slash,"December 18, 2018"
Motiv,Jackal Spare,"July 27, 2021"
Motiv,Jackal Wild,"October 17, 2018"
Motiv,(King) Venom,"October 23, 2025"
Motiv,(Laser) Sniper,"June 13, 2022"
Motiv,Lethal Paranoia,"October 10, 2017"
Motiv,(Lethal) Venom,"January 21, 2025"
Motiv,Liberty,"July 27, 2021"
Motiv,(Max) Thrill Hybrid,"April 1, 2025"
Motiv,(Max) Thrill Pearl,"May 7, 2024"
Motiv,(Max) Thrill Pearl Lime/Orange,"April 21, 2026"
Motiv,(Max) Thrill Solid,"May 7, 2024"
Motiv,(Mythic) Jackal,"January 25, 2022"
Motiv,Nebula,"November 4, 2025"
Motiv,(Nuclear) Forge,"September 26, 2023"
Motiv,Octane,Jun-14
Motiv,Octane Burn,"October 27, 2015"
Motiv,Octane Carbon,"February 14, 2017"
Motiv,Paranoia,"February 2, 2016"
Motiv,Pride,"September 7, 2021"
Motiv,Pride (Empire),"June 13, 2022"
Motiv,Pride (Dynasty),"August 22, 2023"
Motiv,Pride (Liberty),"July 16, 2024"
Motiv,Primal 50,Oct-14
Motiv,Primal Fear,"September 20, 2016"
Motiv,Primal (Ghost),"August 26, 2025"
Motiv,Primal Impulse,Nov-11
Motiv,Primal Rage,Jun-13
Motiv,Primal Rage (5 Year Anniversary Edition),"May 22, 2018"
Motiv,Primal (Rage Evolution),"October 29, 2024"
Motiv,Primal Rage Remix,Jun-15
Motiv,Primal Scream,Aug-12
Motiv,Primal (Shock),"January 17, 2023"
Motiv,Primal TV4,Jan-11
Motiv,Propel (All Colors),"April 30, 2024"
Motiv,Purple Tank,"January 19, 2021"
Motiv,Quadfire QZ1 Cranberry,Dec-09
Motiv,Quadfire QZ1 Purple,Dec-09
Motiv,Quadfire QZ2,Oct-10
Motiv,Quadfire QZ2 Backdraft (Black/ Fire Pearl),May-11
Motiv,Raptor (Altitude),"December 22, 2020"
Motiv,Raptor Attack,Jan-12
Motiv,Raptor (Fury),"November 7, 2023"
Motiv,Raptor P7,Jun-11
Motiv,Raptor (Reign),"September 30, 2025"
Motiv,Raptor (Rush),"September 24, 2024"
Motiv,Raptor (Supreme),"October 26, 2021"
Motiv,Raptor Talon,Nov-12
Motiv,(Rebel) Tank Pearl,May-15
Motiv,Recon RX1,Jul-10
Motiv,Recon RX1 Silver Pearl,Dec-10
Motiv,Red Revolt,May-15
Motiv,(Red Star) Revolt,"April 5, 2016"
Motiv,Revolt (Uprising),"May 17, 2022"
Motiv,Revolt (Vengeance),Dec-14
Motiv,Revolt Purple (Havoc),Sep-15
Motiv,Ripcord,"June 11, 2019"
Motiv,Ripcord (Flight),"February 4, 2020"
Motiv,Ripcord (Launch),"October 18, 2022"
Motiv,Ripcord (Velocity),"June 15, 2021"
Motiv,(Rising) Venom,"May 13, 2025"
Motiv,Rogue (Assassin),"July 9, 2019"
Motiv,Rogue Blade,"July 17, 2018"
Motiv,Royal Revolt,"October 23, 2018"
Motiv,Sapphire Jackal,Aug-15
Motiv,(Shadow) Tank,"September 30, 2025"
Motiv,Sigma Hybrid,Mar-12
Motiv,Sigma Sting,Nov-13
Motiv,Sigma Tour,Aug-11
Motiv,Sigma (Tour) Pearl,"June 9, 2026"
Motiv,Silver Sniper,"September 10, 2024"
Motiv,(Sky) Raptor,"June 11, 2019"
Motiv,Sniper,Apr-12
Motiv,Sniper Black/Gray (Midnight),"April 3, 2018"
Motiv,Sniper Green/Orange (Hyper),"April 18, 2017"
Motiv,SR2,Nov-09
Motiv,Stadium,"July 27, 2021"
Motiv,(Steel) Forge,"July 22, 2025"
Motiv,(Subzero) Forge,"August 20, 2024"
Motiv,Supra,"October 15, 2019"
Motiv,Supra (Clutch),"June 17, 2025"
Motiv,Supra Enzo,"July 27, 2021"
Motiv,Supra (GT),"June 19, 2024"
Motiv,Supra (Rally),"March 21, 2023"
Motiv,Supra (Sport),"February 24, 2026"
Motiv,SX1,Dec-'08
Motiv,T10,"October 9, 2018"
Motiv,Tag Black (Graffiti),Mar-15
Motiv,Tag (Cannon) Green/Blue Pearl,"June 6, 2017"
Motiv,Tag Purple (Graffiti),Mar-15
Motiv,Tank,Mar-13
Motiv,Tank (Blitz) Red,"October 15, 2019"
Motiv,Tank Burgundy (Rampage),"April 25, 2017"
Motiv,Tank (Rampage) Pearl,"January 23, 2024"
Motiv,Tank Yellow Jacket,"June 13, 2023"
Motiv,Thrash,Dec-11
Motiv,Thrash Frenzy,Jan-13
Motiv,Thrill Pink/Yellow,"April 7, 2020"
Motiv,Thrill Purple/Blue,"March 19, 2019"
Motiv,Thrill Wine/Magenta,"March 19, 2019"
Motiv,(Top) Thrill Blue/Green,"June 22, 2021"
Motiv,(Top) Thrill Hybrid,"July 18, 2023"
Motiv,(Top) Thrill Purple/Red,"June 22, 2021"
Motiv,(Top) Thrill Solid,"July 18, 2023"
Motiv,TR2,Aug-09
Motiv,Tribal,Sep-13
Motiv,Tribal Fire,Jul-14
Motiv,Trident,"July 19, 2016"
Motiv,Trident Abyss,"August 28, 2018"
Motiv,Trident (Horizon),"March 9, 2021"
Motiv,Trident (Nemesis),"January 21, 2020"
Motiv,Trident (Odyssey),"December 7, 2021"
Motiv,Trident Quest,"September 12, 2017"
Motiv,Trident Shield,"November 15, 2016"
Motiv,Trident (Tempest),"June 16, 2020"
Motiv,TX1,Dec-'08
Motiv,TZ3,May-10
Motiv,(Ultimate) Jackal,"August 4, 2020"
Motiv,United Revolt,"January 31, 2017"
Motiv,Venom Cobra,"April 7, 2016"
Motiv,Venom ExJ,"April 16, 2024"
Motiv,Venom (Hysteria),"March 31, 2026"
Motiv,Venom Panic,Jan-15
Motiv,Venom (Recoil),"February 12, 2019"
Motiv,Venom Shock,Feb-14
Motiv,Venom Shock Pearl,"January 16, 2018"
Motiv,Venom Spare,"July 27, 2021"
Motiv,Venom Spare (All Colors),"December 18, 2024"
Motiv,Venom Strike,Oct-12
Motiv,Venom Toxin,Feb-13
Motiv,Villain,"February 27, 2018"
Motiv,Villain Scorn,"October 9, 2018"
Motiv,VIP (Affliction),"April 20, 2021"
Motiv,VIP - ExJ,"September 8, 2020"
Motiv,VIP ExJ (Sigma),"May 23, 2023"
Moxy,Exo Thermic,Mar-15
Moxy,Exo Thermic Burst,"August 30, 2016"
Moxy,Strife,"August 30, 2016"
Natural Enemies,Hell Fire,"April 24, 2018"
Natural Enemies,Killer Bee,Aug-14
Natural Enemies,Killer Shark,"August 30, 2016"
Natural Enemies,Killer Shark II,"April 4, 2017"
Natural Enemies,Panther,"January 19, 2016"
Natural Enemies,T-Rex,"July 25, 2017"
Natural Enemies,Vulture,"April 12, 2016"
Natural Enemies,Wild Cat,May-14
Neo Technologies,Khameleon,Feb-'03
Nippon Ebonite,Absolute,June-'02
Nippon Ebonite,Genius Carbide,June-'02
Nippon Ebonite,Genius HRU,Jan-'02
Nippon Ebonite,Genius Pro,Jan-'02
Nippon Ebonite,Genius RE,Feb-'02
Nippon Ebonite,Independent,Dec-'02
Nippon Ebonite,Next Century FR2,June-'01
Nippon Ebonite,Next Century GPT,June-'01
Nippon Ebonite,Next Century HRU,Sept-'01
Nippon Ebonite,Next Century PPT,June-'01
Nippon Ebonite,Next Century PPT Tourer,Sept-'01
Nippon Ebonite,Phenomena,Jan-'02
Nippon Ebonite,Phenomena 101,Jan-'02
Nippon Ebonite,Radiant Reactive,Dec-'02
Nippon Ebonite,Raker,Aug-'02
Nippon Ebonite,Ultima Response Carbide,Dec-'02
Nippon Ebonite,Ultima Response Carbide Pro Select,April-'03
Nippon Ebonite,Ultima Response RE,Oct-'02
Nippon Ebonite,Ultra Break Carbide G,Feb-'02
NL-Bowling Star,Depart (All Colors),"January 13, 2026"
Nu-Line,Deadly Virus,June-'01
Nu-Line,Gauntlet,Mar'00
Nu-Line,Genesis,Dec-94
Nu-Line,Oddessy ( Blue ),Sep-95
Nu-Line,Super X-Calibur,May-'02
Nu-Line,Vengeance,Jan-97
Nu-Line,Virus,April-'01
Nu-Line,X Treme,Feb-94
Nu-Line,X-Calibur,Feb-92
Nu-Line,X-Calibur Legend,Jan-'01
Nu-Line,X-Calibur Super X,Jun-93
Nu-Line,X-Celerator,Jan-'02
Nu-Line,X-Pedition,April-'02
ontheballbowling.com,Clear Skull,"May 1, 2018"
Own Hero,Black Panther,"August 4, 2020"
Own Hero,Iron Man,"April 30, 2020"
PBA,PBA 50th Anniversary,Oct-'08
PBA,Skill 2.0,Jun-13
PBA,Skill 3.0,Jun-13
PBA,Skill 3.02,"February 14, 2017"
PBS,**Sniper L96A1 AW,Jul-14
PBS,Discipline,Jul-15
PBS,Dragon Ball,Aug-14
PBS,Dragon Ball (All Colors),"August 14, 2018"
PBS,Dragon Ball Blue/White,"October 17, 2017"
PBS,Flower Ball,"January 29, 2019"
PBS,Forbidden Magic,"January 30, 2018"
PBS,Frenzied (All Colors),Jan-13
PBS,Gradation 3-Dimension,"April 13, 2021"
PBS,Horseshoe Blue/Lemon,Jul-15
PBS,Horseshoe Orange/Blue,Jul-15
PBS,Horseshoe Pink/Yellow,Jul-15
PBS,Mercenary,"January 30, 2018"
PBS,Mustang (All Colors),"July 31, 2018"
PBS,PBS (All Colors),Sep-15
PBS,Planet Earth,Jul-14
PBS,Planet Earth Hybrid,"January 30, 2018"
PBS,Pocketability,Jul-15
PBS,Pocketcheer,Jul-15
PBS,乾坤 火 (Qiankun Fire),"December 31, 2024"
PBS,乾坤 水 (Qiankun Water),"February 4, 2025"
PBS,Sniper M24 SWS,Jul-14
PBS,Sniper M40A1,Jul-14
PBS,Sniper SG550,Jan-13
PBS,Soaring,Jul-15
PBS,Sun Flare,"January 30, 2018"
PBS,Turbo Urethane,"May 26, 2020"
Phiten,Phiten Clear Blue,"September 5, 2023"
Phiten,Phiten Clear Pink,"September 5, 2023"
Phiten,Phiten Urethane,"September 5, 2023"
Pin Breaker,Furious,Feb-08
Pin Breaker,Lt. Blue w/ Orange Eng.,Jan-96
Pin Breaker,Lt. Blue w/ White Eng.,Jan-96
Pin Breaker,Lt. Blue w/ Yellow Eng.,Jan-96
Pin Breaker,Pin Breaker / Fuchsia Eng,Sep-95
Pin Breaker,Pin Breaker / White Eng,Sep-95
Pin Breaker,Pin Breaker / Yellow Eng,Sep-95
Pin Breaker,Pin Breaker ( Dark Purple),Jan-95
Pin Breaker,Pin Breaker ( Light Purple),Feb-95
Pin Breaker,Pin Breaker (Purple),Dec-95
Pin Breaker,Power Shark,Jan-08
Pin Breaker,Purple / Green Engraving,Mar-96
Pin Breaker,Purple / Orange Engraving,Mar-96
Pin Breaker,Purple / Yellow Engraving,Mar-96
Pin Breaker,Total Action,Feb-08
Pin Breaker,Total Omega,Jan-08
Pin Marketing,3 Pin Bottle,Dec-07
Pin Marketing,Tri Color,Nov-07
Power Play,Bronze Advantage (Electra / R),Sep-97
Power Play,Gold Advantage II,Apr-98
Power Play,Norm Duke Gold Advantage,Feb-97
Power Play,Norm Duke Silver Advantage,Jan-97
Power Play,P.P.B. Bronze,Jul-97
Power Play,Prowler,Mar-98
Power Play,Sidewinder,Mar-98
Power Play,Silver Advantage II,Mar-98
Power Play,Tomahawk,Mar-98
Pro Bowl,Black Beauty,"October 3, 2023"
Pro Bowl,Challenger Black/Purple/Silver,"March 9, 2021"
Pro Bowl,Challenger Black/Silver,"March 9, 2021"
Pro Bowl,Challenger Blue/Light Blue,"March 2, 2021"
Pro Bowl,Challenger Red/Black/Silver,"June 27, 2023"
Pro Bowl,Challenger Red/White/Blue,"March 2, 2021"
Pro Bowl,Forta (All Colors),"February 1, 2022"
Pro Bowl,Frosted Power,"February 25, 2025"
Pro Bowl,High Roller,Mar-15
Pro Bowl,Pin Ball,Mar-15
Pro Bowl,Pro Bowl Blue/Black,Jul-10
Pro Bowl,Pro Bowl Blue/Black/Silver,Jul-10
Pro Bowl,Pro Bowl Cherry/Black,Jul-10
Pro Bowl,Pro Bowl Lime/Black,Jul-10
Pro Bowl,Pro Bowl Orange/Black,Jul-10
Pro Bowl,Pro Bowl Red/Yellow/Silver,Jul-10
Pro Bowl,Smiley Face,Mar-15
Pro Bowl,Soccer Ball,Mar-15
Pro Bowl,Stallion,"December 5, 2023"
Pro Bowl,Under Cover Black-Yellow-Pink Pearl,"May 6, 2025"
Pro Bowl,Under Cover Dark Blue-Light Blue Pearl,"May 6, 2025"
Pro Bowl,Under Cover Emerald-Black-Silver Pearl,"May 6, 2025"
Pro Bowl,Under Cover Red-White-Blue Pearl,"May 6, 2025"
Pro Bowl,White Dice,Mar-15
Pro-Bowls,Discovery,Aug-99
Profi Shop,Aloha,Jun-07
Profi Shop,American Eagle,May-09
Profi Shop,Apple,Apr-09
Profi Shop,Austrian Flag,Jan-'09
Profi Shop,Belgium Flag,Jan-'09
Profi Shop,Earth Ball,May-09
Profi Shop,Eight Ball,Apr-09
Profi Shop,Finland Flag,Jan-'09
Profi Shop,French Flag,Jan-'09
Profi Shop,Gambler,May-09
Profi Shop,German Flag,Jan-'09
Profi Shop,Golf Ball,May-09
Profi Shop,Green Alien,Jun-09
Profi Shop,Happy Guy,Apr-09
Profi Shop,High Roller,May-09
Profi Shop,Holland Flag,Jan-'09
Profi Shop,Human Heart,Jun-09
Profi Shop,I Love Berlin,May-09
Profi Shop,I Love Bowling,Apr-09
Profi Shop,I Love Munich,May-09
Profi Shop,I Love Swiss,Apr-09
Profi Shop,Italian Flag,Jan-'09
Profi Shop,Jackpot,May-09
Profi Shop,Nine Ball,Apr-09
Profi Shop,Orange,Apr-09
Profi Shop,Pair of Dice,May-09
Profi Shop,Pirate Flag,Jun-09
Profi Shop,Pumpkin,Apr-09
Profi Shop,Red Dragon,Jun-09
Profi Shop,Red Rose,Jun-09
Profi Shop,Royal Flush,May-09
Profi Shop,Skull & Crossbones,Jun-09
Profi Shop,Soccer,May-09
Profi Shop,Strawberry,Apr-09
Profi Shop,Sweden Flag,Jan-'09
Profi Shop,Swiss Flag,Jan-'09
Profi Shop,Tai Chi,Apr-09
Profi Shop,Watermelon,Apr-09
Pyramid Bowling,Antidote,"August 16, 2016"
Pyramid Bowling,Antidote Pearl,"March 22, 2022"
Pyramid Bowling,Blood Moon,Nov-14
Pyramid Bowling,Blood Moon Evolve,"January 15, 2025"
Pyramid Bowling,Blood Moon Infinity,"January 8, 2019"
Pyramid Bowling,Blood Moon Rising,"December 5, 2017"
Pyramid Bowling,Blood Moon Rising Pearl,"October 25, 2022"
Pyramid Bowling,Blue Moon,"December 14, 2021"
Pyramid Bowling,Blueprint,Jul-14
Pyramid Bowling,Blueprint Pearl,Jun-15
Pyramid Bowling,Blunt Force,"November 22, 2016"
Pyramid Bowling,Chosen I,Jun-15
Pyramid Bowling,Chosen Path Hot Pink/Lime Green,Jan-13
Pyramid Bowling,Chosen Path Orange/Grey,Jan-13
Pyramid Bowling,Chosen Path Pearl Black/Lime Green,Oct-13
Pyramid Bowling,Clear 8-Ball,"January 14, 2020"
Pyramid Bowling,Clear Baseball,"September 10, 2019"
Pyramid Bowling,Clear Basketball,"September 10, 2019"
Pyramid Bowling,Clear Skull,"January 8, 2019"
Pyramid Bowling,Curse,"August 16, 2016"
Pyramid Bowling,Curse Pearl,"September 10, 2019"
Pyramid Bowling,Dark Path Hybrid,Oct-13
Pyramid Bowling,Dark Path 19.5 Hybrid,Feb-15
Pyramid Bowling,Divergent Path,Jul-14
Pyramid Bowling,Divergent Path Pearl,Feb-15
Pyramid Bowling,Enchanted Path,"January 14, 2020"
Pyramid Bowling,Enchanted Path Purple-Black-Silver,"October 7, 2025"
Pyramid Bowling,Force,"August 16, 2016"
Pyramid Bowling,Force Black Label,"January 26, 2021"
Pyramid Bowling,Force Gold Pearl,"September 10, 2019"
Pyramid Bowling,Force Pearl,"August 28, 2018"
Pyramid Bowling,Force Pink Label,"January 17, 2023"
Pyramid Bowling,Force Purple-Black,"May 14, 2024"
Pyramid Bowling,Force Unleashed,"September 8, 2020"
Pyramid Bowling,Fortress,"October 25, 2022"
Pyramid Bowling,Fortress Endgame,"January 15, 2025"
Pyramid Bowling,Fortress Hybrid,"December 5, 2023"
Pyramid Bowling,Fortress Solid,"December 5, 2023"
Pyramid Bowling,Guardian,"August 29, 2023"
Pyramid Bowling,Guardian Pink-Black-White,"May 14, 2024"
Pyramid Bowling,Path (All Colors),Aug-11
Pyramid Bowling,Path Origin,Jan-13
Pyramid Bowling,Path Origin Pearl,Oct-13
Pyramid Bowling,Path Rising Black Solid,"December 14, 2021"
Pyramid Bowling,Path Rising Black/Hot Pink,Oct-13
Pyramid Bowling,Path Rising Black/Silver,Oct-13
Pyramid Bowling,Path Rising Blue/Dark Blue,Jun-15
Pyramid Bowling,Path Rising Kelly Green Sparkle,"January 8, 2019"
Pyramid Bowling,Path Rising Lime Green/Orange,Oct-13
Pyramid Bowling,Path Rising Purple Solid,"December 14, 2021"
Pyramid Bowling,Path Rising Purple/Steel Blue,Oct-13
Pyramid Bowling,Path Rising Red/White/Blue,"January 8, 2019"
Pyramid Bowling,Path Rising Sea Blue/Silver Pearl,"October 17, 2017"
Pyramid Bowling,Pathogen,Jun-15
Pyramid Bowling,Pathogen Asym,"April 23, 2024"
Pyramid Bowling,Pathogen Plague,"February 27, 2018"
Pyramid Bowling,Pathogen Plague Pearl,"January 14, 2020"
Pyramid Bowling,Pathogen Spare,"January 8, 2019"
Pyramid Bowling,Pathogen X,"November 22, 2016"
Pyramid Bowling,Pathogen X²,"September 8, 2020"
Pyramid Bowling,Pathogen X ATK,"April 2, 2019"
Pyramid Bowling,Pink Moon,"February 22, 2022"
Pyramid Bowling,Power Moon,"October 25, 2022"
Pyramid Bowling,Prime Pearl,"October 7, 2025"
Pyramid Bowling,Prime Solid,"November 25, 2025"
Pyramid Bowling,Supermoon,"November 10, 2020"
Pyramid Bowling,Supermoon Luna,"July 20, 2021"
Pyramid Bowling,Supermoon Pearl,"June 25, 2024"
Pyramid Bowling,Titan,"August 29, 2023"
QMR,Burning,May-11
QMR,Coord,Jun-11
QMR,Coord Polyester (All Colors),Nov-11
QMR,Crisis,Feb-11
QMR,Fantastic,May-11
QMR,Fly Bullet (L),Jul-11
QMR,Miraculous,Sep-11
QMR,Miraculous 1,Oct-11
QMR,The Drone,Jun-11
Quantum,King Quantum,Aug-07
Quantum,Quantum Allegiance,Feb-08
Quantum,Quantum Blue/Black,Jan-'05
Quantum,Quantum Blue/Purple,Jan-'05
Quantum,Quantum Blue/Red,Jan-'05
Quantum,Quantum Entry,Jan-08
Quantum,Quantum Hook,Aug-'06
Quantum,Quantum Purple/Silver,Jan-'06
Quantum,Quantum Supreme,Aug-'06
Quantum,Quantum Sky,Jan-08
Radical,Beyond Ridiculous,"December 12, 2017"
Radical,Beyond Ridiculous Pearl,"May 24, 2018"
Radical,Bigfoot,"February 22, 2022"
Radical,Bigfoot Hybrid,"October 18, 2022"
Radical,Bonu$,"July 7, 2020"
Radical,Bonu$ Pearl,"December 15, 2020"
Radical,Break Away,"January 9, 2024"
Radical,Ca$h,"December 20, 2016"
Radical,Conspiracy,"October 2, 2018"
Radical,Conspiracy Dark Red,"June 22, 2021"
Radical,Conspiracy Hybrid,"May 21, 2019"
Radical,Conspiracy Pearl,"February 7, 2019"
Radical,Conspiracy Purple,"April 21, 2020"
Radical,Conspiracy Scheme,"February 22, 2022"
Radical,Conspiracy Theory,"September 20, 2019"
Radical,Counter Attack Pearl,"May 21, 2019"
Radical,Counter Attack Solid,"May 21, 2019"
Radical,Crypto,"June 21, 2022"
Radical,Crypto Boom,"May 23, 2023"
Radical,Cyclops,"March 21, 2017"
Radical,Cyclops Pearl,"August 8, 2017"
Radical,Dart,Dec-12
Radical,Deadly Rattler,"September 19, 2023"
Radical,Deep Impact,"February 3, 2026"
Radical,Double Cross,"December 14, 2021"
Radical,Evil Eye,"October 14, 2025"
Radical,Evil Eye Pearl,"June 30, 2026"
Radical,Grease Monkey,Dec-13
Radical,Grease Monkey POW!,Jun-14
Radical,Grease Monkey Whack!,Jan-15
Radical,Guru,Oct-14
Radical,Guru Espada,"May 30, 2017"
Radical,Guru Eternal,"September 12, 2017"
Radical,Guru Eternal Pearl,"July 14, 2020"
Radical,Guru Force,"April 30, 2019"
Radical,Guru Master,Jun-15
Radical,Guru Mighty,Jan-15
Radical,Guru Oracle,"June 24, 2025"
Radical,Guru Oracle Pearl,"June 2, 2026"
Radical,Guru Pearl Limited,"June 14, 2016"
Radical,Guru Supreme,Sep-15
Radical,Incognito,"November 3, 2020"
Radical,Incognito Pearl,"February 2, 2021"
Radical,Incognito (Pro),"March 8, 2022"
Radical,Informer,"June 15, 2021"
Radical,Innovator,"September 20, 2022"
Radical,Innovator Solid,"February 21, 2023"
Radical,Intel,"December 12, 2017"
Radical,Intel Pearl,"June 14, 2018"
Radical,Intel Pearl Special Edition,"June 15, 2021"
Radical,Intel Recon,"October 14, 2025"
Radical,Intel Tour,"June 30, 2026"
Radical,Jackpot,"March 15, 2016"
Radical,Jackpot Solid,"October 11, 2016"
Radical,Katana,"October 3, 2017"
Radical,Katana Assault,"December 27, 2022"
Radical,Katana Dragon,"May 24, 2018"
Radical,Katana Gengetsuko,"August 31, 2021"
Radical,Katana Homura,"February 23, 2021"
Radical,Katana Izayoi,"November 13, 2018"
Radical,Katana Khan,"September 24, 2019"
Radical,Katana Legend,"December 11, 2018"
Radical,Katana Senbon Zakura,"February 16, 2021"
Radical,Katana (Shiranui),"April 2, 2019"
Radical,Katana Slash,"February 6, 2018"
Radical,Katana Strike,"June 27, 2023"
Radical,Katana Yasha,"December 10, 2019"
Radical,Ludicrous,"June 14, 2018"
Radical,Ludicrous Solid,"February 7, 2019"
Radical,Max Bias,"May 28, 2024"
Radical,Maximum Results,"May 4, 2021"
Radical,More Ca$h,"August 8, 2017"
Radical,No Doubt,"October 8, 2024"
Radical,No Doubt Hybrid,"June 30, 2026"
Radical,No Doubt Solid,"May 27, 2025"
Radical,Outer Limits,"February 21, 2023"
Radical,Outer Limits Black Hole,"December 30, 2025"
Radical,Outer Limits Pearl,"March 5, 2024"
Radical,Outer Limits Solid,"January 5, 2025"
Radical,Pandemonium,"September 22, 2020"
Radical,Pandemonium Solid,"February 2, 2021"
Radical,Payback,"September 21, 2021"
Radical,Power Hitter,"May 30, 2025"
Radical,(Prime) Power Hitter,"April 7, 2026"
Radical,Primo,Jun-15
Radical,Primo Solid,"December 8, 2015"
Radical,Quick Fix,"June 13, 2017"
Radical,Rack Attack Pearl,Apr-15
Radical,Radical Conspiracy,"March 5, 2024"
Radical,Rack Attack Solid,Apr-15
Radical,Radical Spare,Jun-14
Radical,Rattler,"September 20, 2022"
Radical,Rattler Big Bite,"June 25, 2024"
Radical,Rattler NU,"May 28, 2024"
Radical,Rave,Jun-15
Radical,Rave On,"January 19, 2016"
Radical,REAX,Feb-13
Radical,REAX Gusto,May-14
Radical,REAX Pearl,Jun-13
Radical,REAX Version 2,Oct-13
Radical,REAX Version 2 Pearl,Dec-13
Radical,Results,"February 4, 2020"
Radical,Results+,"December 16, 2020"
Radical,Results Solid,"September 22, 2020"
Radical,Revenge Pearl,"April 13, 2026"
Radical,Revenge Solid,"April 13, 2026"
Radical,Ridiculous,Sep-15
Radical,Ridiculous Asym,"January 19, 2016"
Radical,Ridiculous Pearl,"June 14, 2016"
Radical,RS-67,"October 11, 2022"
Radical,RS-67 Evolution HK22,"September 24, 2024"
Radical,RS-79,"April 2, 2024"
Radical,Score,Oct-14
Radical,Shinuchi Katana Izayoi,"December 10, 2019"
Radical,Shinuchi Katana Shiranui,"January 14, 2020"
Radical,Sizzle,"October 2, 2018"
Radical,Slant,Mar-11
Radical,Slant HD,Jun-12
Radical,Slant Hybrid,Nov-11
Radical,Slant Solid,Jul-11
Radical,Snapshot,"January 5, 2025"
Radical,Snap Shot Hybrid,"June 24, 2025"
Radical,Sneak Attack,"April 26, 2022"
Radical,Sneak Attack HK22 Hybrid,"September 17, 2024"
Radical,Sneak Attack HK22 Pearl,"September 24, 2024"
Radical,Sneak Attack Hybrid,"October 10, 2023"
Radical,Sneak Attack Solid,"May 23, 2023"
Radical,Sneak Attack V.S.A.,"September 10, 2024"
Radical,Squatch,"December 11, 2018"
Radical,Squatch Hybrid,"December 17, 2019"
Radical,Squatch Solid,"June 11, 2019"
Radical,Team 2011 NYC Police,Aug-11
Radical,The Closer,"September 17, 2019"
Radical,The Closer Pearl,"February 4, 2020"
Radical,The Fix,"October 11, 2016"
Radical,The Hitter,"September 19, 2023"
Radical,The Hitter Pearl,"June 25, 2024"
Radical,The Spy,"May 18, 2021"
Radical,Time's Up!,Jul-11
Radical,Time's Up! Solid,Jan-12
Radical,Torpedo,"March 4, 2025"
Radical,Torpedo Direct Hit,"March 4, 2025"
Radical,Torrid,Jul-12
Radical,Torrid Affair,Jun-13
Radical,Torrid Elite,Jan-13
Radical,Trail Blazer,"September 21, 2021"
Radical,Trail Blazer Solid,"June 21, 2022"
Radical,Tremendous,"June 13, 2017"
Radical,Tremendous Pearl,"October 3, 2017"
Radical,Vexed,"March 10, 2026"
Radical,Xeno,Jun-16
Radical,Xeno Pearl,"December 20, 2016"
Radical,Yeti,Feb-13
Radical,Yeti Uncaged,Aug-14
Radical,Yeti Unleashed,Feb-14
Radical,Yeti Untamed,Oct-13
Radical,Zig Zag,"November 7, 2023"
Radical,Zig Zag Solid,"October 8, 2024"
Radical,Zing!,"June 11, 2019"
Radical,Zing! & Zing,"March 24, 2020"
Radical,Zing! Hybrid,"December 17, 2019"
Radical,Zing! Pearl,"July 7, 2020"
Rev,Fugitive,Jul-11
Rev,Phantom,Nov-10
Rev,Terror,Aug-12
Revolution,Cyber Gear,Mar-11
Revolution,Rev AGL Danger,May-07
Revolution,Rev Gear 10th Anniversary,Mar-08
Revolution,Rev Pro Extreme Gear RX,Nov-09
Revolution,Rev Pro Winning Speed,Sep-09
Revolution,Rev Speed Drift,May-07
Revolution,Rev Up Green Sparkle,Jan'00
Revolution,Rev-Asroc Orange/Red Pearl,Feb-07
Revolution,Rev-Asroc Purple/Silver Pearl,Feb-07
Revolution,Revolution Clash,Dec-'00
Revolution,Revolution Danny Wiseman Pro Series,Aug-'01
Revolution,Revolution Death Blow,Aug-'05
Revolution,Revolution Defiance ECX,Aug-'01
Revolution,Revolution Defiance ECX Proactive,Dec-'01
Revolution,Revolution Defiance ECX Silver Sparkle,April-'02
Revolution,Revolution IST 2000 LE,Jan'00
Revolution,Revolution IST 200X Limited,Dec-'00
Revolution,Revolution IST AGL,June-'04
Revolution,Revolution IST Black Pearl,Apr'00
Revolution,Revolution IST Black TE1,Jan'00
Revolution,Revolution IST Blue Pearl,Jan'00
Revolution,Revolution IST Blue/Orange,Jan'00
Revolution,Revolution IST Burgundy Sparkle,Jan'00
Revolution,Revolution IST Command,Sept-'04
Revolution,Revolution IST Deep AGL,Feb-08
Revolution,Revolution IST Green TE1,Jan'00
Revolution,Revolution IST Navy,Jan'00
Revolution,Revolution IST Plum Pearl,Jan'00
Revolution,Revolution IST Purple,Jan'00
Revolution,Revolution IST Tour Copper,Aug-'02
Revolution,Revolution IZE Black Pearl,Jan'00
Revolution,Revolution IZE Falcon,Feb-'04
Revolution,Revolution IZE Purple Pearl,Jan'00
Revolution,Revolution Jupiter X,Feb-'03
Revolution,Revolution Perfection,Feb-10
Revolution,Revolution Pro R'Z,Nov-07
Revolution,Revolution Pro Speed Master,Aug-10
Revolution,Revolution Progress C,Dec-'02
Revolution,Revolution Progress ISM,Aug-07
Revolution,Revolution Progress Master,Jan-'05
Revolution,Revolution Raiders Blue/Magenta,Oct-'03
Revolution,Revolution Raiders Blue/Silver,Oct-'03
Revolution,Revolution Rebel,Mar'00
Revolution,Revolution Rebel Black Pearl,Nov-'00
Revolution,Revolution Rebel Blood,April-'06
Revolution,Revolution Rebel DNA,Apr-10
Revolution,Revolution Rebel ECX,Jun'00
Revolution,Revolution Rebel ECX 2,Jul'00
Revolution,Revolution Rebel ECX Pro,Nov-'00
Revolution,Revolution Rebel ECX Purple Pearl,Feb-'01
Revolution,Revolution Rebel Egoist,Jun-07
Revolution,Revolution Rebel Fixer,Nov-'04
Revolution,Revolution Rebel Proactive,Nov-'00
Revolution,Revolution Rebel Tradition,Nov-07
Revolution,Revolution Rebel X,Jan-'02
Revolution,Revolution Renegade,Apr'00
Revolution,Revolution Rev Gear Arrows,Jun-07
Revolution,Revolution Rev Gear Neo,May-'04
Revolution,Revolution Rev Gear Pro,Oct-'03
Revolution,Revolution Rev Gear Revive,Jan-'05
Revolution,Revolution Rev Max C,Jan-'03
Revolution,Revolution Rev Max Control,Oct-'06
Revolution,Revolution Rev Mission,April-'05
Revolution,Revolution Rev Pro Excite Gear,May-09
Revolution,Revolution Rev Pro Extreme Gear,Nov-'08
Revolution,Revolution Rev Pro Real Speed,May-08
Revolution,Revolution Rev Pro Stage,Feb-'05
Revolution,Revolution Rev Rebel Egoist Black,Jan-'09
Revolution,Revolution Rev Rebel Overcome,Aug-08
Revolution,Revolution Rev Remix,April-'05
Revolution,Revolution Rev Speed,July-'04
Revolution,Revolution Rev Speed Breaker,June-'05
Revolution,Revolution Rev Speed Checker,April-'05
Revolution,Revolution Rev Speed GS,Aug-'06
Revolution,Revolution Rev Speed Winner,March-'06
Revolution,Revolution Rev-Command Soldier,Dec-'05
Revolution,Revolution Rev-Cruise,Sept-'04
Revolution,Revolution Rev-Cruise Survivor,July-'05
Revolution,Revolution Rev-Cyclone,Sept-'05
Revolution,Revolution Rev-Force,March-'04
Revolution,Revolution Rev-Hit Charisma Black,July-'03
Revolution,Revolution Rev-Hit Charisma Black Ice,April-'05
Revolution,Revolution Rev-Hit Charisma Black Pearl,July-'03
Revolution,Revolution Rev-Hit Charisma Plum Pearl,Jan-'05
Revolution,Revolution Rev-IST Over Rev,June-'06
Revolution,Revolution Rev-IST Progress EX,Feb-'04
Revolution,Revolution Rev-Ize Gear,June-'03
Revolution,Revolution Rev-Ize Titan,May-'03
Revolution,Revolution Revolver,Dec-'03
Revolution,Revolution Rev-Succeed,Nov-06
Revolution,Revolution Rev-Sword,May-'05
Revolution,Revolution Rev-Traction,Nov-'04
Revolution,Revolution Rex,July-'03
Revolution,Revolution Rex Gaia,Dec-'03
Revolution,Revolution Rex Helios,Sept-'03
Revolution,Revolution Speed Star,May-11
Revolution,Revolution Sunrich Rebel,July-'01
Revolution,Revolution Vengeance,May-'05
Revolution,Revolution Vengeance,Apr'00
Revolution,Revsolution,Jan'00
Revolution,R-One Plasma,Jan-07
Revolution,Zest Rebel,Mar-07
Robby's,Altus,July-'03
Robby's,Altus Attack,Aug-'03
Robby's,Axle,May-96
Robby's,Axle ( Sanded ),Jun-95
Robby's,Omega,Aug-'02
Robby's,Omega Choice,Jan-'03
Robby's,Omega Curve,Aug-'03
Robby's,Omega Point,May-'04
Robby's,Premier,Dec-07
Robby's,RPM,April-'05
Robby's,Terror,Sep-'01
Roto Grip,Active Cell,Jan-'09
Roto Grip,Alliance,Nov-'08
Roto Grip,Alliance Blood,"January 1, 2016"
Roto Grip,Alliance Combat,"July 19, 2016"
Roto Grip,Alliance Feud,"December 20, 2016"
Roto Grip,Alliance Rule,"March 21, 2017"
Roto Grip,Alliance Tour,Apr-09
Roto Grip,All-Out Show Off,"September 19, 2017"
Roto Grip,Apocalypse,Dec-'03
Roto Grip,Apocalypse Vision,April-'04
Roto Grip,Area Cell,Nov-14
Roto Grip,Assault,Jan-'01
Roto Grip,Assault Pearl,May-'01
Roto Grip,Asylum,Nov-13
Roto Grip,Attention,"June 9, 2020"
Roto Grip,Attention 78/U,"May 29, 2026"
Roto Grip,Attention Black Pearl,"October 27, 2020"
Roto Grip,Attention (BP) Black/Pink,"June 2, 2026"
Roto Grip,Attention Edge,"October 5, 2025"
Roto Grip,Attention Grip,"October 12, 2021"
Roto Grip,Attention Line,"July 2, 2024"
Roto Grip,Attention M,"January 3, 2023"
Roto Grip,Attention Power,"April 1, 2025"
Roto Grip,Attention Red Pearl,"October 4, 2022"
Roto Grip,Attention S,"January 4, 2022"
Roto Grip,Attention Scarlet,"May 2, 2023"
Roto Grip,Attention Sign,"December 2, 2025"
Roto Grip,Attention Spot,"February 5, 2024"
Roto Grip,Attention Star,"December 26, 2023"
Roto Grip,Attention Star S2,"September 3, 2024"
Roto Grip,Attention T,"June 1, 2021"
Roto Grip,Attention X,"August 1, 2023"
Roto Grip,Authority,"January 31, 2017"
Roto Grip,Authority Figure,"August 8, 2017"
Roto Grip,Authority X,"May 23, 2017"
Roto Grip,Bandit,Jun-93
Roto Grip,Bandit (Black/Yellow),May-11
Roto Grip,Bandit 2,Dec-94
Roto Grip,Berserk,Jul-12
Roto Grip,Big Cell,"November 24, 2015"
Roto Grip,Bio Cell,Sep-14
Roto Grip,Bullseye,"August 2, 2016"
Roto Grip,Capture,"March 13, 2018"
Roto Grip,Cell,Dec-07
Roto Grip,Cell Pearl,Sept-'08
Roto Grip,Clone,"February 7, 2023"
Roto Grip,Clone Attack,"November 28, 2023"
Roto Grip,Cosmos,Sept-'02
Roto Grip,Cosmos (All Colors),"July 8, 2025"
Roto Grip,Critical,"October 31, 2015"
Roto Grip,Critical Theory,Jun-11
Roto Grip,Critical Weapon,"September 6, 2016"
Roto Grip,Crown Clear Polyester,Apr-09
Roto Grip,Crush It,"June 12, 2018"
Roto Grip,Cubic Cell,Apr-09
Roto Grip,Dare Devil,"November 3, 2016"
Roto Grip,Dare Devil Danger,"September 19, 2017"
Roto Grip,Dare Devil Trick,"January 31, 2017"
Roto Grip,Dark Star,Oct-09
Roto Grip,Dark Theory,May-12
Roto Grip,Deep Defiant,Oct-13
Roto Grip,Deep Fortune,Jan-15
Roto Grip,Def Con 1,Aug'00
Roto Grip,Def Con 2,Aug'00
Roto Grip,Defiant,Nov-11
Roto Grip,Defiant Amped,"March 21, 2017"
Roto Grip,Defiant Boom,Aug-12
Roto Grip,Defiant Edge,May-12
Roto Grip,Defiant Gem,Feb-13
Roto Grip,Defiant Rage,"February 1, 2016"
Roto Grip,Defiant Soul,Oct-12
Roto Grip,Defiant XL,Apr-12
Roto Grip,Demented,Jan-14
Roto Grip,Deranged,Jul-13
Roto Grip,Destiny,May-07
Roto Grip,Disturbed,Oct-12
Roto Grip,Devour,Jun-15
Roto Grip,Domain,Dec-09
Roto Grip,Double Defiant,Apr-14
Roto Grip,Dream Alliance,Apr-13
Roto Grip,Duel Alliance,Jan-14
Roto Grip,Duel Retro,Jan-'02
Roto Grip,Duo,"April 4, 2023"
Roto Grip,Dynasty,Jul-09
Roto Grip,Earth,June-'06
Roto Grip,Empire,May-09
Roto Grip,Epic,June-'05
Roto Grip,Epic Battle,Jan-'06
Roto Grip,Epic Dream,Dec-'05
Roto Grip,Epic Journey,April-'06
Roto Grip,Epic Odyssey,Dec-'06
Roto Grip,Epic Saga,June-'06
Roto Grip,Eternal Cell,"October 31, 2015"
Roto Grip,Exit,"February 4, 2025"
Roto Grip,Exit Red,"June 3, 2025"
Roto Grip,Exit Rush,"November 4, 2025"
Roto Grip,Exotic Gem,"September 13, 2022"
Roto Grip,Extra Cell,"July 19, 2016"
Roto Grip,Extreme Mutant Cell Pearl,Jan-11
Roto Grip,Fame R,"January 3, 2017"
Roto Grip,Fame U,"January 3, 2017"
Roto Grip,Fame XR,"June 27, 2017"
Roto Grip,Fire Cell,"December 20, 2016"
Roto Grip,Flip Cell,"March 21, 2017"
Roto Grip,Fuel,July-'02
Roto Grip,Fuel Cell,Nov-14
Roto Grip,Fuel Tour,Oct-'02
Roto Grip,Fortune,Jul-14
Roto Grip,Fortune Maker,Nov-14
Roto Grip,Fortune Teller,Sep-15
Roto Grip,Gem,"January 4, 2022"
Roto Grip,Gem Black Diamond,"January 7, 2025"
Roto Grip,Gem Blue Sapphire,"September 2, 2025"
Roto Grip,Gem Crystal,"June 27, 2023"
Roto Grip,Gem Garnet,"March 5, 2024"
Roto Grip,Gem Hybrid,"May 3, 2022"
Roto Grip,Gem Pearl,"January 31, 2023"
Roto Grip,Global Alliance,Jun-10
Roto Grip,Global Assault,Nov-'01
Roto Grip,Golden Globe,Aug-08
Roto Grip,Grand Illusion,Jun-08
Roto Grip,Gremlin,"June 3, 2025"
Roto Grip,Gremlin Tour-X,"January 20, 2026"
Roto Grip,Grenade,May-10
Roto Grip,Grenade Polyester,May-'01
Roto Grip,Halo,"June 26, 2018"
Roto Grip,Halo Action,"March 24, 2020"
Roto Grip,Halo Burn,"December 11, 2018"
Roto Grip,Halo Effect,"October 8, 2019"
Roto Grip,Halo Pearl,"February 5, 2019"
Roto Grip,Halo Star,"January 7, 2020"
Roto Grip,Halo Vision,"June 25, 2019"
Roto Grip,Haywire,Jun-15
Roto Grip,Haywire Limited,"August 2, 2016"
Roto Grip,Hectic,"October 31, 2015"
Roto Grip,Horizon,March-'06
Roto Grip,Horizon Solid,Sept-'06
Roto Grip,Hot Cell,"July 25, 2017"
Roto Grip,Hotwire,Jul-15
Roto Grip,HRG3,Oct-98
Roto Grip,Huge Cell,"October 31, 2018"
Roto Grip,Hustle Ash,"October 27, 2020"
Roto Grip,Hustle (BGB) Burgundy/Gold/Black,"October 31, 2023"
Roto Grip,Hustle (BNB) Blue/Navy/Black,"October 31, 2023"
Roto Grip,Hustle (BP) Black/Pink,"January 6, 2026"
Roto Grip,Hustle (BRY) Burgundy/Red/Yale Blue,"January 16, 2024"
Roto Grip,Hustle Black Sky,"September 2, 2025"
Roto Grip,Hustle (BTP) Black/Teal/Purple,"October 5, 2021"
Roto Grip,Hustle (BMS) Blue/Magenta/Snow,"January 31, 2023"
Roto Grip,Hustle Camo,"May 4, 2021"
Roto Grip,Hustle Cherry/Navy,"July 17, 2018"
Roto Grip,Hustle Chilli,"May 3, 2022"
Roto Grip,Hustle (Earth) Blue-Gold-Green,"March 4, 2025"
Roto Grip,Hustle ETF (Electric Blue-Teal-Fuchsia),"September 2, 2025"
Roto Grip,Hustle Forest,"November 1, 2022"
Roto Grip,Hustle (Glow) Mint-Fuchsia-Lemon,"March 4, 2025"
Roto Grip,Hustle Gold/Light Gold (AU),"January 29, 2019"
Roto Grip,Hustle Hot,"October 1, 2019"
Roto Grip,Hustle Hunter,"January 5, 2021"
Roto Grip,Hustle Hybrid,"December 12, 2017"
Roto Grip,Hustle Hybrid Red/Black,"October 5, 2021"
Roto Grip,Hustle INK,"June 27, 2017"
Roto Grip,Hustle Lime,"November 1, 2022"
Roto Grip,Hustle M+M,"May 30, 2023"
Roto Grip,Hustle Metal,"August 25, 2020"
Roto Grip,Hustle (PAR) Purple-Azure-Ruby,"December 3, 2024"
Roto Grip,Hustle Pink,"December 1, 2020"
Roto Grip,Hustle Pink/Onyx/White,"November 15, 2016"
Roto Grip,Hustle Purple/Black/Red,"June 9, 2020"
Roto Grip,Hustle Purple/Raspberry/Orange,"May 3, 2016"
Roto Grip,Hustle Purple/Violet/Plum (3TP),"January 29, 2019"
Roto Grip,Hustle Red/Indigo/Gold,"November 15, 2016"
Roto Grip,Hustle (RPG) Red/Purple/Gold,"May 2, 2023"
Roto Grip,Hustle RIP,"May 30, 2023"
Roto Grip,Hustle Royal/Aqua/Purple,"June 9, 2020"
Roto Grip,Hustle Royal/Navy (RN),"April 26, 2022"
Roto Grip,Hustle Silver/Aqua/Yellow,"May 3, 2016"
Roto Grip,Hustle Silver/Black (HSB),"January 29, 2019"
Roto Grip,Hustle Sky,"August 25, 2020"
Roto Grip,Hustle (SOS) Soot/Onyx/Sky,"March 31, 2026"
Roto Grip,Hustle (SPP) Sky-Pink-Purple,"January 2, 2024"
Roto Grip,Hustle Teal-Black,"June 3, 2025"
Roto Grip,Hustle USA,"May 3, 2022"
Roto Grip,Hustle Up,"October 8, 2019"
Roto Grip,Hustle (VP) Vanilla/Popsicle,"April 7, 2026"
Roto Grip,Hustle White/Charcoal,"July 17, 2018"
Roto Grip,Hustle (WM) White/Magenta,"January 2, 2024"
Roto Grip,Hustle Wine,"April 6, 2021"
Roto Grip,Hustle X-Ray,"January 16, 2024"
Roto Grip,Hustler Black,"June 4, 2024"
Roto Grip,Hustler Deep Purple,"September 19, 2023"
Roto Grip,Hustler Navy,"September 5, 2023"
Roto Grip,Hustler Red,"June 4, 2024"
Roto Grip,Hy-Wire,"February 28, 2016"
Roto Grip,Hy-Wire Climax,"December 27, 2016"
Roto Grip,Hybrid Cell,Jul-08
Roto Grip,Hyped Hybrid,"June 29, 2021"
Roto Grip,Hyped Pearl,"March 16, 2021"
Roto Grip,Hyped Solid,"January 4, 2022"
Roto Grip,Hyped Super Pearl,"May 21, 2024"
Roto Grip,Hyped Super Pearl II,"July 1, 2025"
Roto Grip,Hyped Up!,"March 31, 2026"
Roto Grip,Hyper Attention,"May 3, 2022"
Roto Grip,Hyper Cell,Oct-13
Roto Grip,Hyper Cell Fused,"December 12, 2017"
Roto Grip,Hyper Cell Motion,"August 7, 2018"
Roto Grip,Hyper Cell Skid,Nov-14
Roto Grip,Hysteria,Jul-14
Roto Grip,Idol Black Pearl,"May 12, 2020"
Roto Grip,Idol Cosmos,"May 3, 2022"
Roto Grip,Idol Gold Pearl,"October 4, 2022"
Roto Grip,Idol Helios,"October 5, 2021"
Roto Grip,Idol Lime Green,"January 16, 2018"
Roto Grip,Idol Magenta,"January 16, 2018"
Roto Grip,Idol Mega Pink,"March 28, 2023"
Roto Grip,Idol (M-P-W) Magenta-Purple-White,"October 3, 2023"
Roto Grip,Idol Pearl,"October 16, 2018"
Roto Grip,Idol Pink Pearl,"December 10, 2019"
Roto Grip,Idol Pro,"June 25, 2019"
Roto Grip,Idol Purple,"March 2, 2021"
Roto Grip,Idol Red,"April 28, 2020"
Roto Grip,Idol Splash,"July 6, 2021"
Roto Grip,Idol Synergy,"September 1, 2020"
Roto Grip,Idol Ultra Black,"January 4, 2022"
Roto Grip,Illusion,Sep-08
Roto Grip,Impact Theory,Sep-12
Roto Grip,Infinite Theory,Jan-11
Roto Grip,Jester Clear Polyester,"May 21, 2024"
Roto Grip,Kaboose M-Track,Apr-'02
Roto Grip,Killer Cell,Nov-09
Roto Grip,Kingdom 90PH,Mar-12
Roto Grip,Kingdom,Apr-10
Roto Grip,Kingdom Pearl,Nov-10
Roto Grip,Liberty,Jul-11
Roto Grip,Liberty United,Aug-11
Roto Grip,Loco Blue/Copper,Jul-15
Roto Grip,Loco Purple,Jul-15
Roto Grip,Loco Pearl Fire Red/Black,"August 2, 2016"
Roto Grip,Loco Pearl Green/Silver,"August 2, 2016"
Roto Grip,Loco Pearl Red/Purple,"August 2, 2016"
Roto Grip,M 16,Jan-'01
Roto Grip,Magic Alliance,Mar-15
Roto Grip,Magic Gem,"October 3, 2023"
Roto Grip,Main Alliance,"June 13, 2017"
Roto Grip,Majestic Dynasty,Aug-13
Roto Grip,Major Alliance,Aug-09
Roto Grip,Major Assault,April-'02
Roto Grip,Major Authority,"May 1, 2018"
Roto Grip,Mars,Feb-09
Roto Grip,Mars Black/Silver,Sep-09
Roto Grip,Master Illusion,Mar-08
Roto Grip,Max Retro,March-'03
Roto Grip,Maximum Assault,Dec-'01
Roto Grip,Maximum Theory,Apr-11
Roto Grip,Mega Cell,Mar-14
Roto Grip,Megastar,"April 14, 2026"
Roto Grip,Menace,Jun-15
Roto Grip,Menace Xtreme,Sep-15
Roto Grip,Mercury,June-'05
Roto Grip,Micro Cell Pearl,Jul-13
Roto Grip,Mighty Throne,Apr-15
Roto Grip,Monarch,Oct-11
Roto Grip,MTX,March-'05
Roto Grip,Multi Cell,"August 8, 2017"
Roto Grip,Mutant Cell,Jul-09
Roto Grip,Mutant Cell Hybrid,Feb-10
Roto Grip,Mutant Cell Pearl,Apr-10
Roto Grip,MVP,"June 25, 2019"
Roto Grip,MVP Attitude,"July 7, 2020"
Roto Grip,MVP Pearl,"October 25, 2019"
Roto Grip,Mystic,Jan-07
Roto Grip,Nasty Cell,Jul-15
Roto Grip,Neptune,Dec-'06
Roto Grip,Neptune II,Jul-07
Roto Grip,No Rules,"June 28, 2016"
Roto Grip,No Rules Against,"August 8, 2017"
Roto Grip,No Rules Clash,"March 21, 2017"
Roto Grip,No Rules EXIST,"June 13, 2017"
Roto Grip,No Rules Extreme,"November 1, 2016"
Roto Grip,No Rules Extreme Pearl,"November 1, 2016"
Roto Grip,No Rules Pearl,"July 19, 2016"
Roto Grip,No Rules World,"January 30, 2018"
Roto Grip,Nomad,May-09
Roto Grip,Nomad Dagger,Oct-10
Roto Grip,Nomad Hybrid,Nov-09
Roto Grip,Nomad Pearl,May-09
Roto Grip,Nomad Pro/V,Jun-10
Roto Grip,North Star,Mar-12
Roto Grip,Nuclear Cell,"January 28, 2020"
Roto Grip,One Dynasty,Jan-13
Roto Grip,Optimum Idol,"January 9, 2024"
Roto Grip,Optimum Idol Glow,"November 5, 2024"
Roto Grip,Optimum Idol Pearl,"July 2, 2024"
Roto Grip,Optimum Idol Solid,"August 5, 2025"
Roto Grip,Oracle,June-'04
Roto Grip,Oracle Vision,Jan-'05
Roto Grip,Oracle Wisdom,April-'05
Roto Grip,Outcry,Jul-14
Roto Grip,Outlaw,Oct-92
Roto Grip,Outlaw (Black/Red),May-11
Roto Grip,Own It Red,"October 31, 2017"
Roto Grip,Plasma Cell,Nov-'08
Roto Grip,Pluto,Dec-07
Roto Grip,Power Cell,"June 7, 2016"
Roto Grip,Prison Cell,Feb-15
Roto Grip,Pro Defiant,"March 5, 2019"
Roto Grip,Pure Cell,"December 12, 2017"
Roto Grip,Pure Fuel,June-'03
Roto Grip,Purple Gem,"August 2, 2022"
Roto Grip,Quest,Jul-07
Roto Grip,Quest 2,Nov-07
Roto Grip,Realm,Nov-09
Roto Grip,Red Line,Mar-'01
Roto Grip,Renegade,Mar-92
Roto Grip,Republic,Aug-10
Roto Grip,Retro Cell,Jan-12
Roto Grip,Retro Resurrection,March-'04
Roto Grip,Retro RG Spare,"October 18, 2022"
Roto Grip,Retro Roto Pearl,Mar-'01
Roto Grip,Retro Roto Solid,Mar-'01
Roto Grip,Riot,Jan-10
Roto Grip,Rising Star,Jan-11
Roto Grip,Rockstar,"February 4, 2025"
Roto Grip,Rockstar Amped,"September 30, 2025"
Roto Grip,Rockstar Hero,"September 2, 2025"
Roto Grip,Rogue Cell,Feb-09
Roto Grip,Roto Grip M-Trax,May-'02
Roto Grip,Roto Grip Own It,Dec-14
Roto Grip,Roto Grip Polyester,Sep-'01
Roto Grip,Royal Alliance,Jul-15
Roto Grip,Royal Cell,"September 6, 2016"
Roto Grip,Royal Dynasty,Jul-12
Roto Grip,RS-1,Sept-'04
Roto Grip,RS-P,Aug-'05
Roto Grip,RS-X,April-'05
Roto Grip,RST Black,"May 6, 2025"
Roto Grip,RST Crash,"August 6, 2024"
Roto Grip,RST Evolution,"June 17, 2025"
Roto Grip,RST Ex-Torque,"July 28, 2026"
Roto Grip,RST Hyperdrive,"November 5, 2024"
Roto Grip,RST Hyperdrive Pearl,"August 5, 2025"
Roto Grip,RST X-1,"September 22, 2020"
Roto Grip,RST X-1 Squad,"March 9, 2021"
Roto Grip,RST X-2,"June 8, 2021"
Roto Grip,RST X-2 Pro,"March 15, 2022"
Roto Grip,RST X-2 Squad,"December 7, 2021"
Roto Grip,RST X-3,"May 10, 2022"
Roto Grip,RST X-3 Pro,"February 28, 2023"
Roto Grip,RST X-3 Squad,"November 29, 2022"
Roto Grip,RST X-4,"June 6, 2023"
Roto Grip,RST X-4 S,"January 2, 2024"
Roto Grip,RST X-4 Squad,"September 5, 2023"
Roto Grip,Rubicon,"July 28, 2020"
Roto Grip,Rubicon Attack,"May 30, 2023"
Roto Grip,Rubicon Booster,"May 3, 2022"
Roto Grip,Rubicon EX,"May 4, 2021"
Roto Grip,Rubicon Extreme,"January 11, 2022"
Roto Grip,Rubicon GT,"August 3, 2021"
Roto Grip,Rubicon UC2,"November 17, 2020"
Roto Grip,Rubicon UC3,"October 5, 2021"
Roto Grip,Rubicon UC3 Trax,"December 20, 2022"
Roto Grip,Rumble,Jul-13
Roto Grip,Rush,Oct-'03
Roto Grip,Saturn Pearl,Jan-'06
Roto Grip,Saturn Solid,Jan-'06
Roto Grip,Scepter,Oct-10
Roto Grip,Scream Pink/Navy,Jul-14
Roto Grip,Scream Gold/Deep Teal,Jul-13
Roto Grip,Scream,Jul-12
Roto Grip,SD 73,Sep-98
Roto Grip,SD 73 Classic,Jan-'05
Roto Grip,SD 73 Infinity,Jan-'05
Roto Grip,SD 73 Legend,Dec-07
Roto Grip,SD 73 Limited Edition,Aug-'03
Roto Grip,SD 73 Pro Edition,March-'04
Roto Grip,Shatter,Jul-12
Roto Grip,Shining Star,May-11
Roto Grip,Shooting Star,Aug-11
Roto Grip,Shout,Jul-12
Roto Grip,Shout Dark Green/Light Green,Jul-13
Roto Grip,Shout Red/Blue,Jul-14
Roto Grip,Show Off,"June 13, 2017"
Roto Grip,Silver Streak,Feb-'02
Roto Grip,Silver Streak EX,Dec-06
Roto Grip,Silver Streak LE,Aug-'06
Roto Grip,Silver Streak Particle,March-'03
Roto Grip,Silver Streak Pearl,Oct-'02
Roto Grip,Silver Streak RS,Aug-07
Roto Grip,Silver Streak SE,Aug-'05
Roto Grip,Silver Streak SS,Mar-12
Roto Grip,Silver Streak/R,Jul-08
Roto Grip,Sinister,Apr-14
Roto Grip,Sinister Blaze,Dec-14
Roto Grip,Sinister Curse,Mar-15
Roto Grip,Smart Cell,Jun-15
Roto Grip,Sonic,Nov-'01
Roto Grip,Sonic 2 Black,July-'02
Roto Grip,Sonic 2 Green,July-'02
Roto Grip,Sonic Boom,Dec-'03
Roto Grip,Sonic X,Oct-'02
Roto Grip,"Sonic X ""Solid""",June-'03
Roto Grip,Sonic X '03,April-'03
Roto Grip,Spare Tire,Jan-'05
Roto Grip,Spare Tire Clear Poly (15 Lb. Only),"April 5, 2022"
Roto Grip,Squad RG Clear Poly,"June 25, 2019"
Roto Grip,Star Alliance,Jan-12
Roto Grip,Strategic Alliance,Oct-12
Roto Grip,Strike Alliance,Dec-12
Roto Grip,Strike Alliance Tour,Sep-13
Roto Grip,Strike Cell,Apr-08
Roto Grip,Super Cell,Jul-10
Roto Grip,Super Idol,"June 26, 2018"
Roto Grip,Super Nomad,Mar-10
Roto Grip,Super Sonic,April-'04
Roto Grip,Super Streak,June-'04
Roto Grip,Techno Flip,Dec-11
Roto Grip,Techno Theory,Sep-11
Roto Grip,Theory,Oct-10
Roto Grip,Theory Pro/X,May-11
Roto Grip,Throne,Jul-14
Roto Grip,Throne Limited,"October 31, 2018"
Roto Grip,Throne Tour,Sep-14
Roto Grip,TNT,"January 10, 2023"
Roto Grip,TNT Infused,"October 3, 2023"
Roto Grip,Top Alliance,"November 14, 2017"
Roto Grip,Top Fuel,Dec-'02
Roto Grip,Top Fuel Carbide,March-'03
Roto Grip,Top Throne,Jan-15
Roto Grip,Top Winner,"September 10, 2019"
Roto Grip,Torch It,"May 7, 2019"
Roto Grip,Total Authority,"February 14, 2017"
Roto Grip,Totally Berserk,Sep-12
Roto Grip,Totally Defiant,May-13
Roto Grip,Tour Dynam-X,"June 20, 2023"
Roto Grip,Transform Pearl,"May 29, 2026"
Roto Grip,Transformer,"December 2, 2025"
Roto Grip,True Alliance,Feb-11
Roto Grip,UFO,"December 10, 2019"
Roto Grip,UFO II,"January 19, 2021"
Roto Grip,UFO Alert,"March 9, 2021"
Roto Grip,UFO Pearl,"May 26, 2020"
Roto Grip,Ultimate Streak,June-'05
Roto Grip,Ultimate Wrecker,"April 1, 2025"
Roto Grip,Ultra Sonic,Nov-'04
Roto Grip,Unhinged,Dec-14
Roto Grip,United,Apr-11
Roto Grip,Uproar,Nov-13
Roto Grip,Venus,June-'06
Roto Grip,Wicked Gremlin,"July 7, 2026"
Roto Grip,Wild Cell,Nov-13
Roto Grip,Wild Streak,"October 25, 2019"
Roto Grip,Wild Streak Tour/U,"December 29, 2020"
Roto Grip,Wild Wrecker,"October 7, 2025"
Roto Grip,Winner,"June 26, 2018"
Roto Grip,Winner Solid,"October 16, 2018"
Roto Grip,Winner Tour,"October 31, 2018"
Roto Grip,Winning Streak,April-'05
Roto Grip,Wreck-Em,"December 6, 2016"
Roto Grip,Wreck-It,"June 28, 2016"
Roto Grip,Wrecker,Oct-12
Roto Grip,World Alliance,Nov-11
Roto Grip,World Cell,"March 29, 2016"
Roto Grip,X-Cell,"March 12, 2024"
Roto Grip,X-Cell Master,"March 4, 2025"
Roto Grip,X-Cell Tour,"September 3, 2024"
Roto Grip,XLR8,Oct-98
Round1,Aqua Blue,Feb-15
Round1,Clear Red,Feb-15
Round1,Cool Purple,Feb-15
Round1,Gear Drive,"June 26, 2018"
Round1,Gear Drive Black/Silver/White,"December 4, 2018"
Round1,Gear Drive Pro Blue/Dark Blue/Turquoise (Dolphin Slap),"November 22, 2022"
Round1,Gear Drive Pro Crimson/Purple/Gold (Grizzly Blow),"November 22, 2022"
Round1,Lane Catcher S Flame Black,Feb-15
Round1,Lane Catcher S Pearl Blue,Feb-15
Round1,Lane Catcher S Space Black,Feb-15
Round1,Light Green,Feb-15
Round1,Round1 Flare Orange,"June 16, 2026"
Round1,Round1 Maize Deer,"August 2, 2022"
Round1,Round1 Red Hawk,"August 2, 2022"
Round1,Round1 Violet Moon,"August 2, 2022"
Round1,Round1 Vivid Blue,"June 16, 2026"
Round1,Round1 White Spruce,"August 2, 2022"
Sagamihara,Park Lanes Spare,"April 17, 2018"
Seismic,Aftermath,Apr-10
Seismic,Aftermath 2015,Mar-15
Seismic,Aftermath K2,Sep-10
Seismic,Aftermath Pearl,Sep-10
Seismic,Axion,"June 13, 2017"
Seismic,Blackout Pearl,"September 4, 2018"
Seismic,Desperado,Nov-09
Seismic,Desperado Limited Edition,Nov-11
Seismic,Desperado Outlaw,Mar-15
Seismic,Desperado TSE,Oct-13
Seismic,Dominion,Dec-12
Seismic,Epicenter,Aug-09
Seismic,Equalizer,Jul-14
Seismic,Euphoria,Mar-11
Seismic,Euphoric,Dec-13
Seismic,Euphoric TSE,Sep-14
Seismic,Insignia Dominion Pearl,Mar-15
Seismic,Lava,Apr-13
Seismic,Lynx,"September 26, 2017"
Seismic,Photon LMB,Dec-14
Seismic,Photon Torpedo,Mar-15
Seismic,Raging Bull,Jun-11
Seismic,Raging Bull Charged,Jun-11
Seismic,Raging Bull Long Horn,Apr-13
Seismic,Raging Bull Stampede,Jun-12
Seismic,Raging Bull TSE,Oct-13
Seismic,Solaris Blackout,Sep-10
Seismic,Solaris Platinum,Aug-13
Seismic,Solaris Requiem,Apr-09
Seismic,Solaris TSE,Dec-13
Seismic,Tracer,Jun-15
Seismic,Venator,Jul-13
Seismic,Venator Attack,Mar-15
Seismic,Venator Evo Hybrid,"January 17, 2017"
Seismic,Venator Evolution,"October 18, 2016"
Seismic,Venator Pearl,Apr-14
Skill Bowling,Skill 3.02,"September 3, 2024"
SM,Black Myth G Force,Nov-'05
SNB,Lions,"August 14, 2018"
SNB,Marines,"August 14, 2018"
Spark,Bulls,May-95
Sports Tec,Accura (All Colors),Feb-'01
Sports Tec,Cyber - X,Aug-96
Sports Tec,Cyber - XR,Aug-96
Sports Tec,Inferno,Aug-96
Sports Tec,Prestige Plus,Aug-'00
Sports Tec,Steel,Aug-'02
Sports Tec,Stone,Aug-'02
Square Bowling Products,Dice - Black,Jul-07
Square Bowling Products,Dice - White,Jul-07
Square Bowling Products,Half and Half,Jul-08
Square Bowling Products,Swirl,Jul-08
Strikeforce,Rise Black-Purple Solid,"April 29, 2025"
Strikeforce,Rise Black-Silver Pearl,"April 29, 2025"
Strikeforce,Rise Blue-Teal Pearl,"April 29, 2025"
Strikeforce,Rise Red-Black Pearl,"April 29, 2025"
Strikeforce,Rise Red-Black-Gold Pearl,"April 29, 2025"
Storm,**Nano Spin,Oct-14
Storm,**Spin Mode,Oct-14
Storm,**Super Spin,Aug-'05
Storm,25th Strike Out Breast Cancer,"February 4, 2025"
Storm,2Fast,Jun-10
Storm,2Furious,Jun-10
Storm,30th Anniversary Storm,Sep-15
Storm,Absolute,"November 22, 2022"
Storm,Absolute Domination,Mar-08
Storm,Absolute Paint The Lanes Pink,"September 2, 2025"
Storm,Absolute Pearl,"September 5, 2023"
Storm,Absolute Power,"December 5, 2023"
Storm,Absolute Reign,"January 6, 2026"
Storm,Agent,April-'06
Storm,Alien Concepts Violet Virus,Jul-97
Storm,Alien Concepts Virus,Dec-96
Storm,All-Road,"August 27, 2019"
Storm,Alpha Crux,"January 1, 2016"
Storm,Alpha Crux (2025),"February 3, 2026"
Storm,Amko Stealth,Feb-97
Storm,Anarchy,Oct-10
Storm,Angular Dimension,May-09
Storm,Asia Storm,March-'06
Storm,Asia Storm II,Oct-'06
Storm,Assassin Sword,"October 25, 2016"
Storm,Astro PhysiX,"May 7, 2019"
Storm,Astro PhysiX II,"January 23, 2024"
Storm,Atlantic Storm Pink/Black,May-07
Storm,Atlantic Storm Silver/Gold,May-07
Storm,Atomic Charge,Nov-'04
Storm,Attitude Shift,Sep-07
Storm,Axiom,"February 11, 2020"
Storm,Axiom Pearl,"September 1, 2020"
Storm,Axiom Prime,"November 1, 2022"
Storm,Axiom Pro,"March 23, 2021"
Storm,Axiom Stage 2,"October 18, 2022"
Storm,Axiom Tour,"July 21, 2020"
Storm,Barbed Wire,Sept-'03
Storm,Baseball,May-'01
Storm,Basketball,Dec-'00
Storm,Big D Pro Am,Feb-'03
Storm,Big Gate,"September 12, 2017"
Storm,Big Hit Particle,May-'04
Storm,Big Hit Pearl Blue/Red,May-'04
Storm,Big Hit Pearl Purple/Teal,July-'02
Storm,Big Hit Solid,July-'02
Storm,Big Success,Oct-13
Storm,Bill Chrisman,"December 5, 2023"
Storm,Bionic,"January 20, 2026"
Storm,Bite Frost,"February 21, 2023"
Storm,Bite Panic,"September 6, 2022"
Storm,Bite Panic AI,"February 4, 2025"
Storm,Bite Panic X,"February 13, 2024"
Storm,Bite SE,"December 22, 2020"
Storm,Black Hole,Jul-97
Storm,Blast,Oct-99
Storm,Blaze DNA,"April 1, 2025"
Storm,Blue Hot Flame,Aug-98
Storm,Blue !Q,"May 6, 2025"
Storm,Blue Pearl Thunder,Feb-97
Storm,Blue Pearl Thunder Pro,Mar-97
Storm,Blue Sanded Flame,Oct-99
Storm,Bolt,Jan-98
Storm,Bolt Pro,Feb-98
Storm,Bowl America Rattler X,May-'04
Storm,Bowl America Scorpion,Aug-'03
Storm,Bowl America Zip R2,Aug-'02
Storm,Bowlero Hy-Road,"October 15, 2019"
Storm,Brain Storm,Jun-12
Storm,Buffa 25th Anniversary Special Edition,"August 14, 2018"
Storm,Buster IX,Nov-97
Storm,Byte,Aug-13
Storm,Catch Gold/Pink/Black,"July 20, 2021"
Storm,Catch Sky/Purple/White,"July 20, 2021"
Storm,Clear Storm Black Belmo Belmo,"March 24, 2020"
Storm,Clear Storm Black-Gold Belmo,"September 17, 2024"
Storm,Clear Storm Crystal KR,"August 13, 2024"
Storm,Clear Storm Gold Belmo Belmo,"July 6, 2021"
Storm,Clear Storm Teal,"September 16, 2025"
Storm,Clear Storm White,"February 27, 2024"
Storm,Clear Storm White Belmo,"October 22, 2019"
Storm,Clear Storm White/Navy,"October 31, 2017"
Storm,Code 30,Sep-15
Storm,Code 300,"June 1, 2021"
Storm,Code Battle,"May 30, 2023"
Storm,Code Black,Jul-13
Storm,Code Black Limited,"November 29, 2016"
Storm,Code Black Nano Pearl,"October 3, 2017"
Storm,Code Black SP,Mar-14
Storm,Code Blue,Jul-14
Storm,Code Blue SP,"November 30, 2015"
Storm,Code Crush,"April 28, 2026"
Storm,Code Dynamic,"May 12, 2020"
Storm,Code Extreme,"June 4, 2019"
Storm,Code Gold,Jun-15
Storm,Code Green,Nov-14
Storm,Code Honor,"November 4, 2025"
Storm,Code Impact,"May 6, 2025"
Storm,Code Master,"May 3, 2022"
Storm,Code One,"October 29, 2019"
Storm,Code Perfect,"January 17, 2017"
Storm,Code Platinum,"March 29, 2016"
Storm,Code Purple,Jan-15
Storm,Code Red,Dec-13
Storm,Code Red Limited,"March 21, 2017"
Storm,Code Red SP,Jan-15
Storm,Code Star,"November 24, 2015"
Storm,Code Supreme,"October 31, 2023"
Storm,Code X,"January 9, 2018"
Storm,Code Zero,"August 8, 2017"
Storm,Complete Domination,Sep-07
Storm,Complete PhysiX,"May 26, 2020"
Storm,Concept,"January 20, 2026"
Storm,Concept Purple,"May 26, 2026"
Storm,Control Black/Silver,Sept-'08
Storm,Control Navy/Silver,Feb-08
Storm,Control Red/Silver,Feb-08
Storm,Control II Blue/Green,Jul-13
Storm,Control II Blue/Pink,Jul-13
Storm,Control II Red/Purple,Jul-13
Storm,Core Power HRG,July-'02
Storm,Core Power LE,Feb-'03
Storm,Core Power LRG,Sept-'02
Storm,Critical Code,"April 7, 2020"
Storm,Crossroad,Dec-11
Storm,Crossroad Extreme,Apr-12
Storm,Crown Storm,Sep-98
Storm,Crucial Phaze,"August 10, 2021"
Storm,Crux,Aug-14
Storm,Crux Crystal,Jul-15
Storm,Crux Elite,"June 13, 2017"
Storm,Crux Formula,"August 7, 2018"
Storm,Crux Pearl,Dec-14
Storm,Crux Prime,"December 21, 2018"
Storm,Crystal PhysiX,"March 3, 2020"
Storm,Dark Code,"April 27, 2021"
Storm,Dark Domination,Sep-14
Storm,Dark Knight,"November 25, 2025"
Storm,Dark Phaze,"March 31, 2016"
Storm,Dark PhysiX,"April 4, 2023"
Storm,Dark Sky Thunder,Jul-97
Storm,Dark Thunder,Nov-'05
Storm,Dark Thunder Pearl,Oct-'06
Storm,Deep Gravity,Feb-11
Storm,Deep Gravity Gold/V,Apr-12
Storm,Depth Charge,March-'04
Storm,Diablo,June-'05
Storm,Dimension,May-08
Storm,DNA,"January 31, 2023"
Storm,DNA Coil,"September 5, 2023"
Storm,DNA Coil II,"April 2, 2024"
Storm,DNA Strand,"August 6, 2024"
Storm,Domination 2020,"September 22, 2020"
Storm,Domination Ace,"October 5, 2021"
Storm,Domination Burgundy,"May 2, 2023"
Storm,Domination Drive,Mar-15
Storm,Domination FP,"June 4, 2024"
Storm,Domination Focus,"September 20, 2016"
Storm,Domination Nano,Apr-11
Storm,Domination Nano Long oil,Dec-11
Storm,Domination Nano Short Oil,Dec-11
Storm,Domination Nano Solid,Jul-11
Storm,Domination War,Apr-14
Storm,Domination X,May-10
Storm,Dominator,Oct-10
Storm,Don Carter Major 52,Jan-12
Storm,Don Carter Wise Man,Jan-12
Storm,Double Agent,Aug-'06
Storm,Drive,"January 9, 2018"
Storm,Dual Lock,"January 31, 2020"
Storm,El Nino,Sep-98
Storm,El Nino 2000,Feb'00
Storm,El Nino 2000 Pro,Nov-'00
Storm,El Nino 2002,June-'02
Storm,El Nino 2003,March-'03
Storm,El Nino Gold,Jul'00
Storm,El Nino Level I,April-'05
Storm,El Nino Level II,April-'05
Storm,El Nino Premier,Oct-99
Storm,El Nino Returns,Jan-07
Storm,El Nino Wrath,Jan-99
Storm,El Nino X-It,Oct-'00
Storm,Electrical Storm,Jan-95
Storm,Electrify (B/S/Y) Black/Silver/Yellow,"April 25, 2023"
Storm,Electrify (G/O) Gold Orange,"May 3, 2022"
Storm,Electrify Hybrid,"April 7, 2020"
Storm,Electrify Pearl,"April 7, 2020"
Storm,Electrify Solid,"March 23, 2021"
Storm,Entire Domination,Jul-15
Storm,Epic Crux,"April 27, 2021"
Storm,Epic Summit,"October 7, 2025"
Storm,Equinox,"January 7, 2025"
Storm,Equinox Hybrid,"August 11, 2026"
Storm,Equinox Solid,"August 5, 2025"
Storm,Erase-It,May-'01
Storm,Erased,Mar-12
Storm,Eraser,Apr'00
Storm,Eraser 2,Mar-'01
Storm,Eraser Banshee,Nov-'04
Storm,Eraser Blaze,Mar-'02
Storm,Eraser Boost,Mar-'02
Storm,Eraser Burn Carbide,Aug-'02
Storm,Eraser Particle,April-'03
Storm,Eraser Tour,Oct-'01
Storm,Eternal Domination,"October 2, 2018"
Storm,Euro Storm,June-'02
Storm,Euro Storm 2,Aug-'03
Storm,Euromania,Oct-'06
Storm,EXPO '17,"June 27, 2017"
Storm,Extreme Fire Road,Jul-14
Storm,Falcon Tropical Black/Silver,Jul-08
Storm,Falcon Tropical Blue/Silver,Jul-08
Storm,Fast,Apr-09
Storm,Fast Pitch,"September 15, 2020"
Storm,Fast Ride,"July 19, 2016"
Storm,Fatal El Nino,Dec-'01
Storm,Fate,"August 23, 2022"
Storm,Fear Factor,Sept-'03
Storm,Fever Pitch,"January 1, 2019"
Storm,Fight,"November 30, 2015"
Storm,Fight Night,"December 30, 2016"
Storm,Fight Road,"February 28, 2023"
Storm,Fire Power,May-99
Storm,Fire PhysiX,"November 1, 2022"
Storm,Fire Road,May-12
Storm,Fire Side,Aug-12
Storm,Fire Storm,Jan-95
Storm,Fired Up,April-'05
Storm,Fired Up Burn,Dec-'05
Storm,Fired Up II,Mar-08
Storm,Fired Up Mr. 300,Oct-09
Storm,First War,Dec-11
Storm,Flame,Oct-97
Storm,Flame Reactive,Sep-'00
Storm,Flame Red/Purple,July-'01
Storm,Flame Teal Pearl,July-'01
Storm,Flash Flood,July-'04
Storm,Flash Force,March-'04
Storm,Flash Point,Nov-'03
Storm,Football,Jan-'02
Storm,Forest Fire Storm (Green),Nov-95
Storm,Forest Lock,"September 13, 2022"
Storm,Frantic,Aug-11
Storm,Frantic Black/Red,Dec-11
Storm,Frantic Pro,Jul-12
Storm,Freak'n Frantic,Feb-13
Storm,Freedom,Jan-'02
Storm,Fringe,Feb-12
Storm,Furious,Apr-09
Storm,Gate,"March 7, 2017"
Storm,Gate II,"January 19, 2021"
Storm,Gate One,"March 6, 2018"
Storm,Gate Way,"April 2, 2024"
Storm,Genius Solution,"April 2, 2024"
Storm,Ghost Lock,"March 29, 2022"
Storm,Ghost Lock II,"December 3, 2024"
Storm,Ghost Lock Deftero,"August 20, 2024"
Storm,Ghost Lock SE,"March 31, 2026"
Storm,Global Domination,Aug-09
Storm,Global Shift,Dec-07
Storm,Golden Gate,"July 3, 2018"
Storm,Golf Ball,Jan-'01
Storm,Grand Gate,"April 1, 2025"
Storm,Gravity Evolve,"September 10, 2019"
Storm,Gravity Flow,May-15
Storm,Gravity Force,Mar-09
Storm,Gravity Shift,Jan-08
Storm,Greater Memphis Open,Feb-'03
Storm,Green Sunstorm,Aug-98
Storm,Hi-Power G,April-'06
Storm,Hit Blue Pearl,June-'03
Storm,Hit Blue Sparkle,July-'02
Storm,Hit Purple Pearl,April-'03
Storm,Hit Red Pearl,June-'03
Storm,Hit Red Sparkle,July-'02
Storm,HKD Devil QX,Jun-94
Storm,Hot Point,Sept-'03
Storm,Hot Point II,Sept-'05
Storm,Hot Rod,Feb-'03
Storm,Hot Rod Hybrid,Dec-'04
Storm,Hot Rod Pro Stock,July-'04
Storm,Hot Rod Pro Stock Pearl,Sept-'04
Storm,Hot Rod Super Sport,May-'05
Storm,Hot Rod Super Sport Pearl,Sept-'05
Storm,Hot Shot,May-99
Storm,Hot Wire,May-'03
Storm,Hunter Storm,Nov-97
Storm,Huskers,"October 4, 2016"
Storm,Hyper Gravity,Dec-'08
Storm,Hyper Lock,"July 30, 2019"
Storm,Hyper Motor,"January 14, 2025"
Storm,Hy-Road 40,"May 6, 2025"
Storm,Hy-Road 300,"January 3, 2017"
Storm,Hy-Road 300 SE,"December 17, 2019"
Storm,Hy-Road 900,"September 12, 2017"
Storm,Hy-Road,Oct-'08
Storm,Hy-Road Active,"June 13, 2017"
Storm,Hy-Road Black,"September 23, 2025"
Storm,Hy-Road Black Pearl,"February 27, 2018"
Storm,Hy-Road Boost,"December 2, 2025"
Storm,Hy-Road Flash,"September 5, 2023"
Storm,Hy-Road Fly,"May 26, 2020"
Storm,Hy-Road Gold Pearl,"October 20, 2020"
Storm,Hy-Road Live,"March 21, 2017"
Storm,Hy-Road Max,"January 5, 2021"
Storm,Hy-Road Nano,"October 3, 2017"
Storm,Hy-Road Nano SE,"March 1, 2022"
Storm,Hy-Road Pearl,May-13
Storm,Hy-Road Pink Pearl,"November 28, 2023"
Storm,Hy-Road Punch,"March 5, 2024"
Storm,Hy-Road Purple,"October 8, 2019"
Storm,Hy-Road Pursuit,"August 6, 2019"
Storm,Hy-Road Rush,"March 3, 2020"
Storm,Hy-Road Special Edition,"November 21, 2017"
Storm,Hy-Road Solid,May-14
Storm,Hy-Road Solid (Orange Pin),Apr-14
Storm,Hy-Road T,"March 5, 2019"
Storm,Hy-Road Tour,Oct-13
Storm,Hy-Road Wave,"June 1, 2021"
Storm,Hy-Road Wild,"September 7, 2021"
Storm,Hy-Road X,"September 11, 2018"
Storm,Hy-Road Up,"July 10, 2018"
Storm,Hy-Way,Nov-14
Storm,Ice (All Colors),"August 30, 2016"
Storm,Ice 30 (All Colors),"June 17, 2025"
Storm,Ice Storm (All Colors),Apr-07
Storm,Ice Storm - Black,Jun-10
Storm,Ice Storm - Ocean Blue/White,"November 21, 2023"
Storm,Ice Storm - Purple,Jul-11
Storm,Iconic Code,"July 2, 2024"
Storm,IDentity,"April 1, 2025"
Storm,IDentity (B-C-P),"July 1, 2025"
Storm,Infinite PhysiX,"May 3, 2022"
Storm,Infinity Excel,Dec-96
Storm,Incite,"January 5, 2021"
Storm,Incite Up,"August 1, 2023"
Storm,Incite X,"September 6, 2022"
Storm,Intense,"September 5, 2017"
Storm,Intense Fire,"May 8, 2018"
Storm,Intense Focus,"December 12, 2017"
Storm,Invasion,Nov-09
Storm,Invasion 2010,Mar-10
Storm,Invasion Nano,May-11
Storm,Invasion Nano Pearl,Oct-11
Storm,Ion Max,"July 30, 2024"
Storm,Ion Max Pearl,"August 5, 2025"
Storm,Ion Max Pink/White/Blue,"June 30, 2026"
Storm,Ion Pro,"May 7, 2024"
Storm,Ion Pro Solid,"May 6, 2025"
Storm,Ion Pro Solid (R-W-B),"May 13, 2025"
Storm,!Q,May-12
Storm,!Q 300,Jul-12
Storm,!Q Score,Sep-12
Storm,!Q Spear,"June 10, 2025"
Storm,!Q Super G,"May 21, 2024"
Storm,!Q Tour,May-12
Storm,!Q Tour II,"January 9, 2018"
Storm,!Q Tour 30,Sep-15
Storm,!Q Tour 78/U,"October 17, 2023"
Storm,!Q Tour ABT 25th Anniversary,"September 7, 2021"
Storm,!Q Tour A.I.,"December 10, 2024"
Storm,!Q Tour Black,"August 27, 2019"
Storm,!Q Tour Blue,"March 1, 2022"
Storm,!Q Tour Dark Green,"May 3, 2022"
Storm,!Q Tour Emerald,"May 21, 2019"
Storm,!Q Tour Fusion,Oct-13
Storm,!Q Tour GT,"August 7, 2018"
Storm,!Q Tour Galaxy,"January 3, 2023"
Storm,!Q Tour Nano,Oct-14
Storm,!Q Tour Nano LTD,Feb-15
Storm,!Q Tour Nano Pearl,"May 26, 2020"
Storm,!Q Tour Nano Purple,"August 3, 2021"
Storm,!Q Tour Pearl,Nov-12
Storm,!Q Tour Pearl SLE,Jan-14
Storm,!Q Tour Pink,"May 26, 2020"
Storm,!Q Tour Purple,"May 30, 2023"
Storm,!Q Tour Red,"October 31, 2018"
Storm,!Q Tour Rising,"June 7, 2016"
Storm,!Q Tour Ruby,"January 26, 2021"
Storm,!Q Tour Sapphire,"December 17, 2019"
Storm,!Q Tour Supreme,"May 23, 2017"
Storm,!Q Tour Teal,"October 3, 2023"
Storm,!Q Tour U,"November 16, 2021"
Storm,!Q Tour Winner,"March 5, 2024"
Storm,Jolt,Aug-'06
Storm,Jolt Particle,Feb-07
Storm,Jolt Pearl,Aug-'06
Storm,JOPO Grips Clear Poly (All Colors),"July 23, 2024"
Storm,Journey,"September 26, 2023"
Storm,Joy Ride,Jul-15
Storm,La Nina,Sep-99
Storm,Level,"December 17, 2024"
Storm,Level Up,"March 10, 2026"
Storm,Lightning Blackout,"April 2, 2024"
Storm,Lightning Flash,May-99
Storm,Lightning Flash II,Aug-'03
Storm,Lightning Revive,Aug-07
Storm,Lightning Storm,Sep-96
Storm,Lightning Storm Clear,"September 26, 2023"
Storm,Lightning Tour,May-97
Storm,Lights Out,Feb-13
Storm,Lights Out Tour Edition Black,Jul-14
Storm,Lights Out Tour Edition Blue,Jul-14
Storm,Lights Out Tour Edition Green,Dec-13
Storm,Lights Out Tour Edition Purple,Dec-13
Storm,Lock,Sep-15
Storm,Lock Axis,"August 25, 2026"
Storm,Lock It,"January 2, 2024"
Storm,Lock-On,"August 5, 2025"
Storm,Lock Up,"October 3, 2017"
Storm,Locked In,"July 19, 2016"
Storm,Locked In Gold,"May 23, 2017"
Storm,Lockout,"January 6, 2026"
Storm,Lucid,Aug-12
Storm,Lucid Vision,Dec-12
Storm,Lucky Larsen Masters,"March 28, 2023"
Storm,Mainframe,May-10
Storm,Mainframe Red,Aug-10
Storm,Manic,Feb-12
Storm,Main Fight,"June 28, 2016"
Storm,Marvel,Dec-10
Storm,Marvel Blast,"September 2, 2023"
Storm,Marvel Flame,"February 4, 2025"
Storm,Marvel Force,"June 25, 2019"
Storm,Marvel Impact +,"December 5, 2023"
Storm,Marvel Maxx,Sep-14
Storm,Marvel Maxx 2,Jun-15
Storm,Marvel (Maxx) Attack,"April 7, 2020"
Storm,Marvel (Maxx) Black,"September 28, 2021"
Storm,Marvel (Maxx) Elite,"May 29, 2018"
Storm,Marvel (Maxx) Future,"December 10, 2019"
Storm,Marvel Maxx Gold,"August 30, 2016"
Storm,Marvel Maxx Impact,"September 22, 2020"
Storm,Marvel Maxx LE,"May 23, 2017"
Storm,Marvel Maxx Pearl,"January 9, 2018"
Storm,Marvel Maxx Pink,"February 7, 2023"
Storm,Marvel Maxx Purple,"April 5, 2022"
Storm,Marvel Maxx SE,"May 8, 2018"
Storm,Marvel Maxx Silver,"August 5, 2025"
Storm,Marvel Maxx Space,"May 2, 2023"
Storm,Marvel (Maxx) Strike,"March 12, 2019"
Storm,Marvel Maxx Tour,"January 4, 2022"
Storm,Marvel Maxx World,"May 4, 2021"
Storm,Marvel Pearl,May-11
Storm,Marvel Pearl A.I.,"October 1, 2024"
Storm,Marvel Q,Nov-13
Storm,Marvel Retro,Jun-15
Storm,Marvel-S,May-13
Storm,Marvel Scale,"November 4, 2025"
Storm,Marvel Skid,Jul-11
Storm,Marvel Smash,"April 2, 2024"
Storm,Marvel STG/1,Apr-14
Storm,Marvel Thrill,"December 8, 2015"
Storm,Marvel-U NXT,"January 17, 2023"
Storm,Marvel X,Jul-13
Storm,Marvel X/H,Nov-11
Storm,Marvel Zero,"August 2, 2022"
Storm,Master Domination,Jul-12
Storm,Master Son!Q,"August 7, 2018"
Storm,Match,"March 29, 2016"
Storm,Match Game,"November 15, 2016"
Storm,Match Pearl,"March 13, 2018"
Storm,Match Up Black Pearl,"February 14, 2017"
Storm,Match Up Black/Aqua/Lime,"February 14, 2017"
Storm,Match Up Black/Orange/Silver,"February 14, 2017"
Storm,Match Up Black/Purple/Silver,"September 11, 2018"
Storm,Match Up Black/Pink,"July 23, 2019"
Storm,Match Up Black/Red/Blue,"February 12, 2019"
Storm,Match Up Black/Red/Silver,"March 19, 2019"
Storm,Match Up Black/Yellow/Royal,"February 14, 2017"
Storm,Match Up Blue/Navy/White,"October 8, 2019"
Storm,Match Up Bronze/Gunmetal,"December 3, 2019"
Storm,Max Ride,"November 15, 2015"
Storm,Maximum Heat,Nov-10
Storm,Megabyte,Apr-14
Storm,Mega Hit,April-'03
Storm,Mega Lock,"January 19, 2021"
Storm,Meteor,May-97
Storm,Meteor Blue,May-'04
Storm,Meteor Flash,Aug-97
Storm,Meteor Red,June-'04
Storm,Meteor Storm,Jun-97
Storm,Mighty Shift,Apr-08
Storm,Mix (All Colors),Jun-15
Storm,Mix Blackout,"June 27, 2017"
Storm,Mix Black/Purple,Jul-14
Storm,Mix Blue/Orange,Jun-13
Storm,Mix Red/Silver,Jun-13
Storm,Modern Marvel,Dec-11
Storm,Moebius Beam,Dec-'00
Storm,Moebius Beam 2,May-'01
Storm,Moebius Plasma,Dec-'01
Storm,Moebius Plasma Pro,Dec-'01
Storm,Monsoon,"January 6, 2026"
Storm,Motor,"September 3, 2024"
Storm,Motor 30,"July 1, 2025"
Storm,Motor Rev,"December 2, 2025"
Storm,Mt. Fuji Clear,"January 7, 2025"
Storm,My-Way Pro,Jan-15
Storm,Natural,May-09
Storm,Nano Lock,"March 31, 2016"
Storm,Natural Pearl,Oct-10
Storm,Neo Ballistic,Jul-97
Storm,Neo Classic R,Jan-'01
Storm,Neo Contrast,Jan-'01
Storm,Neo Jasper,May-95
Storm,Neo Plasma BB-X Carbide,Aug-'02
Storm,Neo Quattro,Oct-99
Storm,Neo Solution,"March 1, 2022"
Storm,Neo Traffic,Aug-97
Storm,Neo Traffic Hard,Jan-98
Storm,Neutron PhysiX,"September 24, 2019"
Storm,Next Factor,"November 4, 2025"
Storm,Night Road,"May 3, 2022"
Storm,Night Road SE,"November 1, 2022"
Storm,Nova,"December 7, 2021"
Storm,Nugget (Prospectors Inc.),Nov-95
Storm,NXT Dimension,Jul-09
Storm,NXT/G Domination,Nov-'08
Storm,Omega Crux,"January 7, 2020"
Storm,Optimus,May-14
Storm,Optimus 4.0,Jul-15
Storm,Optimus Solid,Apr-15
Storm,Optimus Supreme,Jul-14
Storm,Optimus-X,Nov-14
Storm,Orbit 180 (Under 13 Lb.),"September 23, 2025"
Storm,Orbit Arc (Under 13 Lb.),"July 14, 2026"
Storm,Orbit SE (Special Edition) (Under 13 Lb.),"January 13, 2026"
Storm,Orbit TP (Under 13 Lb.),"September 23, 2025"
Storm,Orbit Zero (Under 13 Lb.),"March 10, 2026"
Storm,PBA 60,"January 9, 2018"
Storm,Pacific Storm,Mar-96
Storm,Pacific Storm Black/Teal,March-'06
Storm,Pacific Storm Navy/Purple,May-'05
Storm,Pacific Storm Purple/Black,Oct-'06
Storm,Pacific Storm Purple/Blue,March-'06
Storm,Pacific Storm Red/Blue,Jan-'05
Storm,Paint the Lanes PINK,"October 6, 2015"
Storm,Paradigm,Sept-'05
Storm,Paradigm Domination,Sept-'06
Storm,Parallax,"June 23, 2020"
Storm,Parallax Effect,"February 19, 2021"
Storm,Passion,Jan-'06
Storm,Passion Lust,Dec-07
Storm,Passion Pro-V,Aug-'06
Storm,PDW,May-'02
Storm,Perfect Dimension,Jul-08
Storm,Perfect Domination,"January 26, 2016"
Storm,Perfect Gate,"July 9, 2019"
Storm,Perfect Lock,"January 31, 2023"
Storm,Perfecta,Nov-'05
Storm,Phase,April-'03
Storm,Phase II,Aug-'03
Storm,Phaze,"December 31, 2015"
Storm,Phaze II,"August 30, 2016"
Storm,Phaze II Pearl,"October 14, 2025"
Storm,Phaze III,"October 29, 2019"
Storm,Phaze III SE,"June 23, 2020"
Storm,Phaze 4,"October 12, 2021"
Storm,Phaze V,"September 20, 2022"
Storm,Phaze A.I.,"September 3, 2024"
Storm,Phaze Crimson,"June 2, 2026"
Storm,Phaze EX,"May 3, 2022"
Storm,Phaze Flow,"October 27, 2020"
Storm,Phaze Frenzy,"March 27, 2018"
Storm,Phaze Grip,"January 3, 2017"
Storm,Phaze Pink,"October 2, 2018"
Storm,Phaze Ruby,"May 30, 2023"
Storm,Phaze Shift,"January 2, 2024"
Storm,Phaze Shift (P-B-W),"February 27, 2024"
Storm,Phaze Star,"April 30, 2019"
Storm,Phaze Target,"January 7, 2025"
Storm,Phaze Tour,"November 1, 2018"
Storm,Phaze Zero,"February 4, 2020"
Storm,PhysiX,"September 15, 2018"
Storm,PhysiX Blackout,"November 26, 2024"
Storm,PhysiX Burst,"June 2, 2026"
Storm,PhysiX Era,"June 3, 2025"
Storm,PhysiX Genesis,"May 5, 2026"
Storm,PhysiX Grandeur,"October 7, 2025"
Storm,PhysiX Inspire,"March 5, 2024"
Storm,PhysiX M,"February 5, 2019"
Storm,PhysiX Maestro,"July 6, 2021"
storm,PhysiX Paint The Lanes Pink,"September 20, 2022"
Storm,PhysiX Power Elite,"September 22, 2020"
Storm,PhysiX Power Elite IV,"October 29, 2024"
Storm,PhysiX Power Elite Blue,"July 13, 2021"
Storm,PhysiX Power Elite Pro Model,"September 20, 2022"
Storm,PhysiX Raze,"September 2, 2025"
Storm,PhysiX SE,"May 26, 2020"
Storm,PhysiX Solid,"October 1, 2024"
Storm,PhysiX Tour,"August 1, 2023"
Storm,Pink Hy-Road,"October 3, 2017"
Storm,Pitch Black,Mar-14
Storm,Pitch Black 78-U,"April 14, 2026"
Storm,Pitch Black (Blue Pin),"January 13, 2026"
Storm,Pitch Blue,"December 15, 2015"
Storm,Pitch Out,"August 2, 2016"
Storm,Pitch Purple,"October 8, 2019"
Storm,Pitch Red,Nov-14
Storm,Pitch Sky,"June 16, 2020"
Storm,Platinum Ford Blue Cube,"February 18, 2025"
Storm,Platinum Ford Clear Poly,"April 13, 2021"
Storm,Platinum Ford Clear Poly White,"March 22, 2022"
Storm,Platinum Ford Tire Tread,"January 17, 2023"
Storm,Point Blue/Silver,Feb-09
Storm,Point Purple/Silver,Feb-09
Storm,Point Red/Gold,Feb-09
Storm,Point Teal/Silver,Feb-09
Storm,Polar Ice Black/Blue,Oct-12
Storm,Polar Ice Blue/Green,Nov-11
Storm,Polar Ice Red/Purple,Nov-11
Storm,Power Agent,Apr-08
Storm,Power Bolt,Apr'00
Storm,Power Charge Pearl,April-'03
Storm,Power Gate,"April 28, 2020"
Storm,Power Lock,"July 10, 2018"
Storm,Power Solution,"October 4, 2022"
Storm,Power Storm,Sep-98
Storm,Premier Paradigm,May-'06
Storm,Prime Gate,"September 2, 2025"
Storm,PRO Motion,"June 11, 2019"
Storm,PRO Motion Tour,"February 11, 2020"
Storm,Pro X Factor,March-'04
Storm,Prodigy,Jun-10
Storm,Prodigy Elite,Sep-10
Storm,Proton PhysiX,"October 13, 2020"
Storm,Proton PhysiX 25th Anniversary,"October 27, 2020"
Storm,Punch Out,Feb-14
Storm,Pure PhysiX,"February 1, 2022"
Storm,Pyro,March-'06
Storm,Radical Marvel,Apr-11
Storm,Ragin' Banshee,June-'05
Storm,Raging Bite,"March 31, 2026"
Storm,Rainbow Storm,Aug-96
Storm,Rapid Fire,Dec-07
Storm,Rapid Fire Pearl,May-08
Storm,Razor Wire,Jan-'04
Storm,Real Absolute,"May 2, 2023"
Storm,Real Domination,Feb-13
Storm,Recharge,July-'04
Storm,Red Hot Flame,Feb-98
Storm,Red Sun Storm,Apr-94
Storm,Reflex Blue,Aug-'01
Storm,Reflex Red,July-'01
Storm,Reign,Jun-09
Storm,Reign of Fire,Dec-09
Storm,Reign of Power,Jan-13
Storm,Reign On,Jul-13
Storm,Reign Supreme,Oct-10
Storm,Revenant,"December 20, 2020"
Storm,Revenant War,"May 2, 2023"
Storm,Ride,Feb-15
Storm,Riverside Pro-Am,Dec-'03
Storm,Riverside Resort Pro-Am,Feb-'03
Storm,Road Warrior,"October 1, 2024"
Storm,Rocket,Dec-14
Storm,Rocket A.I.,"March 31, 2026"
Storm,Rocket Booster,"November 1, 2016"
Storm,Rocket Launcher,Sep-15
Storm,Rocket Power,Mar-15
Storm,Rocket Ship,"May 3, 2016"
Storm,Rolling Thunder,Nov-'04
Storm,Savage Lock,"August 25, 2026"
Storm,Screamin Banshee,April-'05
Storm,Second Dimension,Dec-'08
Storm,Secret Agent,May-07
Storm,Secret Code,"October 31, 2018"
Storm,Shadow Lock,"March 1, 2022"
Storm,Shadow Lock Red,"February 27, 2024"
Storm,Shift,Jan-'07
Storm,Shift Lock,"August 7, 2018"
Storm,Shift Lock LTD,"January 22, 2019"
Storm,Shift SLT,May-07
Storm,Shock Trauma,July-'02
Storm,Shock Trauma Elvis,Feb-'03
Storm,Shocker,Jan-97
Storm,Sky Bolt,Apr-98
Storm,Sky-Road,Jul-14
Storm,Sky Rocket,Apr-15
Storm,Smart Solution,"November 5, 2025"
Storm,Snap Lock,"December 8, 2015"
Storm,Soccer Ball,Mar'00
Storm,Solar Parallax,"September 22, 2020"
Storm,Solid Lock,"June 27, 2023"
Storm,Solution,"May 11, 2021"
Storm,Solution Black,"September 5, 2023"
Storm,Son!Q,"December 5, 2017"
Storm,Son!Q Heat,"June 25, 2019"
Storm,Spare Storm,Sep-96
Storm,Spare Storm Aqua Sparkle,July-'02
Storm,Special Agent,Nov-'06
Storm,Special Agent 007,Apr-07
Storm,Spectre Sapphire,"May 31, 2022"
Storm,Speed Road,Mar-13
Storm,SPI Clear (All Colors),"August 25, 2026"
Storm,SPI Cube (All Colors),"March 17, 2026"
Storm,Spin,"May 23, 2017"
Storm,Spin X Blue/Silver,March-'05
Storm,Spin X Red/Black,March-'05
Storm,Spirit-Blue,Oct-99
Storm,Spirit-Red,Oct-99
Storm,Spit Fire,Aug-'06
Storm,Spot On (All Colors),"March 9, 2021"
Storm,Star Gate,"October 1, 2024"
Storm,Star Lock,"December 6, 2016"
Storm,Star Road,"August 2, 2022"
Storm,Stellar Parallax,"August 17, 2021"
Storm,Storm Breeze,Oct-95
Storm,Storm Glow Polyester,July-'02
Storm,Storm Nation White/Pink Polyester,Sep-14
Storm,Storm Pink Clear Polyester,Nov-14
Storm,Storm White Polyester Spare Ball,Jul-14
Storm,Stormy,Oct-'03
Storm,Street Fight,"June 28, 2016"
Storm,Street Rod,Apr-08
Storm,Street Rod Pearl,Apr-08
Storm,Striking Out Breast Cancer Clear Poly (All Colors),"October 20, 2020"
Storm,Strong Bite,"March 12, 2019"
Storm,Strong Bite BG,"January 28, 2020"
Storm,Strong Bite Tour,"February 25, 2020"
Storm,Success,May-13
Storm,Summit,"June 6, 2023"
Storm,Summit Ascent,"July 9, 2024"
Storm,Summit Knight,"December 3, 2024"
Storm,Summit Peak,"December 5, 2023"
Storm,Summit Pearl,"October 31, 2023"
Storm,Summit Tune,"September 2, 2025"
Storm,Summit World,"June 3, 2025"
Storm,Sun Storm Limited Edition,"September 20, 2022"
Storm,Sun Storm Pro,Sep-98
Storm,Sun Storm Red TE1,Aug-94
Storm,Super Bite LE,"March 21, 2017"
Storm,Super Charge,Nov-'03
Storm,Super Domination,Jan-'09
Storm,Super Fast,Dec-09
Storm,Super Gate,"May 23, 2017"
Storm,Super Gate SE,"December 11, 2018"
Storm,Super Lock,"August 24, 2021"
Storm,Super Natural,Jan-13
Storm,Super Nova,"August 2, 2022"
Storm,Super Power,Sep-'00
Storm,Super Power Pearl,Apr-'01
Storm,Super Power Pearl II,Aug-'03
Storm,Super Son!Q,"January 22, 2019"
Storm,Supreme Clear Poly,"August 24, 2021"
Storm,Supreme Domination,Jun-13
Storm,Sure Domination,"November 26, 2019"
Storm,Sure Fire,Jul-07
Storm,Sure Lock,"January 3, 2017"
Storm,Sure Lock S,"April 3, 2018"
Storm,Sword,"February 15, 2016"
Storm,Sword Blaster,"March 2, 2021"
Storm,Sword Blaster Monster,"March 29, 2022"
Storm,Sword Blaster NXT,"July 23, 2021"
Storm,Sword Blaster V3,"November 30, 2021"
Storm,Sword C³,"September 12, 2017"
Storm,Sword Explosion,"June 4, 2019"
Storm,Sword Nano,"May 1, 2018"
Storm,Sword Nano X,"April 2, 2019"
Storm,Sword Perfect,"January 17, 2017"
Storm,Sword Prime,"August 9, 2016"
Storm,Sword U,"March 22, 2016"
Storm,Sync,Dec-12
Storm,Sync Pearl,Mar-13
Storm,Sync Perfect,Dec-13
Storm,Sync Premium,Jul-13
Storm,Sync Rev,"May 25, 2021"
Storm,Sync Tour,Apr-14
Storm,T Domination,May-07
Storm,Teal 30,Sep-15
Storm,Team Storm,Jan-'04
Storm,Team Storm,Oct-'08
Storm,Team Storm Black,May-12
Storm,Team Storm (Clear) Electric Blue,"July 2, 2019"
Storm,Team Storm White,Sep-10
Storm,The Code,"January 3, 2023"
Storm,The Code II,"December 3, 2024"
Storm,The Joker,"November 25, 2025"
Storm,The Road,"January 30, 2024"
Storm,The Road Hybrid,"July 1, 2025"
Storm,The Road S,"September 3, 2024"
Storm,The Road X,"February 4, 2025"
Storm,Third Dimension,Feb-10
Storm,Thunder Flash,Dec-99
Storm,Thunder Flash Pro,Dec-99
Storm,Thunder Power,Jan-'01
Storm,Thunder Road,Sep-97
Storm,Thunder Road Cool,June-'01
Storm,Thunder Road Hot,May-'01
Storm,Thunder Road Pearl,Apr-98
Storm,Thunder Road SE,Feb-'04
Storm,Thunder Struck,June-'06
Storm,Thunder Struck Pearl,June-'06
Storm,Thunderstorm,Sep-96
Storm,Timeless,"December 13, 2016"
Storm,Timeless SE,"October 3, 2017"
Storm,Timeless Space,"July 10, 2018"
Storm,Timeless Tour,"March 20, 2018"
Storm,Time Lock,"March 21, 2017"
Storm,Too Hot,Feb-'01
Storm,Top Agent,Oct-07
Storm,Top Gate,"January 21, 2020"
Storm,Torrent,"January 3, 2017"
Storm,Torrent Rush,"August 8, 2017"
Storm,Total Anarchy,Mar-12
Storm,Total Invasion,Jun-10
Storm,Total Solution,"November 2, 2021"
Storm,Tough Road,Jan-14
Storm,Tour Block,May-'03
Storm,Tour Block II,Mar-08
Storm,Tour Block NU,Sept-'08
Storm,Tour Domination,Nov-09
Storm,Tour Domination Black/Red/Purple,"May 23, 2017"
Storm,Tour Power,July-'01
Storm,Toxic Blade Limited,Sept-'04
Storm,Toxic Storm,June-'04
Storm,Trauma,Jan-'01
Storm,Trauma ER,June-'01
Storm,Trauma Recovery,Nov-'01
Storm,Trauma Response,Feb-'02
Storm,Trauma Tour,Feb-'05
Storm,Trauma Unit Carbide,Jan-'03
Storm,Trauma XR,Oct-'01
Storm,Trend,"May 26, 2020"
Storm,Trend 2,"June 22, 2021"
Storm,Trend SE,"August 18, 2020"
Storm,Triple Crux,Jan-15
Storm,Triple X Factor,Jan-'04
Storm,Triple X Factor Turning Point,Jan-'05
Storm,Triple Xtreme X Factor,May-'04
Storm,T-Road Pearl,Nov-'06
Storm,T-Road Pearl (Red Pewter),Oct-07
Storm,T-Road Solid,May-07
Storm,Tropical Breeze Black/Cherry,Feb-12
Storm,Tropical Breeze Black/Teal,Apr-11
Storm,Tropical Breeze Blue/Green/Yellow,Feb-13
Storm,Tropical Breeze Carbon/Chrome,Mar-15
Storm,Tropical Breeze Kona Blue/Silver,Apr-11
Storm,Tropical Breeze Orange/Teal,Feb-14
Storm,Tropical Breeze Pink/Purple,Apr-11
Storm,Tropical Breeze Purple/Gold/Cherry,Feb-13
Storm,Tropical Breeze Red/Silver,Jun-12
Storm,Tropical Breeze Teal/Blue,Feb-14
Storm,Tropical Heat Black/Cherry,Nov-13
Storm,Tropical Heat Black/Purple,Feb-12
Storm,Tropical Heat Black/Silver,Apr-10
Storm,Tropical Heat Indigo/Ivory,Oct-13
Storm,Tropical Heat Indigo/Violet,Apr-11
Storm,Tropical Heat Orange/Purple,Apr-10
Storm,Tropical Heat Red/Blue,Apr-10
Storm,Tropical Storm,Apr-94
Storm,Tropical Storm Black/Blue,"January 8, 2019"
Storm,Tropical Storm Black/Cherry,"May 3, 2016"
Storm,Tropical Storm Black/Copper,"April 3, 2018"
Storm,Tropical Storm Black/Lime,"February 14, 2017"
Storm,Tropical Storm Black/Platinum,"April 11, 2017"
Storm,Tropical Storm Black/White,"April 3, 2018"
Storm,Tropical Storm Blue/Green,May-07
Storm,Tropical Storm Blue/Orange,"February 14, 2017"
Storm,Tropical Storm Blue/Orange,May-07
Storm,Tropical Storm Blue/Yellow,June-'05
Storm,Tropical Storm Blue/Yellow,Sept-'06
Storm,Tropical Storm Carbon/Chrome,"May 3, 2016"
Storm,Tropical Storm Cherry/Platinum,"April 11, 2017"
Storm,Tropical Storm Cherry/White,"March 29, 2016"
Storm,Tropical Storm Green/Yellow,May-'05
Storm,Tropical Storm Green/Yellow,Sept-'06
Storm,Tropical Storm Indigo/Ivory,Apr-09
Storm,Tropical Storm Majestic Purple/Ivory,Apr-09
Storm,Tropical Storm Ocean Sky,Jun-08
Storm,Tropical Storm Pink/Black,June-'06
Storm,Tropical Storm Pink/Purple,"May 3, 2016"
Storm,Tropical Storm Pink/White,"April 3, 2018"
Storm,Tropical Storm Red/Black,Dec-'05
Storm,Tropical Storm Red/Black,Sept-'06
Storm,Tropical Storm Red/Purple,June-'05
Storm,Tropical Storm Red/Purple,Sept-'06
Storm,Tropical Storm Sky Blue/Charcoal,"March 29, 2016"
Storm,Tropical Storm Teal/Blue,"May 3, 2016"
Storm,Tropical Storm Teal/Purple,June-'06
Storm,Tropical Storm Violet/Charcoal,"April 3, 2018"
Storm,Tropical Storm White/Blue,"March 1, 2016"
Storm,Tropical Storm Yellow/Purple,Apr-10
Storm,Tropical Storm Yellow/Silver,"March 1, 2016"
Storm,Tropical Surge Black/Cherry,"March 12, 2019"
Storm,Tropical Surge Black/Copper,"March 19, 2019"
Storm,Tropical Surge Black/Gold,"June 1, 2021"
Storm,Tropical Surge Black-Blue-Pink,"April 1, 2025"
Storm,Tropical Surge Carbon/Chrome,"March 19, 2019"
Storm,Tropical Surge Emerald/Charcoal,"February 22, 2022"
Storm,Tropical Surge Midnight,"April 23, 2024"
Storm,Tropical Surge Gold/Black,"March 23, 2021"
Storm,Tropical Surge Gold/Bronze/Medallion,"January 6, 2026"
Storm,Tropical Surge Gold/Purple,"April 11, 2023"
Storm,Tropical Surge Kiwi/Apple/Avocado,"January 6, 2026"
Storm,Tropical Surge Onyx/Mercury/Graphite,"March 10, 2026"
Storm,Tropical Surge Pink/Black,"May 26, 2020"
Storm,Tropical Surge Pink/Purple,"March 19, 2019"
Storm,Tropical Surge Purple,"March 16, 2021"
Storm,Tropical Surge Purple/Navy,"March 12, 2024"
Storm,Tropical Surge Purple Pearl,"June 1, 2021"
Storm,Tropical Surge Red/White/Purple,"March 25, 2025"
Storm,Tropical Surge Silver-Purple,"April 1, 2025"
Storm,Tropical Surge Teal/Blue,"March 12, 2019"
Storm,Tropical Surge Violet/Charcoal,"March 12, 2019"
Storm,Tropical Surge Yellow/Black,"June 9, 2020"
Storm,True Domination,Oct-13
Storm,Turning Point,Sept-'05
Storm,Turning Point Silver/Purple/Blue,March-'06
Storm,Typhoon,"February 4, 2025"
Storm,U.S Open Pro Am 2001,Dec-'01
Storm,Ultimate Motor,"June 30, 2026"
Storm,Ultimate Phaze,"February 1, 2022"
Storm,Ultra Bite,"January 11, 2022"
Storm,Ultra Fast,Feb-11
Storm,Ultra Furious,Feb-11
Storm,Ultra Hot,Oct-'01
Storm,Ultra Son!Q,"November 13, 2018"
Storm,Ultra Storm,Nov-97
Storm,Universal Gravity,May-14
Storm,Urex Final Countdown,Sep-97
Storm,USA Gold,July-'02
Storm,VG Nano 300 ADV,Jan-13
Storm,Victory Road,Dec-10
Storm,Victory Road Solid,Jun-11
Storm,Victory Road Tour,Apr-11
Storm,Virtual Energy,May-09
Storm,Virtual Energy Blackout,"August 15, 2023"
Storm,Virtual Energy Pro Tour,Sep-09
Storm,Virtual Gravity,Sep-08
Storm,Virtual Gravity Blaze,"July 28, 2026"
Storm,Virtual Gravity Destino,"November 25, 2025"
Storm,Virtual Gravity LTD,Jul-09
Storm,Virtual Gravity N/S,"May 24, 2016"
Storm,Virtual Gravity Nano,Jan-11
Storm,Virtual Gravity Nano ADV,Sep-12
Storm,Virtual Gravity Nano Pearl,Aug-11
Storm,Virtual Gravity Nano Special Edition,Nov-11
Storm,Virtual Gravity Premier XG,Mar-12
Storm,Virtual Gravity Pro-X,"November 15, 2022"
Storm,Virtual Gravity Pro-X 2,"June 6, 2023"
Storm,Virtual Gravity Pro X3,"June 25, 2024"
Storm,Virtual Gravity XG,Oct-11
Storm,Virtual Gravity XRa,Sep-12
Storm,Virtual Gravity XRS,Feb-13
Storm,Virtual Gravity XRX,Oct-13
Storm,Virtual Mission,Apr-10
Storm,Virtual Strike V,Dec-14
Storm,Virtual Tour Exclusive,"November 29, 2016"
Storm,Virtual Tour S,Sep-15
Storm,Virtual Tour V,Apr-10
Storm,Virtual Tour V 2013,Apr-13
Storm,Virtual Tour X,"May 29, 2018"
Storm,Virtual Tour XG,Nov-10
Storm,Virtual World,Jul-10
Storm,Virtual X,"April 2, 2019"
Storm,Virus Code TX,Oct-97
Storm,Virus Pure,Apr-98
Storm,Vivid,Jan-12
Storm,Vivid Dream,Oct-12
Storm,Vivid RNP,Jun-12
Storm,War,Aug-10
Storm,War Game,Nov-12
Storm,War Machine,Jan-11
Storm,Warp Phaze,"November 1, 2016"
Storm,Wild Absolute,"April 23, 2024"
Storm,Wild Bite Extreme,"August 2, 2016"
Storm,Wipe Out,Feb-14
Storm,Wipe Out Pro,"October 6, 2015"
Storm,Wizard,Oct-'05
Storm,World Domination,Oct-07
Storm,X-Out Breast Cancer (!Q Tour 20),"June 4, 2019"
Storm,X-Out Breast Cancer (Marvel Pearl),"June 16, 2026"
Storm,X Factor,Nov-'02
Storm,X Factor 35th Anniversary,Sept-'05
Storm,X Factor Ace,Sept-'04
Storm,X Factor Deuce,Jan-'03
Storm,X Factor Friction,Dec-'04
Storm,X Factor Re-Loaded,May-'03
Storm,X Factor Trifecta,June-'05
Storm,X Factor V Power,June-'05
Storm,X Factor Vertigo,Feb-'05
Storm,X Factor Vertigo Victory,May-'05
Storm,X Factor World,Aug-'03
Storm,X Gate,"September 14, 2021"
Storm,X Tacy Domination,Jul-08
Storm,X Tacy Domination Tour,May-09
Storm,Xtreme Hy-Road,Sep-09
Storm,Zero Gravity,Dec-13
Storm,Zero Gravity Gold,Jul-14
Storm,Zero Gravity Grip,Apr-15
Storm,Zero Parallax,"September 6, 2022"
Storm (High Score Products),Black Storm,Dec-91
Storm (High Score Products),Blue Pearl Storm,Sep-92
Storm (High Score Products),Teal Storm,Mar-92
Storm (High Score Products),Yellow Sun Storm,Jul-93
Strike Maker,Tri Color,Aug-07
"Sunbridge Co., Ltd.",Compagno,"August 16, 2016"
"Sunbridge Co., Ltd.",Dio (All Colors),"April 19, 2022"
"Sunbridge Co., Ltd.",Dragons Spare,"July 11, 2017"
"Sunbridge Co., Ltd.",Eagles Spare,"July 11, 2017"
"Sunbridge Co., Ltd.",Fighters Spare,"April 12, 2016"
"Sunbridge Co., Ltd.",Happy,"December 4, 2018"
"Sunbridge Co., Ltd.",Hawks Spare,"July 11, 2017"
"Sunbridge Co., Ltd.",Just A Way Black Pearl-Red,"September 2, 2025"
"Sunbridge Co., Ltd.",Just A Way Blue-Dark Blue Pearl,"September 2, 2025"
"Sunbridge Co., Ltd.",Just A Way Blue-Pink-White,"September 2, 2025"
"Sunbridge Co., Ltd.",Just A Way Purple-Steel Blue Pearl,"September 2, 2025"
"Sunbridge Co., Ltd.",Just A Way Red-White-Blue Pearl,"September 2, 2025"
"Sunbridge Co., Ltd.",Rilakkuma Spare Blue,"July 11, 2017"
"Sunbridge Co., Ltd.",Rilakkuma Spare Orange,"July 11, 2017"
"Sunbridge Co., Ltd.",Rilakkuma Spare Pink,"July 11, 2017"
"Sunbridge Co., Ltd.",Rilakkuma Spare Yellow,"July 11, 2017"
"Sunbridge Co., Ltd.",Sakura,"December 4, 2018"
"Sunbridge Co., Ltd.",Tigers Spare,"February 5, 2016"
"Sunbridge Co., Ltd.",Yokohama Baystars Spare,"March 27, 2018"
Sunrich,Gauntlet P,Jun-07
Superbowl,Redline,Dec-10
Swag,#YOLO,"September 19, 2017"
Swag,#YOLO Pearl,"April 17, 2018"
Swag,5 Board,"April 28, 2026"
Swag,Ace,"March 19, 2024"
Swag,Apex Pearl,"April 22, 2025"
Swag,Apex Solid,"April 9, 2025"
Swag,Archive,"July 11, 2023"
Swag,Archive 2.0,"July 8, 2025"
Swag,Archive Solid,"October 24, 2023"
Swag,Archive Unlimited,"August 6, 2024"
Swag,Assassin,"November 11, 2025"
Swag,Assassin Solid,"July 21, 2026"
Swag,Atomic Fusion Solid,"July 21, 2026"
Swag,Big Bro,"February 5, 2019"
Swag,Big Bro Assemble,"June 11, 2024"
Swag,Big Bro Big Guns,"April 26, 2022"
Swag,Big Bro Burn-Up,"April 7, 2020"
Swag,Big Bro Burn-Up LE,"December 27, 2022"
Swag,Big Bro Flexin,"August 6, 2019"
Swag,Big Bro Galaxy,"April 7, 2020"
Swag,Big Bro Jacked,"October 13, 2020"
Swag,Big Bro Jacked (Korean Alphabet),"October 13, 2020"
Swag,Big Bro K.O.,"September 28, 2021"
Swag,Big Bro Top Dog,"April 26, 2023"
Swag,(Black) Dragon,"September 24, 2024"
Swag,(Black) Dragon Hybrid,"March 24, 2026"
Swag,(Black) Dragon Pearl,"April 9, 2025"
Swag,Blizzard Glacier,"May 7, 2024"
Swag,Buffalo,"March 7, 2023"
Swag,Buzzer Beater,"May 3, 2022"
Swag,Buzzer Beater Purple,"March 11, 2025"
Swag,Buzzer Beater Red,"February 5, 2024"
Swag,Buzzer Beater Solid,"December 13, 2022"
Swag,Craze Hybrid,"March 11, 2025"
Swag,Craze Pearl,"September 17, 2024"
Swag,Craze Solid,"September 24, 2024"
Swag,Craze Tour Hybrid,"July 21, 2026"
Swag,Craze Tour Pearl,"September 9, 2025"
Swag,Craze Tour Solid,"September 9, 2025"
Swag,Dark Horse Pearl,"July 21, 2026"
Swag,Dragon Poly Cotton Candy,"October 28, 2025"
Swag,Dragon Poly Midnight,"October 28, 2025"
Swag,Dragon Poly Stained Glass,"October 28, 2025"
Swag,Dynamite,"January 12, 2021"
Swag,Dynamite Blaze,"April 26, 2023"
Swag,Dynamite Max,"April 19, 2022"
Swag,Dynamite War,"September 3, 2024"
Swag,Executioner,"April 28, 2026"
Swag,Fantasy (Orange Pin),"October 17, 2017"
Swag,Fantasy Daze,"June 22, 2021"
Swag,Fantasy Epic,"April 26, 2023"
Swag,Fantasy Moonlight,"December 23, 2024"
Swag,Fantasy Star,"October 9, 2018"
Swag,Fusion,"September 24, 2024"
Swag,Fusion Hybrid,"April 9, 2025"
Swag,Fusion Pearl,"September 9, 2025"
Swag,Geek Blue/Pink/Yellow,"March 23, 2021"
Swag,Geek Meme Black/Neon,"July 12, 2022"
Swag,Geek Meme White/Sky Blue,"July 12, 2022"
Swag,Geek Purple/Gold/Silver,"March 23, 2021"
Swag,Goat,"May 14, 2024"
Swag,Graffiti,"February 23, 2018"
Swag,Graffiti Artist,"April 26, 2023"
Swag,Graffiti I-CON,"July 28, 2020"
Swag,Graffiti King,"February 4, 2025"
Swag,Graffiti Pearl,"January 8, 2019"
Swag,Graffiti Pop,"August 3, 2021"
Swag,Graffiti Tracker,"August 2, 2022"
Swag,Graffiti Vandal,"January 20, 2026"
Swag,Hidden Joker,"January 21, 2025"
Swag,Hip Star (White Pin),"April 14, 2020"
Swag,Holic Orange/Blue/White,"March 12, 2019"
Swag,Holic Pink/Purple/Grey,"March 12, 2019"
Swag,Hype,"July 16, 2024"
Swag,Incredible!,"June 11, 2019"
Swag,Incredible! Boom,"May 22, 2026"
Swag,Incredible! Giant,"April 26, 2022"
Swag,Incredible! Hero,"February 4, 2020"
Swag,Incredible! Phenom,"April 26, 2023"
Swag,Incredible! Sweet!,"August 20, 2024"
Swag,Incredible! X Gold,"May 11, 2021"
Swag,Insanity Hybrid,"March 17, 2026"
Swag,Insanity Pearl,"April 14, 2026"
Swag,Jerk Hybrid,"December 13, 2022"
Swag,Jerk Pearl,"December 13, 2022"
Swag,Jerk Solid,"December 13, 2022"
Swag,Joker,"June 26, 2018"
Swag,Joker Maniac,"May 3, 2022"
Swag,Joker Wild,"March 30, 2021"
Swag,Judge,"September 24, 2024"
Swag,Judge Pearl,"March 11, 2025"
Swag,Judgement Hybrid,"October 14, 2025"
Swag,Mad Joker,"April 26, 2023"
Swag,No! Graffiti,"October 14, 2019"
Swag,Pure Fantasy,"April 19, 2022"
Swag,Royal Diamond,"April 26, 2023"
Swag,Serpent Hybrid,"October 28, 2025"
Swag,Serpent Solid,"August 4, 2026"
Swag,Shield Hybrid,"June 6, 2023"
Swag,Shield Pearl,"June 6, 2023"
Swag,Shield Solid,"June 6, 2023"
Swag,Show Me the Money,"October 29, 2019"
Swag,Show Me the Money Black,"August 31, 2021"
Swag,Show Me the Money Black/Purple/White,"January 27, 2026"
Swag,Silver Bell,"December 23, 2019"
Swag,Silver Surfer,"July 9, 2019"
Swag,Sparkling Hybrid,"October 24, 2023"
Swag,Sparkling Pearl,"October 24, 2023"
Swag,Sparkling Solid,"October 24, 2023"
Swag,Swagger,"November 8, 2018"
Swag,Swagger Bomb,"August 2, 2022"
Swag,Swagger Showoff,"December 22, 2021"
Swag,The Black Pearl Anchor,"July 12, 2022"
Swag,The Black Pearl Bloody Ocean,"April 4, 2023"
Swag,The Black Pearl Treasure,"January 25, 2022"
Swag,Unknown Pearl,"August 4, 2026"
Swag,Unknown Solid,"March 17, 2026"
Swag,Unreal,"September 24, 2024"
Swag,Unreal Solid,"September 9, 2025"
Swag,Virtue,"July 28, 2026"
Swag,Vulcan,"March 3, 2026"
Swag,Wiper (All Colors),"January 12, 2021"
Swag,XXX Mas,"September 27, 2022"
Swag,YOLO JOMO,"August 2, 2022"
Swag,YOLO Rocks!,"June 22, 2021"
Sweetrade,Sweet Blood,"May 6, 2025"
Synsheen (Star),Jupiter (Blue),Nov-95
Synsheen (Star),Saturn (Burg.),Nov-95
Tayoto,Comet,Nov-97
Tayoto,Shine,Nov-97
Track Inc.,**Mako Attack Red/Black/Magenta (Under 13 Lb. Only),"September 17, 2019"
Track Inc.,100P,May-11
Track Inc.,300A,May-12
Track Inc.,300C,Jun-10
Track Inc.,300C Solid,May-13
Track Inc.,300T,May-11
Track Inc.,400A Special Edition,Sep-13
Track Inc.,405A,Aug-12
Track Inc.,405C,Nov-10
Track Inc.,407C,Mar-11
Track Inc.,408A,Nov-11
Track Inc.,408A/C,Apr-13
Track Inc.,408C,Apr-10
Track Inc.,408C Encore,Jan-11
Track Inc.,408C Triple Crown,Dec-12
Track Inc.,502A,Feb-11
Track Inc.,503A,Feb-13
Track Inc.,503C,May-11
Track Inc.,503T,May-12
Track Inc.,505A,Sep-09
Track Inc.,505C,May-09
Track Inc.,505C²,Jun-13
Track Inc.,505C Special Edition,Mar-12
Track Inc.,505T,May-10
Track Inc.,508A,Dec-11
Track Inc.,607A Special Edition,Jun-10
Track Inc.,706A,May-12
Track Inc.,706C/A,Sep-13
Track Inc.,706T,May-13
Track Inc.,714C,Dec-12
Track Inc.,715A,May-09
Track Inc.,715C,Jan-10
Track Inc.,715T,Sep-10
Track Inc.,716C,Sep-11
Track Inc.,716T,Jan-12
Track Inc.,718A,Sep-10
Track Inc.,718A (Orange Pin),Jan-11
Track Inc.,811A Special Edition,Nov-11
Track Inc.,811C/T,Oct-12
Track Inc.,811C/T Solid,Sep-13
Track Inc.,812T,Nov-12
Track Inc.,910A,Jun-13
Track Inc.,911T,May-12
Track Inc.,912T,May-12
Track Inc.,916AT All Terrain,Oct-10
Track Inc.,916AT Teal/Purple/Burgundy,Apr-11
Track Inc.,919C,May-11
Track Inc.,920A,Nov-09
Track Inc.,920T,May-10
Track Inc.,930T,May-09
Track Inc.,ABS K.O Punch Pro,Nov-99
Track Inc.,Alias,"January 2, 2018"
Track Inc.,Alias Xpress,"June 5, 2018"
Track Inc.,Animal,Dec-'03
Track Inc.,Animal Untamed,April-'04
Track Inc.,Archetype,"January 24, 2023"
Track Inc.,Archetype Hybrid,"February 5, 2024"
Track Inc.,Archetype Red-Blue,"August 1, 2023"
Track Inc.,Archetype Rose/Sea,"October 8, 2024"
Track Inc.,Arsenal,Feb-'05
Track Inc.,Arsenal Aggressive,Jan-'05
Track Inc.,Arsenal Artillery,Feb-'06
Track Inc.,Arsenal Reactive,July-'05
Track Inc.,Assassin,Mar'00
Track Inc.,Avenger,Oct-'00
Track Inc.,Blue Heat,May-'05
Track Inc.,Boxing Glove,Aug-'00
Track Inc.,Code Red Special Edition,Dec-98
Track Inc.,Crash,Feb-'04
Track Inc.,Criterion,"October 8, 2024"
Track Inc.,Criterion Hybrid,"February 4, 2025"
Track Inc.,Criterion Inverse,"October 14, 2025"
Track Inc.,Critical Mass (Black/Smoke),"May 22, 2018"
Track Inc.,Critical Mass Code Red,Jul-94
Track Inc.,Critical Mass (Purple),Nov-'93
Track Inc.,Crunch,Feb-'03
Track Inc.,Crunch Time,Oct-'03
Track Inc.,Cyborg,"June 16, 2016"
Track Inc.,Cyborg (Yellow Pin),"June 16, 2016"
Track Inc.,Cyborg Pearl,"September 22, 2016"
Track Inc.,Cypher,"April 2, 2024"
Track Inc.,Cypher Pearl,"April 1, 2025"
Track Inc.,Darkside,Sept-'03
Track Inc.,Desert Heat,June-'05
Track Inc.,Domino,Jun-07
Track Inc.,Dry Heat,Oct-'03
Track Inc.,Elite Remix,April-'05
Track Inc.,Elite Revival,Jan-'05
Track Inc.,EMB,Feb-'01
Track Inc.,EMB Pearl,June-'01
Track Inc.,EMB XF,Sept-'01
Track Inc.,Enforcer,Dec-99
Track Inc.,Equation,July-'06
Track Inc.,Equation (Gold),Aug-14
Track Inc.,Equation 2,Dec-'06
Track Inc.,EZ Money,March-'02
Track Inc.,Flaming T Spare Ball,March-'06
Track Inc.,Flare (Copper),Aug-95
Track Inc.,Freak,July-'02
Track Inc.,Freak-A-Zoid,July-'04
Track Inc.,Freak Out,Oct-'02
Track Inc.,Freak Out Blue/Red/Silver,Apr-15
Track Inc.,Hx05,Jan-14
Track Inc.,Hx10,Jun-14
Track Inc.,Hx16,Jan-15
Track Inc.,Havoc,Jan-'04
Track Inc.,Heat 2 Pearl,May-'01
Track Inc.,Heat Black/Purple/Silver,Jan-12
Track Inc.,Heat Black/Purple/Silver (Orange Pin),Apr-12
Track Inc.,Heat Blast,Jan-'06
Track Inc.,Heat Burgundy,Feb-'05
Track Inc.,Heat Lava,"June 11, 2019"
Track Inc.,Heat Maroon Pearl,"November 19, 2015"
Track Inc.,Heat Ultraviolet,"October 12, 2021"
Track Inc.,Heat Wave,Nov-'06
Track Inc.,Heat X-Treme,"June 16, 2016"
Track Inc.,Heat X-Treme (Polished),"July 12, 2016"
Track Inc.,Hex Darkside,June-'03
Track Inc.,Hex-Plosion,June-'04
Track Inc.,Hex-Treme,Feb-'02
Track Inc.,In2ition,"September 17, 2019"
Track Inc.,In2ition Solid,"December 17, 2019"
Track Inc.,Inertia,July-'06
Track Inc.,Killer Project,Apr-12
Track Inc.,K.O. Champ,Oct-99
Track Inc.,K.O. Punch,Jan-99
Track Inc.,K.O. Punch Pro Edition,May-99
Track Inc.,Kinetic,Jun-07
Track Inc.,Kinetic Amethyst,"June 19, 2018"
Track Inc.,Kinetic Art,Jan-08
Track Inc.,Kinetic Black,Mar-09
Track Inc.,Kinetic Black Ice,"March 29, 2022"
Track Inc.,Kinetic Cobalt,"March 21, 2023"
Track Inc.,Kinetic Emerald,"December 15, 2016"
Track Inc.,Kinetic Energy,Jan-08
Track Inc.,Kinetic (EX),"November 2, 2021"
Track Inc.,Kinetic Gold,Nov-14
Track Inc.,Kinetic Obsidian,"October 15, 2019"
Track Inc.,Kinetic Pearl,Jun-08
Track Inc.,Kinetic Platinum,"February 2, 2021"
Track Inc.,Kinetic Power,Oct-09
Track Inc.,Kinetic Ruby,"June 13, 2017"
Track Inc.,Kinetic Ruby (Polished),"June 6, 2017"
Track Inc.,Kinetic Sapphire,"December 19, 2017"
Track Inc.,Kinetic Sapphire Ice,"April 7, 2026"
Track Inc.,Lx05,Jun-14
Track Inc.,Lx10,Jan-15
Track Inc.,Lx16,Jan-14
Track Inc.,Latitude,"February 18, 2020"
Track Inc.,Latitude Pearl,"October 6, 2020"
Track Inc.,Legion,Nov-'06
Track Inc.,Legion Cherry Silver,Sep-07
Track Inc.,Legion Cherry/Silver/Black,Nov-'06
Track Inc.,Legion Pearl,"June 15, 2021"
Track Inc.,Legion Purple/Teal/Red,Sep-07
Track Inc.,Legion Red/Black/Yellow,Jun-15
Track Inc.,Legion Solid,"October 22, 2015"
Track Inc.,Legion Solid Purple,"September 20, 2022"
Track Inc.,Logix,"August 8, 2017"
Track Inc.,Mx05,Jan-15
Track Inc.,Mx10,Jan-14
Track Inc.,Mx16,Jun-14
Track Inc.,MxPRO,Oct-14
Track Inc.,Machine,Feb-'06
Track Inc.,Mako,"December 15, 2016"
Track Inc.,Mako Attack,"July 25, 2017"
Track Inc.,Mako Critical,"January 30, 2018"
Track Inc.,Mako Strike,"November 14, 2017"
Track Inc.,Mako Pearl (Bite),"March 28, 2017"
Track Inc.,Mean Machine,July-'06
Track Inc.,Mo Jo,July-'02
Track Inc.,Money,Jan-'02
Track Inc.,Mutant,Jan-'03
Track Inc.,Mutant Joker,Dec-'04
Track Inc.,Mutant Mania,Aug-'04
Track Inc.,N. R. G.(Burnt Orange.),Feb-95
Track Inc.,Nuke,Mar-93
Track Inc.,Paradox,Jun-15
Track Inc.,Paradox Black,"October 17, 2017"
Track Inc.,Paradox Black Pearl,"March 1, 2016"
Track Inc.,Paradox Extreme,"April 11, 2017"
Track Inc.,Paradox Pearl,"December 17, 2015"
Track Inc.,Paradox Pearl (Sanded),"December 17, 2015"
Track Inc.,Paradox Red,"August 13, 2019"
Track Inc.,Paradox Red Pearl,"February 9, 2016"
Track Inc.,Paradox Return,"April 24, 2018"
Track Inc.,Paradox RV2,"May 3, 2016"
Track Inc.,Paradox RV3,"December 20, 2016"
Track Inc.,Paradox RV4,"March 7, 2017"
Track Inc.,Paradox Secret,"July 25, 2017"
Track Inc.,Paradox TX2,"June 14, 2016"
Track Inc.,Paradox TX3,"September 20, 2016"
Track Inc.,Paradox TX4,"February 14, 2017"
Track Inc.,Paradox Trilogy,"August 25, 2016"
Track Inc.,Paradox V,"September 18, 2018"
Track Inc.,Paragon,"December 14, 2021"
Track Inc.,Paragon (Battle),"August 27, 2024"
Track Inc.,Paragon Black Pearl,"February 11, 2025"
Track Inc.,Paragon (Charger),"January 27, 2026"
Track Inc.,Paragon (Fire),"June 2, 2026"
Track Inc.,Paragon Hybrid,"June 21, 2022"
Track Inc.,Paragon (Impact),"July 1, 2025"
Track Inc.,Paragon Pearl,"June 27, 2023"
Track Inc.,Paragon Red,"June 28, 2022"
Track Inc.,Paragon (SE),"May 16, 2023"
Track Inc.,Paragon (Shadow),"May 27, 2025"
Track Inc.,Paragon Solid,"September 13, 2022"
Track Inc.,Paragon (Weapon),"October 10, 2023"
Track Inc.,PBA Tour Racing,Oct-98
Track Inc.,Phenom,June-'03
Track Inc.,Phenom Unleashed,Sept-'03
Track Inc.,Phenom Unleashed 3.0,May-'05
Track Inc.,Phenom Unleashed II,June-'04
Track Inc.,Phoenix,Jan-07
Track Inc.,Phoenix Black/Orange/Yellow (AC),Jul-15
Track Inc.,Phoenix Blue/Silver/Red,Oct-12
Track Inc.,Phoenix - Fire Eagle,Feb-08
Track Inc.,Phoenix Forever,Apr-09
Track Inc.,Phoenix Newbrid,May-07
Track Inc.,Phoenix Newbrid Alpha,Sep-07
Track Inc.,Phoenix Newbrid Beta,Jun-08
Track Inc.,Phoenix Red/Black/Yellow,Sep-13
Track Inc.,Phoenix Silver/Yellow/Red (SF),Jul-15
Track Inc.,Power Machine,Sept-'06
Track Inc.,Power Machine Black/Red/Blue,Apr-15
Track Inc.,Precision,"July 17, 2018"
Track Inc.,Precision Black/Violet/Purple,"October 22, 2019"
Track Inc.,Precision Red,"April 23, 2019"
Track Inc.,Precision Solid,"December 18, 2018"
Track Inc.,Project,May-09
Track Inc.,Project Navy/Turquoise/Silver,Jan-11
Track Inc.,Proof,"February 18, 2020"
Track Inc.,Proof Hybrid,"December 15, 2020"
Track Inc.,Proof Pearl,"August 4, 2020"
Track Inc.,Race T 800,"November 6, 2018"
Track Inc.,Revmaster,Oct-'02
Track Inc.,Revmaster Magic,April-'03
Track Inc.,Rising,Aug-07
Track Inc.,Rising II,Sep-10
Track Inc.,Rising Again,Feb-08
Track Inc.,Rising HE,May-12
Track Inc.,Rising Particle,Dec-'08
Track Inc.,Rising Reboot,"May 8, 2018"
Track Inc.,Rising SE,Oct-'08
Track Inc.,Rising Star,Feb-09
Track Inc.,Rising Sun,Mar-08
Track Inc.,Robo Rule,Dec-'05
Track Inc.,Rule,July-'04
Track Inc.,Rule Blue/Gold,Jan-10
Track Inc.,Rule Delta 1,Aug-'05
Track Inc.,Rule GP2,Dec-'04
Track Inc.,Sensor,Dec-94
Track Inc.,Sensor X - Cell,Dec-96
Track Inc.,Sensor 2,Jul-95
Track Inc.,Sensor 2 Plus,Dec-95
Track Inc.,Sensor Pearl,"October 18, 2022"
Track Inc.,Sensor Solid,"September 19, 2023"
Track Inc.,Sensor/C,Apr-96
Track Inc.,Shark,Mar-91
Track Inc.,Shark Urethane (15-Lb. Only),"February 28, 2017"
Track Inc.,Sheer Havoc,April-'04
Track Inc.,Silencer,Jun'00
Track Inc.,Slash Blue,Oct-'04
Track Inc.,Slash red,Oct-'04
Track Inc.,Solution Power Plus,Aug-'05
Track Inc.,Solution Power Plus EX,Aug-'05
Track Inc.,Spare +,May-14
Track Inc.,Spare + Purple/Black/Blue,"May 9, 2017"
Track Inc.,Spell,Apr-'02
Track Inc.,Stealth,"May 24, 2022"
Track Inc.,Stealth (Armor),"September 2, 2025"
Track Inc.,Stealth Blue,"September 13, 2022"
Track Inc.,Stealth Hybrid,"June 25, 2024"
Track Inc.,Stealth Mode,"February 4, 2025"
Track Inc.,Stealth Mode Hybrid,"February 10, 2026"
Track Inc.,Stealth Pearl,"May 23, 2023"
Track Inc.,Stealth Red,"August 1, 2023"
Track Inc.,Stealth Scarlet,"June 18, 2024"
Track Inc.,Stomp,Apr-99
Track Inc.,Stomp Black,Jun'00
Track Inc.,Stomp Pearl,Dec-99
Track Inc.,Strata,"October 6, 2020"
Track Inc.,Strata Black Pearl,"November 2, 2021"
Track Inc.,Strata Hybrid,"May 4, 2021"
Track Inc.,Strike Machine,May-'06
Track Inc.,Super Freak,Jan-'03
Track Inc.,Super Freak Black/Red,Mar-11
Track Inc.,Super Freak Blue/Purple,May-'03
Track Inc.,Super Freak Purple/Orange,March-'03
Track Inc.,Super Rising,Feb-10
Track Inc.,Synergy ( Dark Green ),May-96
Track Inc.,Synergy (Green),Jan-96
Track Inc.,Synergy E.T.S.,Aug-96
Track Inc.,Synergy ETS Burgundy/Emerald/Blue,Dec-'04
Track Inc.,Synergy ETS Teal/Blue/Red,Jan-'05
Track Inc.,Synergy LF,April-'03
Track Inc.,Synthesis,"February 10, 2026"
Track Inc.,Synthesis Xenon,"August 25, 2026"
Track Inc.,Tactix,"August 14, 2018"
Track Inc.,Tactix Black,"April 23, 2019"
Track Inc.,Tactix Green,"October 8, 2019"
Track Inc.,Tactix Hybrid,"July 19, 2019"
Track Inc.,Tactix Red,"March 19, 2019"
Track Inc.,Tantrum,May-08
Track Inc.,Temper,Jul-07
Track Inc.,Tempo,"July 7, 2020"
Track Inc.,The Kinetic,Oct-12
Track Inc.,The Kinetic Hybrid,Sep-13
Track Inc.,The Kinetic Pearl,Feb-13
Track Inc.,Theorem,"November 7, 2023"
Track Inc.,Theorem 78D Urethane,"May 19, 2026"
Track Inc.,Theorem Black Pearl,"October 7, 2025"
Track Inc.,Theorem Black Pearl Urethane,"June 17, 2025"
Track Inc.,Theorem Black Urethane,"December 18, 2024"
Track Inc.,Theorem Black/Smoke,"April 23, 2024"
Track Inc.,Theorem Delta,"June 30, 2026"
Track Inc.,Theorem Pearl,"November 5, 2024"
Track Inc.,Theorem Purple-Black,"August 6, 2024"
Track Inc.,Theorem Red Pearl,"January 28, 2025"
Track Inc.,Theorem Solid,"June 24, 2025"
Track Inc.,Theorem Violet,"May 19, 2026"
Track Inc.,Thrash,March-'03
Track Inc.,Threat,Jan-'03
Track Inc.,TKO Contender,Feb-99
Track Inc.,Tour SiC,Oct-14
Track Inc.,Tour X,May-14
Track Inc.,Tour X Solid,May-15
Track Inc.,Track Magic,July-'01
Track Inc.,"Track Magic ""The Hex""",Sept-'01
Track Inc.,Track Spare,Dec-'08
Track Inc.,Triple Threat,June-'03
Track Inc.,Triton,Jan-97
Track Inc.,Triton TKO,Jul-98
Track Inc.,Triton Elite,Jan-98
Track Inc.,Triton Elite Pearl,Mar-98
Track Inc.,Triton Elite Purple Sparkle,"February 12, 2019"
Track Inc.,Triton Heat,Aug-97
Track Inc.,Triton Heat 2,Dec-'00
Track Inc.,Triton Hot Coral,May-97
Track Inc.,Tundra,"September 22, 2016"
Track Inc.,Tundra Blue Fire,"May 28, 2024"
Track Inc.,Tundra Fire,"March 21, 2023"
Track Inc.,Tundra Solid,"September 18, 2018"
Track Inc.,T-Shark,Oct-92
Track Inc.,T-Shark Black,"December 13, 2022"
Track Inc.,T-Shark Black/Purple/Mint,"May 16, 2023"
Track Inc.,T-Shark Black/Red/Orange,"April 13, 2021"
Track Inc.,T-Shark Pearl,"August 27, 2019"
Track Inc.,T-Shark Purple,"August 25, 2026"
Track Inc.,T-Shark Purple/Black,"February 12, 2019"
Track Inc.,T-Shark Red,"April 12, 2022"
Track Inc.,Ultra Heat,"January 2, 2018"
Track Inc.,Uprising,Jun-08
Track Inc.,Uprising Red/Gold/Blue,Jan-11
Track Inc.,Volcano,Oct-92
Track Inc.,Volcano R,Feb-94
Track Inc.,Voo Doo,Jan-'02
Track Inc.,Wizard LF,Dec-'01
Track Inc.,Xception,Nov-'04
Track Inc.,Xception 5.0,May-'05
Track Inc.,Xception 6.0,Apr-15
Twins Sports,Summit α Blue/Purple,Jan-10
UBB,Mirage X (15 lb. Only),"August 18, 2026"
Ultimatus International,Super Ultimatus,March-'04
Underground Bowling Association,Money Maker,Oct-10
US Act,70810,Mar-14
US Act,70 Plus 3,May-14
US Act,70 Plus One,Jul-12
US Act,70 Plus One Premium,Jan-13
US Act,Andromeda,Dec-10
US Act,Astro,Jan-08
US Act,Attack,Jan-'09
US Act,Bad,Jun-08
US Act,Bang,Apr-09
US Act,Blue Fire,Sep-11
US Act,Boom,Sep-07
US Act,Broken Arrow,Sep-07
US Act,Broken Arrow 70 Power,Apr-11
US Act,Broken Arrow 70 Special,Oct-09
US Act,Broken Arrow Final,Jan-12
US Act,Broken Arrow Level 3G,Nov-09
US Act,Broken Arrow Level 5F,Oct-10
US Act,Broken Arrow Level 6F,Mar-10
US Act,Broken Arrow Level 8E,Oct-09
US Act,Broken Arrow Level 8F,Oct-10
US Act,Broken Arrow Version 723,Jul-10
US Act,Caution,Sep-11
US Act,Control,Feb-'09
US Act,Control Chara,Apr-13
US Act,Control Chara Green,Nov-13
US Act,Control Cube Card,Nov-11
US Act,Control Cube Dice,Nov-11
US Act,Control Cube Slot,Nov-11
US Act,Control Earth,Sep-09
US Act,Control Fever,Jul-11
US Act,Control Flag,Feb-'09
US Act,Control Flag Nao,Oct-13
US Act,Control HD,Feb-'09
US Act,Control Saver,Feb-'09
US Act,Deep Caution,Dec-11
US Act,Deepspace,Jan-08
US Act,Fabulous #16,Apr-09
US Act,Fabulous 70,Feb-13
US Act,Galaxy Red Comet,Mar-11
US Act,Galaxy Regulus,May-07
US Act,Grace,Dec-'08
US Act,Greed,Jul-07
US Act,Greed Pearl,Aug-07
US Act,Gorba,Jan-14
US Act,Integral Starter,Jan-'09
US Act,Jade,Jul-11
US Act,Kick Off,May-08
US Act,Marvelous,Dec-'08
US Act,Megalodon,Feb-14
US Act,Monster Caution,Jul-13
US Act,New Era,Jul-08
US Act,New Era Almighty,Oct-09
US Act,New Era Almighty Power,Mar-10
US Act,New Era Pearl,Jun-08
US Act,Origin CE Power,Nov-'06
US Act,Origin CE Response,Nov-'06
US Act,Pandora,Mar-13
US Act,Paramount,April-'07
US Act,Paramount Pearl,April-'07
US Act,Penetration,May-08
US Act,Pleiades,Mar-08
US Act,Plus 10,Sep-07
US Act,Prevalence,Oct-12
US Act,Prevalence VB,Jan-13
US Act,Red Blitz,Mar-12
US Act,Regulus PBS,Jul-09
US Act,Regulus Rosso,Aug-07
US Act,Rise,April-'07
US Act,Rise Pearl,April-'07
US Act,Scorpio,Oct-'08
US Act,Strong Fire,Feb-11
US Act,Strong Heart,Jan-13
US Act,ST Swift,Jan-12
US Act,Swift,Nov-11
US Act,Taurus,Mar-09
US Act,The Untouchable,May-10
US Act,The X BRS,Jul-14
US Act,The X NBT,Oct-12
US Act,Wanted,May-10
US Act,Wanted Level 7E,Aug-10
US Act,Wanted Level 7G,Sep-10
US Act,X-Magnet,Jun-09
US Act,X-Magnet Spellbound,Jan-10
Vettex,Winners,Aug-96
VIA,Axe 1,July-'05
VIA,Black Hole,Jan-'05
VIA,Chaos,Aug-'06
VIA,Devil,Jan-08
VIA,Keone International,April-'06
VIA,Mystery,Jul-13
VIA,Myth Hera,Apr-07
VIA,Myth Warrior,Jul-09
VIA,Myth Zeus,Nov-'06
VIA,Pageant,Dec-11
VIA,Planet EX Blue/Orange/Green,April-'04
VIA,Planet EX Purple/White/Green,April-'04
VIA,Rail Gun,May-08
VIA,Rectangle,June-'04
VIA,Skyfolk Green/Orange,April-'04
VIA,Skyfolk Red/Yellow,April-'04
VIA,Spin Along,Dec-11
VIA,Spindle,Dec-11
VIA,Superstar,Feb-'06
VIA,Triple Stone,April-'06
VIA,Vaguelette,Sep-11
VIA,Victoire,Dec-11
VIA Trading,Summit,Jul-09
Vision-X,Cranium,Aug-07
Vision-X,Cranium Brain,Dec-10
Vision-X,Cranium Tribe,Aug-08
Vision-X,Dice,Jun-09
Vision-X,Eye Ball,Aug-10
Vision-X,Fire Ball,Jun-08
Vision-X,Flag Ball,Nov-11
Vision-X,Flames,Aug-07
Vision-X,Globe,Aug-07
Vision-X,Pig,Aug-07
Vision-X,Poker Ball,May-11
Vision-X,Pyramid Ball,Nov-11
Vision-X,Reach 2,Aug-07
Vision-X,Red Dice,Aug-11
Vision-X,Star Strips,Jun-12
Vision-X,Strawberry,Aug-07
Vision-X,Winking Star,Jul-09
Vision-X,World,May-09
Visionary,Amulet,Oct-97
Visionary,Centaur,April-'04
Visionary,Centaur AMB,Dec-'04
Visionary,Centaur AMB Particle,Jan-'05
Visionary,Centaur AMB Solid,Jan-'05
Visionary,Charcoal Executioner,Oct-'01
Visionary,Clear Gargoyle,Feb-'03
Visionary,Executioner Red Pearl,Dec-'00
Visionary,G-3 Gryphon,Nov-'03
Visionary,Gargoyle,Feb'00
Visionary,Gargoyle Burg.,Aug-'00
Visionary,Gargoyle Granite,Aug-'00
Visionary,Gladiator,Feb-08
Visionary,Gladiator Empire,Dec-14
Visionary,Gladiator Pearl,Feb-08
Visionary,Gladiator Pearl Limited Edition,Dec-09
Visionary,Gladiator Rage,Apr-14
Visionary,Gladiator Wrath,Jan-13
Visionary,Gladiator Wrath Black,Jun-13
Visionary,Gladiator Wrath Black Pearl,Jun-13
Visionary,Glowing Amulet,Aug-'01
Visionary,Gryphon,Oct-'02
Visionary,Gryphon Burgundy Particle,April-'03
Visionary,Gryphon Frankie May Signature,Feb-'05
Visionary,Gryphon Special Edition,Apr-14
Visionary,Hatchling,Sep-09
Visionary,Immortal AMB Pearl,Jan-'05
Visionary,Immortal AMB Solid,Jan-'05
Visionary,Mixed Breed,Aug-11
Visionary,Mixed Breed Crossover,Nov-12
Visionary,Mixed Breed Pearl,Nov-11
Visionary,New Breed Crossover,Sep-10
Visionary,New Breed Particle Pearl,Sep-09
Visionary,New Breed Pearl,Nov-'08
Visionary,New Breed Solid,Nov-'08
Visionary,Ogre,Nov-'06
Visionary,Ogre Particle,Jul-08
Visionary,Ogre Purple/Black,Jan-07
Visionary,Ogre Silver/Blue,Jan-07
Visionary,Ogre Urethane,Nov-'08
Visionary,Purple Ice Executioner,June-'02
Visionary,Raven,Mar-15
Visionary,Raven Attack,Aug-15
Visionary,Raven Invasion,Aug-15
Visionary,Samurai,Nov-13
Visionary,Scorcher,Apr-99
Visionary,Scorcher NPT,Oct-99
Visionary,Scorcher R,Aug-99
Visionary,Scorcher RU,Aug-99
Visionary,Scorcher RW,Aug-99
Visionary,Slate Blue Gargoyle,July-'03
Visionary,Sorcerer,Mar-97
Visionary,"Sorcerer "" B""",Apr-97
Visionary,"Sorcerer "" C""",Apr-97
Visionary,"Sorcerer "" D""",Apr-97
Visionary,Spartan,Oct-10
Visionary,The Classic,Apr-12
Visionary,The Crow,"July 12, 2016"
Visionary,Violet Gargoyle,July-'04
Visionary,Warlock,Mar-97
Visionary,"Warlock "" A """,Nov-97
Visionary,"Warlock "" B """,Nov-97
Visionary,"Warlock "" D """,Nov-97
Visionary,Warlock DC (Purple Pearl),Jun-98
Visionary,Warlock DC Tour Edition,Sep-98
Visionary,Warlock XV,Feb-13
Visionary,Warlock XV Pearl,Aug-13
VPS300,NS-1,Nov-'02
Winsome Industrial,Winsome Maple Leaf,March-'03
X-ATK,Demon No. 1,"April 1, 2025"
X-ATK,UX Urethane,"August 19, 2025"
X-Calibur Bowling,X-Rated,April-'04
Xtreme Bowling,Electric,May-12
Xtreme Bowling,Electric AC,Aug-12
Yellow Jacket,Attack,Nov-10
Yellow Jacket,Enemy,Jul-11
Yue An,Atlanta,Jun-11
Yue An,Chicago,Jul-11
Yue An,Las Vegas (All Colors),Jul-11
Yue An,Los Angeles,Jul-11
Yue An,"New York, New York (All Colors)",Jul-11
Yue An,Washington DC,Jul-11
